round,train_loss,train_accuracy,test_loss,test_accuracy,test_perplexity,num_fit_clients,num_fit_examples,run_completed
1,3.609143106860874,0.17480680937895593,nan,nan,nan,10,52927,False
2,3.1490964292292305,0.1863650772087126,nan,nan,nan,10,88332,False
3,3.13257073887375,0.18278570432681135,nan,nan,nan,10,43034,False
4,3.025902015147475,0.20707052108267354,nan,nan,nan,10,54310,False
5,2.9469479898411546,0.22498743688530476,nan,nan,nan,10,41789,False
6,2.8931855477760955,0.2343371932250259,nan,nan,nan,10,46288,False
7,2.830257509595464,0.24010163499779055,nan,nan,nan,10,45260,False
8,2.771076481571382,0.251436726192772,nan,nan,nan,10,51854,False
9,2.7265488957073165,0.2630560007616992,nan,nan,nan,10,63017,False
10,2.6570913759083434,0.2772539558015956,2.703889218224197,0.27686198111793797,14.937714930249998,10,67559,False
11,2.6059156879162395,0.28313175854939343,nan,nan,nan,10,54653,False
12,2.540809218558098,0.2935063506900533,nan,nan,nan,10,54561,False
13,2.4820494496548435,0.30639698241022284,nan,nan,nan,10,51962,False
14,2.460515473309868,0.31896551724137934,nan,nan,nan,10,36772,False
15,2.440393105202304,0.3255215462957893,nan,nan,nan,10,36526,False
16,2.39395033399964,0.3346169602621876,nan,nan,nan,10,48820,False
17,2.3609317096493148,0.34825766678856906,nan,nan,nan,10,38282,False
18,2.3066811084345877,0.3560639825682167,nan,nan,nan,10,40386,False
19,2.291461128357706,0.3616890048630056,nan,nan,nan,10,42155,False
20,2.252799841242677,0.37220450409908235,2.2759905782182517,0.37061666416903943,9.737560051555906,10,51109,False
21,2.1955594476527915,0.38422138698503944,nan,nan,nan,10,54276,False
22,2.188731669305889,0.3821881290462978,nan,nan,nan,10,36762,False
23,2.171164395472793,0.38716094368737103,nan,nan,nan,10,53789,False
24,2.1378141165595625,0.39459041731066463,nan,nan,nan,10,45290,False
25,2.1051908932864394,0.4046244068403617,nan,nan,nan,10,44676,False
26,2.049050868986134,0.4129098122926286,nan,nan,nan,10,43099,False
27,2.038569239957025,0.4130155237097822,nan,nan,nan,10,75433,False
28,2.0441711580636386,0.42249885268471776,nan,nan,nan,10,34864,False
29,1.9703313417165023,0.4320026207245708,nan,nan,nan,10,67157,False
30,1.9646364206197164,0.4318027520657052,1.9781080357374217,0.4288550876667166,7.229052928902307,10,60391,False
31,1.944602861514694,0.43974304068522485,nan,nan,nan,10,58375,False
32,1.9328886661799454,0.44649435705514295,nan,nan,nan,10,34202,False
33,1.904964098641728,0.45188975462263054,nan,nan,nan,10,42995,False
34,1.8640014982920865,0.4596268899480927,nan,nan,nan,10,70703,False
35,1.876943392576161,0.4550587799685273,nan,nan,nan,10,43212,False
36,1.8412926751027363,0.46274205273940916,nan,nan,nan,10,60524,False
37,1.8133460318334294,0.4692597957005641,nan,nan,nan,10,52472,False
38,1.8122976003395954,0.4699846267294929,nan,nan,nan,10,80009,False
39,1.789276913939354,0.4780569855752077,nan,nan,nan,10,39238,False
40,1.7552351947460492,0.48558126467460017,1.8066666793308748,0.4732316799040911,6.090113260492415,10,49831,False
41,1.7801232180163717,0.4798069750803002,nan,nan,nan,10,65691,False
42,1.7826325237441456,0.48019705868077467,nan,nan,nan,10,41206,False
43,1.7255498880491675,0.49204572820897846,nan,nan,nan,10,70591,False
44,1.7378711337231332,0.48645186503973253,nan,nan,nan,10,46058,False
45,1.7573002481289177,0.4854254201680672,nan,nan,nan,10,60928,False
46,1.691548721979915,0.49994722286727605,nan,nan,nan,10,47369,False
47,1.7564670691653912,0.4864179262234436,nan,nan,nan,10,37844,False
48,1.69264695058622,0.4981855046060268,nan,nan,nan,10,68063,False
49,1.703138410790383,0.4948377410786465,nan,nan,nan,10,43295,False
50,1.7390856331311693,0.491940831420556,1.7274757507017808,0.4909523452719916,5.626433447303849,10,39210,False
51,1.6673951959114075,0.5073378920814229,nan,nan,nan,10,63029,False
52,1.7051241432927584,0.4939701563734478,nan,nan,nan,10,67083,False
53,1.6754921519305317,0.5042146268459625,nan,nan,nan,10,45437,False
54,1.6494097059857773,0.5083627550715097,nan,nan,nan,10,66844,False
55,1.6680531145395858,0.503838202247191,nan,nan,nan,10,55625,False
56,1.6820226064867208,0.5033013078257925,nan,nan,nan,10,47254,False
57,1.6314612325409805,0.5156106383609571,nan,nan,nan,10,67454,False
58,1.6530403989605784,0.5112816991219895,nan,nan,nan,10,40774,False
59,1.6124135431725497,0.521376992921999,nan,nan,nan,10,55948,False
60,1.6172562095863703,0.5164754810109227,1.6481938588821101,0.5087479394575154,5.197583774666625,10,65643,False
61,1.5864437541831617,0.5269453449032458,nan,nan,nan,10,70643,False
62,1.5807891413256958,0.5249717549100026,nan,nan,nan,10,64613,False
63,1.568864756199566,0.5314777733279936,nan,nan,nan,10,49940,False
64,1.5752895054667362,0.5295748613678374,nan,nan,nan,10,44362,False
65,1.6043264646684494,0.5198657901528838,nan,nan,nan,10,65867,False
66,1.5198700796922162,0.542941192130554,nan,nan,nan,10,75126,False
67,1.635139939110624,0.5142824562403786,nan,nan,nan,10,35078,False
68,1.6020465306899778,0.5221047041642696,nan,nan,nan,10,45194,False
69,1.5931459086154005,0.5280932456664674,nan,nan,nan,10,46844,False
70,1.6002669437801114,0.5243619489559165,1.6069583867454786,0.5192941705379889,4.987617728980329,10,70253,False
71,1.573406645646292,0.5285497813134966,nan,nan,nan,10,58074,False
72,1.5531352266333287,0.532493201379349,nan,nan,nan,10,71338,False
73,1.5192087082238075,0.544117954616752,nan,nan,nan,10,47815,False
74,1.5438741288563216,0.5373150565709313,nan,nan,nan,10,64344,False
75,1.563994038560643,0.529754465185663,nan,nan,nan,10,49606,False
76,1.5223626002771935,0.5414069456812111,nan,nan,nan,10,79733,False
77,1.5187298567039564,0.541380395933258,nan,nan,nan,10,53999,False
78,1.4683724211887734,0.5534337011606132,nan,nan,nan,10,94519,False
79,1.5522328256225209,0.5368574656373565,nan,nan,nan,10,21244,False
80,1.5225623286494885,0.539473320240104,1.5539318677386869,0.5341113442229881,4.7300315266658846,10,72302,False
81,1.5407038269378992,0.5391011105296819,nan,nan,nan,10,34398,False
82,1.496945528879278,0.5453144266337855,nan,nan,nan,10,77856,False
83,1.5197929736663993,0.5410327134679835,nan,nan,nan,10,33717,False
84,1.503213631555875,0.5430354544758405,nan,nan,nan,10,52236,False
85,1.450032468474077,0.5608607775532042,nan,nan,nan,10,84110,False
86,1.4818915766567817,0.5518450637149496,nan,nan,nan,10,69293,False
87,1.4895832567473823,0.5498973664672228,nan,nan,nan,10,45794,False
88,1.4436133194461795,0.5611385685520777,nan,nan,nan,10,43704,False
89,1.4966395055067934,0.5482089450788472,nan,nan,nan,10,58848,False
90,1.5110880644861424,0.5429801139760092,1.5711787187336768,0.5273490184324892,4.812317220484998,10,50186,False
91,1.4490162706242764,0.5583396226415094,nan,nan,nan,10,86125,False
92,1.513240115518016,0.5423815099526549,nan,nan,nan,10,39286,False
93,1.4910948606909138,0.5501735159817351,nan,nan,nan,10,54750,False
94,1.4863958716900367,0.5503416568247005,nan,nan,nan,10,47416,False
95,1.4650036351921607,0.5526858927874156,nan,nan,nan,10,71708,False
96,1.4338017734860724,0.5666115918083395,nan,nan,nan,10,45998,False
97,1.46228932785149,0.5553720679428418,nan,nan,nan,10,29672,False
98,1.4199005961454665,0.5664702351053013,nan,nan,nan,10,81623,False
99,1.441728387272122,0.5615753022237256,nan,nan,nan,10,56167,False
100,1.454053607812286,0.5591928831678041,1.548332210854042,0.5378952495129626,4.703618992643254,10,54069,False
101,1.478605304531365,0.5525787590540187,nan,nan,nan,10,45836,False
102,1.4436047193161456,0.5621533222059245,nan,nan,nan,10,59313,False
103,1.3975473115649588,0.5721935495235243,nan,nan,nan,10,56771,False
104,1.4554176850263576,0.5570632963773988,nan,nan,nan,10,57997,False
105,1.4978154786842448,0.5516231455630372,nan,nan,nan,10,36534,False
106,1.4471749472817,0.5604792258659089,nan,nan,nan,10,65105,False
107,1.4420360259170013,0.5623522869456415,nan,nan,nan,10,57544,False
108,1.4251470886149251,0.5704309987567343,nan,nan,nan,10,48260,False
109,1.4394263569009367,0.5638227513227513,nan,nan,nan,10,45360,False
110,1.447705538605392,0.5625936422549958,1.5159642102388575,0.5429716769069384,4.553809840758454,10,55397,False
111,1.4037882550490004,0.573185684726799,nan,nan,nan,10,52196,False
112,1.4530029565402458,0.5616254285979057,nan,nan,nan,10,43164,False
113,1.4603656447100122,0.5599024674284883,nan,nan,nan,10,54956,False
114,1.5022118123526724,0.5516259390849176,nan,nan,nan,10,36871,False
115,1.4478133843621799,0.5617826157245245,nan,nan,nan,10,37114,False
116,1.4452990179473728,0.5605876334433698,nan,nan,nan,10,51801,False
117,1.3978180324057996,0.57134235709975,nan,nan,nan,10,81193,False
118,1.3660549452070743,0.5805415086388538,nan,nan,nan,10,94920,False
119,1.3634180879366178,0.583040491620901,nan,nan,nan,10,56629,False
120,1.3906736315341557,0.5747246984792869,1.5032135090441356,0.546437134722014,4.496114183901471,10,66745,False
121,1.4095534296997567,0.5695995809388817,nan,nan,nan,10,64907,False
122,1.4319387550014135,0.566884691403305,nan,nan,nan,10,49077,False
123,1.3692915011280438,0.5801201369187944,nan,nan,nan,10,75081,False
124,1.4081655248809843,0.5728464419475655,nan,nan,nan,10,26700,False
125,1.345799940753146,0.5865417967395075,nan,nan,nan,10,83607,False
126,1.4229270301348365,0.5720135602322693,nan,nan,nan,10,29793,False
127,1.334696021383641,0.5893289090119704,nan,nan,nan,10,64492,False
128,1.3453975458239154,0.5878249941088681,nan,nan,nan,10,63655,False
129,1.4129489207797858,0.5712030371943542,nan,nan,nan,10,53207,False
130,1.4121262727046264,0.5690648567119155,1.5093006895307692,0.5460062940206803,4.523566310685626,10,66300,False
131,1.4053984337723056,0.5725456621004567,nan,nan,nan,10,52560,False
132,1.3580530000167896,0.5864131722340677,nan,nan,nan,10,50652,False
133,1.411759219917028,0.570374424780555,nan,nan,nan,10,49329,False
134,1.3343518349101064,0.5900257389141288,nan,nan,nan,10,57889,False
135,1.3224695908334723,0.59186686524639,nan,nan,nan,10,77215,False
136,1.4267678197625642,0.5670295804178139,nan,nan,nan,10,39587,False
137,1.4055678268901244,0.5734614846265105,nan,nan,nan,10,42866,False
138,1.355666155757306,0.5837805417008649,nan,nan,nan,10,63356,False
139,1.4014715594470666,0.5735909348918368,nan,nan,nan,10,47567,False
140,1.3219438972562367,0.5915534716197964,1.491199450712234,0.5501648433987711,4.442420789445448,10,91067,False
141,1.290314520771828,0.6019857335646809,nan,nan,nan,10,72618,False
142,1.3068407291640902,0.5999606969736669,nan,nan,nan,10,61064,False
143,1.3760393733147596,0.5771175300819037,nan,nan,nan,10,59338,False
144,1.3087845018398887,0.6006802205027058,nan,nan,nan,10,79092,False
145,1.4038377654302139,0.576209208266386,nan,nan,nan,10,36098,False
146,1.360595019098833,0.584050721265705,nan,nan,nan,10,51576,False
147,1.2787074667396614,0.6096524131032758,nan,nan,nan,10,51987,False
148,1.3443776984538007,0.585646152962133,nan,nan,nan,10,52209,False
149,1.3907902232298452,0.5773814100099947,nan,nan,nan,10,52028,False
150,1.393790823252451,0.5741691138128825,1.531368388365756,0.5490409111344223,4.624500607444663,10,36437,False
151,1.2602199645004835,0.6093546057050169,nan,nan,nan,10,78913,False
152,1.2610992469278441,0.6141634787751105,nan,nan,nan,10,54111,False
153,1.2721123031557713,0.6093197851271762,nan,nan,nan,10,77255,False
154,1.3663333590729625,0.5845947843694378,nan,nan,nan,10,61239,False
155,1.4492810689517435,0.5679728171077653,nan,nan,nan,10,32079,False
156,1.3236357264160077,0.5942340509320031,nan,nan,nan,10,60944,False
157,1.2929926764981232,0.601038976115158,nan,nan,nan,10,68914,False
158,1.3746907000511084,0.5803505307331523,nan,nan,nan,10,40510,False
159,1.452579404941424,0.5626768921756596,nan,nan,nan,10,32859,False
160,1.3177687779696485,0.5970973132310696,1.529899395317862,0.5446201108946501,4.617712235458713,10,53261,False
161,1.288632497182393,0.603646251051427,nan,nan,nan,10,51121,False
162,1.2268702256982271,0.6213624716423757,nan,nan,nan,10,122542,False
163,1.3921062940642428,0.5776902646762524,nan,nan,nan,10,54595,False
164,1.3267925773961202,0.5933903917036296,nan,nan,nan,10,80035,False
165,1.4409743592154356,0.5676070829046407,nan,nan,nan,10,36934,False
166,1.3858289210562906,0.5783163126485154,nan,nan,nan,10,55129,False
167,1.4290572769280296,0.5661883758584111,nan,nan,nan,10,53733,False
168,1.3550784143368115,0.5883325661876267,nan,nan,nan,10,58659,False
169,1.3605702877613837,0.5823839315113599,nan,nan,nan,10,60740,False
170,1.3557508607335993,0.589558436764638,1.5146649554449991,0.5457253109545931,4.547897123387477,10,43346,False
171,1.3993575711173978,0.5745453794868619,nan,nan,nan,10,48447,False
172,1.4354005285188567,0.5686411937598915,nan,nan,nan,10,44230,False
173,1.4013611193646196,0.5743029882932841,nan,nan,nan,10,51936,False
174,1.3577059416657764,0.5855849557831452,nan,nan,nan,10,57218,False
175,1.455531752754203,0.5628885238509357,nan,nan,nan,10,31047,False
176,1.4104131966481965,0.5703690623344517,nan,nan,nan,10,45304,False
177,1.3692262082181432,0.582101272070536,nan,nan,nan,10,44573,False
178,1.3059022108444704,0.5976657123981501,nan,nan,nan,10,54492,False
179,1.2985180124052762,0.6021494676087172,nan,nan,nan,10,60294,False
180,1.3003409864360056,0.59810285214843,1.5040786268827924,0.5542297317548329,4.500005535482737,10,77801,False
181,1.3309453660162072,0.5926332314860143,nan,nan,nan,10,59239,False
182,1.2483222339156683,0.6138412717243016,nan,nan,nan,10,67436,False
183,1.2588945916634897,0.6097742495658646,nan,nan,nan,10,72558,False
184,1.3711488069334412,0.5784736599953991,nan,nan,nan,10,34776,False
185,1.3440060363779724,0.5894955944723539,nan,nan,nan,10,63897,False
186,1.4042398422723152,0.5730469853828962,nan,nan,nan,10,38927,False
187,1.3977529961629205,0.5766943241060284,nan,nan,nan,10,40857,False
188,1.319423559676562,0.5952168992832894,nan,nan,nan,10,66275,False
189,1.254318468842139,0.6112053514274741,nan,nan,nan,10,62488,False
190,1.3585030703970962,0.585528286668971,1.5201902489567132,0.5505207552824817,4.573095138965721,10,43395,False
191,1.357972667031241,0.584389400921659,nan,nan,nan,10,45136,False
192,1.3137425370327787,0.5957053452087991,nan,nan,nan,10,80053,False
193,1.2693444657876058,0.6066789872959665,nan,nan,nan,10,77377,False
194,1.236014661859719,0.617890520694259,nan,nan,nan,10,63665,False
195,1.3209238475662979,0.5930345155837122,nan,nan,nan,10,60929,False
196,1.2894760135524945,0.6018378887841659,nan,nan,nan,10,63660,False
197,1.3401442511124302,0.5921225382932166,nan,nan,nan,10,34275,False
198,1.3599937612185893,0.5851779053405106,nan,nan,nan,10,44771,False
199,1.364212872976326,0.5812212322948974,nan,nan,nan,10,50621,False
200,1.3744881994969285,0.5802485814644691,1.498871481331074,0.5522441180878166,4.47663425331802,10,44412,False
201,1.2095787445028199,0.6238937430529174,nan,nan,nan,10,71073,False
202,1.3662507337511456,0.5835882867132867,nan,nan,nan,10,27456,False
203,1.3495307053133654,0.5873709293089754,nan,nan,nan,10,47842,False
204,1.3120481884262285,0.5986104783599089,nan,nan,nan,10,43900,False
205,1.323901429415629,0.5943838531621999,nan,nan,nan,10,60148,False
206,1.1791494149579735,0.6346350360242663,nan,nan,nan,10,77309,False
207,1.3467226219216621,0.587631892834205,nan,nan,nan,10,54495,False
208,1.2788091417091374,0.6103764645072364,nan,nan,nan,10,46432,False
209,1.329044380704656,0.5956881133078745,nan,nan,nan,10,41374,False
210,1.252432064909423,0.6126086147415435,1.5237760319446099,0.5494530196313502,4.589522700951298,10,69857,False
211,1.2559006397629733,0.6113469585784462,nan,nan,nan,10,65956,False
212,1.2846642013491518,0.6045227097767514,nan,nan,nan,10,51960,False
213,1.2134775477496451,0.6265847665847666,nan,nan,nan,10,61050,False
214,1.235790861314465,0.617692062963019,nan,nan,nan,10,66007,False
215,1.241864892279004,0.6153094364587719,nan,nan,nan,10,66508,False
216,1.2344935035680393,0.6158071442977305,nan,nan,nan,10,84291,False
217,1.1937627131007715,0.6274976734001204,nan,nan,nan,10,73068,False
218,1.2237752140163738,0.6255114453168197,nan,nan,nan,10,54258,False
219,1.2439116153815672,0.6174536058256989,nan,nan,nan,10,59598,False
220,1.2012997250633015,0.6256699352892136,1.53592307528652,0.5513075078675258,4.64561180081836,10,75567,False
221,1.2505268352609211,0.6151668102917641,nan,nan,nan,10,56861,False
222,1.144419897659465,0.6444516600373407,nan,nan,nan,10,73914,False
223,1.3699071808918448,0.5866431124106563,nan,nan,nan,10,49248,False
224,1.4292149373824468,0.5716920806689622,nan,nan,nan,10,32528,False
225,1.2287590023523938,0.6219027263463976,nan,nan,nan,10,80474,False
226,1.195139019786985,0.6291581740568396,nan,nan,nan,10,78009,False
227,1.292543069001552,0.6002739362877215,nan,nan,nan,10,67899,False
228,1.1989636671333939,0.6264471163452159,nan,nan,nan,10,85083,False
229,1.1797566664374666,0.6378665981969646,nan,nan,nan,10,70104,False
230,1.2203579018176771,0.6215452728263923,1.5699196330578846,0.5460437584294919,4.806261913680303,10,60533,False
231,1.1920281041192755,0.6317806009276064,nan,nan,nan,10,54549,False
232,1.189579582077766,0.6312009155846718,nan,nan,nan,10,76017,False
233,1.1870663850593648,0.6331950514852952,nan,nan,nan,10,80994,False
234,1.3461995270426719,0.5921366756192181,nan,nan,nan,10,53616,False
235,1.1939465616241212,0.6335808048203142,nan,nan,nan,10,55764,False
236,1.263142845043296,0.6116181266807804,nan,nan,nan,10,69908,False
237,1.2104272493680837,0.6265758044896605,nan,nan,nan,10,72344,False
238,1.2262326788341966,0.6223013118418731,nan,nan,nan,10,67996,False
239,1.3486861915441766,0.5922376237623762,nan,nan,nan,10,50500,False
240,1.17061840407197,0.6397396351978238,1.5535429660551876,0.5502959688296118,4.7281923670914665,10,82346,False
241,1.2496880043576435,0.6195445697802584,nan,nan,nan,10,42641,False
242,1.190679596843213,0.6367092913890057,nan,nan,nan,10,49971,False
243,1.4778384127577222,0.5638927812683633,nan,nan,nan,10,22123,False
244,1.3887653709447887,0.583586968774659,nan,nan,nan,10,26613,False
245,1.2788043144921317,0.6088907367946919,nan,nan,nan,10,57723,False
246,1.2215202298357402,0.6220268788161535,nan,nan,nan,10,61089,False
247,1.2416446600483952,0.6257964430162336,nan,nan,nan,10,36098,False
248,1.3859776032619011,0.5857208739263273,nan,nan,nan,10,34694,False
249,1.236858826567344,0.6170694136901896,nan,nan,nan,10,62322,False
250,1.3285334730689977,0.5969513234470499,1.5582935423860302,0.5460812228383036,4.750707443288987,10,41067,False
251,1.2999552803853474,0.607018710515975,nan,nan,nan,10,33083,False
252,1.3835863798968089,0.5796202628167654,nan,nan,nan,10,39343,False
253,1.2561639541503458,0.6121056215480064,nan,nan,nan,10,66085,False
254,1.2736625466599187,0.6083023881715668,nan,nan,nan,10,58706,False
255,1.2742369655138437,0.607767116816264,nan,nan,nan,10,61387,False
256,1.3658381153166774,0.584757054451781,nan,nan,nan,10,33773,False
257,1.4126913852908247,0.5758196721311475,nan,nan,nan,10,21960,False
258,1.33574006120171,0.5937895012998163,nan,nan,nan,10,41929,False
259,1.1409211709508245,0.6436384260134497,nan,nan,nan,10,74054,False
260,1.3732354664615094,0.5851243938133088,1.5507774673515078,0.5447699685298966,4.715134621141393,10,34849,False
261,1.1599083672093844,0.6405210643015521,nan,nan,nan,10,57728,False
262,1.3041596891252387,0.5966582996416869,nan,nan,nan,10,52189,False
263,1.2163077487464247,0.6250187631341939,nan,nan,nan,10,53296,False
264,1.2618068800280062,0.6128987031195233,nan,nan,nan,10,57060,False
265,1.270981513355501,0.6115377966562122,nan,nan,nan,10,40493,False
266,1.1931461758208124,0.6319294879916023,nan,nan,nan,10,55253,False
267,1.26929329108809,0.6118995176624753,nan,nan,nan,10,35867,False
268,1.2030396416332516,0.6339663305139883,nan,nan,nan,10,49184,False
269,1.2729537767078414,0.6077670810356108,nan,nan,nan,10,42796,False
270,1.1781915708674955,0.6370490417136415,1.5717723269914912,0.5491158399520456,4.815174699754039,10,56768,False
271,1.2210626774044966,0.6241396486143814,nan,nan,nan,10,44168,False
272,1.284193306699751,0.6115366264031541,nan,nan,nan,10,39821,False
273,1.1927114212756178,0.6312731114632858,nan,nan,nan,10,53004,False
274,1.2601419833713012,0.6162334238228229,nan,nan,nan,10,51203,False
275,1.137923868238913,0.647697830076649,nan,nan,nan,10,74104,False
276,1.391245345818893,0.5851201895948539,nan,nan,nan,10,35444,False
277,1.2352300126622453,0.6190259444697315,nan,nan,nan,10,57122,False
278,1.257799056130163,0.6132580716459527,nan,nan,nan,10,58817,False
279,1.3255550355562515,0.59989756284946,nan,nan,nan,10,46858,False
280,1.2769315426953511,0.6092345588427976,1.5759228061704322,0.5441518057845047,4.8352015137763615,10,38161,False
281,1.1964932700191016,0.6260190263619908,nan,nan,nan,10,73477,False
282,1.1491759892227147,0.6445107333052724,nan,nan,nan,10,54643,False
283,1.286870336372796,0.6058889442231076,nan,nan,nan,10,48192,False
284,1.1091112759573978,0.652896419075635,nan,nan,nan,10,70708,False
285,1.3107814178577162,0.6045206745943189,nan,nan,nan,10,31367,False
286,1.3348952999627488,0.5955438066465257,nan,nan,nan,10,45016,False
287,1.260209709694039,0.6138102254607108,nan,nan,nan,10,49543,False
288,1.1389012649813042,0.649892785501833,nan,nan,nan,10,57828,False
289,1.1194468712552714,0.6551054700882588,nan,nan,nan,10,61297,False
290,1.2767113467316025,0.6106779947382395,1.5933102681578573,0.5425970328188221,4.920008549263339,10,41431,False
291,1.244126067458842,0.6202840605313931,nan,nan,nan,10,43019,False
292,1.2032677692858869,0.6270260462865898,nan,nan,nan,10,49604,False
293,1.3463558084103457,0.5904604188002528,nan,nan,nan,10,45893,False
294,1.1714599856368928,0.6422910322129116,nan,nan,nan,10,52867,False
295,1.1794472354022372,0.6387030365414308,nan,nan,nan,10,64119,False
296,1.1952229944381167,0.6310076016671051,nan,nan,nan,10,72221,False
297,1.099393308517231,0.6565934776424341,nan,nan,nan,10,77334,False
298,1.2611418610644978,0.611639349712424,nan,nan,nan,10,60158,False
299,1.2574353262424198,0.6134775184974388,nan,nan,nan,10,43925,False
300,1.0640363333430367,0.6688878026190538,1.6201334593447183,0.5425595684100105,5.0537647436896185,10,77738,False
301,1.3044096517636865,0.60310970514504,nan,nan,nan,10,33508,False
302,1.0888115522478308,0.6647767857142857,nan,nan,nan,10,67200,False
303,1.3957130036318246,0.5838388282993369,nan,nan,nan,10,31817,False
304,1.221841809179178,0.6244163956595936,nan,nan,nan,10,62114,False
305,1.1747983715761547,0.6328785099288976,nan,nan,nan,10,74681,False
306,1.1166005252955222,0.6597429160862589,nan,nan,nan,10,56713,False
307,1.2467279093746952,0.6149615658927015,nan,nan,nan,10,63095,False
308,1.1871075574891177,0.6350466539401617,nan,nan,nan,10,56051,False
309,1.336393474106025,0.5967098580383025,nan,nan,nan,10,40363,False
310,1.2427187443258425,0.6197336394039539,1.6142566587441547,0.5428592836805035,5.024151875696721,10,50533,False
311,1.2969986466693988,0.6096008054963279,nan,nan,nan,10,33768,False
312,1.3200663509104007,0.5976647725910474,nan,nan,nan,10,41709,False
313,1.2032019987307672,0.6290270670400051,nan,nan,nan,10,62142,False
314,1.2520293250753545,0.6134039912531274,nan,nan,nan,10,50761,False
315,1.2054404881959084,0.6309635093563574,nan,nan,nan,10,58837,False
316,1.2568965748139749,0.6161623124468647,nan,nan,nan,10,43521,False
317,1.1557931513644513,0.6432225924803932,nan,nan,nan,10,59418,False
318,1.1724775935659506,0.6341529061864966,nan,nan,nan,10,74307,False
319,1.3832003246113447,0.5849156234186267,nan,nan,nan,10,45451,False
320,1.2015486876280708,0.630357281252422,1.6028350206859892,0.5414543683500674,4.967094297208465,10,51612,False
321,1.2986860296780887,0.6122599445283151,nan,nan,nan,10,28483,False
322,1.2678645990975197,0.6112229555821717,nan,nan,nan,10,39241,False
323,1.125827205424287,0.6516481723237598,nan,nan,nan,10,61280,False
324,1.2896573525558745,0.607549736439381,nan,nan,nan,10,47048,False
325,1.2552129880666556,0.6169032658443876,nan,nan,nan,10,51564,False
326,1.2067347304398963,0.6287905438682896,nan,nan,nan,10,56852,False
327,1.1951968089404523,0.6328982549957782,nan,nan,nan,10,56848,False
328,1.3237748094494135,0.5985795664718503,nan,nan,nan,10,40551,False
329,1.344840325520952,0.59151612219422,nan,nan,nan,10,42457,False
330,1.0448714428618038,0.6720328052371566,1.579290721363952,0.5474112093511164,4.851513515719212,10,82182,False
331,1.1864236516901736,0.633174477098226,nan,nan,nan,10,67986,False
332,1.1200819320192097,0.6591721031376204,nan,nan,nan,10,51504,False
333,1.1888074822476993,0.635707741639945,nan,nan,nan,10,52392,False
334,1.1610961505431483,0.6428048077072973,nan,nan,nan,10,64147,False
335,1.4015795390345627,0.5843354430379747,nan,nan,nan,10,25280,False
336,1.2316783520286796,0.6197628039956232,nan,nan,nan,10,56662,False
337,1.1557450244867993,0.6395299355134373,nan,nan,nan,10,61098,False
338,1.3084042679812704,0.6013164193393968,nan,nan,nan,10,41780,False
339,1.1929011901860973,0.628396360710528,nan,nan,nan,10,64628,False
340,1.1210484847011375,0.6475318675677988,1.6042306515010387,0.5431964633598082,4.974031366738915,10,81823,False
341,1.3026918396356129,0.6103551921398791,nan,nan,nan,10,30941,False
342,1.1168078558794883,0.6540757468966212,nan,nan,nan,10,69521,False
343,1.1530633405471553,0.643226865294786,nan,nan,nan,10,71289,False
344,1.0219197086208134,0.6833468963033125,nan,nan,nan,10,74959,False
345,1.1846730533591419,0.6389319274805321,nan,nan,nan,10,49697,False
346,1.0887409407266793,0.661616498698525,nan,nan,nan,10,74915,False
347,1.115288768078915,0.6516372654004396,nan,nan,nan,10,70972,False
348,1.137865521617544,0.6499645778321633,nan,nan,nan,10,46581,False
349,1.4341426665598827,0.574811161989746,nan,nan,nan,10,25551,False
350,1.2781075230613612,0.613822810541345,1.6485299490996248,0.5388880563464709,5.199330925311678,10,41323,False
351,1.401734255424161,0.5840641850191646,nan,nan,nan,10,30786,False
352,1.2632052139069414,0.6120539676903959,nan,nan,nan,10,56330,False
353,1.0889717860810095,0.6603932584269663,nan,nan,nan,10,64080,False
354,1.2538080111739254,0.6142829532276769,nan,nan,nan,10,51740,False
355,1.086699114829411,0.6629584439819134,nan,nan,nan,10,83598,False
356,1.4394957174641028,0.5767519970951344,nan,nan,nan,10,22032,False
357,1.2732226961072595,0.6158504655875054,nan,nan,nan,10,43923,False
358,1.1002933551011704,0.662168898933165,nan,nan,nan,10,60178,False
359,0.9664456565495053,0.6983004782055252,nan,nan,nan,10,116268,False
360,1.1765692647444435,0.6423781553155732,1.6875106912135864,0.5337554323392777,5.40600672160472,10,60097,False
361,1.2741205193093215,0.6111636517294806,nan,nan,nan,10,49697,False
362,1.2806858602134352,0.6103648643549787,nan,nan,nan,10,53006,False
363,1.0745060401935524,0.6664655915302228,nan,nan,nan,10,81230,False
364,1.277537731849287,0.6138277986753744,nan,nan,nan,10,43333,False
365,1.173855102064882,0.6374327150546851,nan,nan,nan,10,58334,False
366,1.0588877397767116,0.6756647808620954,nan,nan,nan,10,71941,False
367,1.3680787608049643,0.5905045492142267,nan,nan,nan,10,30225,False
368,1.1820358162377227,0.6374893833871241,nan,nan,nan,10,58870,False
369,1.276647574991693,0.6094858867730645,nan,nan,nan,10,62282,False
370,1.134573053897316,0.6505782173799873,1.6401143216593734,0.5421849243218942,5.155758893456548,10,53786,False
371,1.3177800997157123,0.606732783908367,nan,nan,nan,10,35795,False
372,1.1723975908481128,0.6383295910479626,nan,nan,nan,10,54334,False
373,1.42773346956781,0.5768456773073433,nan,nan,nan,10,25343,False
374,1.0726788749157656,0.6662312302201872,nan,nan,nan,10,74255,False
375,1.3368153737729704,0.5941625777732814,nan,nan,nan,10,39538,False
376,1.085742391036554,0.6598938614908989,nan,nan,nan,10,60487,False
377,1.2682433424626416,0.6127934598840071,nan,nan,nan,10,46727,False
378,1.292591628871342,0.6100509999426967,nan,nan,nan,10,34902,False
379,1.2918612981623039,0.6084955255963924,nan,nan,nan,10,42799,False
380,1.1952128180165018,0.6292644634586703,1.6146783725300347,0.5410422598531395,5.026271076621773,10,63695,False
381,1.3177049728352805,0.5984677241903542,nan,nan,nan,10,49991,False
382,1.2432671095140826,0.6151701160664168,nan,nan,nan,10,55227,False
383,1.2338129418175123,0.6242353985793212,nan,nan,nan,10,40544,False
384,1.1308830556086387,0.6470746150809317,nan,nan,nan,10,63325,False
385,1.1266109092549736,0.6470403069866443,nan,nan,nan,10,66713,False
386,1.0980497974839267,0.6582442398496596,nan,nan,nan,10,63323,False
387,1.223962602110921,0.6246292896483547,nan,nan,nan,10,42486,False
388,1.1881615487094244,0.6374504385437944,nan,nan,nan,10,49938,False
389,1.1233824046808931,0.6522753285136839,nan,nan,nan,10,69023,False
390,1.1498288870801159,0.6445936691523361,1.6292942316300254,0.541491832758879,5.1002738360400235,10,52568,False
391,1.247815091078664,0.614641975308642,nan,nan,nan,10,40500,False
392,1.1633824795110561,0.6414373088685015,nan,nan,nan,10,37932,False
393,1.1110037087133442,0.6506001895335369,nan,nan,nan,10,75976,False
394,1.0987812280638838,0.6561647845445162,nan,nan,nan,10,64909,False
395,1.2524396035918108,0.6185474803230093,nan,nan,nan,10,39132,False
396,1.101057421943027,0.6612056807373151,nan,nan,nan,10,60978,False
397,1.1160817428322132,0.6572733095056091,nan,nan,nan,10,48403,False
398,1.1874086596858768,0.633795341811427,nan,nan,nan,10,48989,False
399,1.3204500204563414,0.6064277515623008,nan,nan,nan,10,31364,False
400,1.1079041882777547,0.656842196556858,1.6661461708732546,0.533418252659973,5.291735007726776,10,69181,False
401,1.317597921257149,0.5987105974627885,nan,nan,nan,10,33659,False
402,1.0451577367940668,0.6747745022549775,nan,nan,nan,10,72728,False
403,1.073263416773412,0.6715484096469766,nan,nan,nan,10,57220,False
404,1.1072328792184478,0.6586382151799395,nan,nan,nan,10,53518,False
405,1.135669981273424,0.6502332140145352,nan,nan,nan,10,55314,False
406,1.0873146452609062,0.6663146989680041,nan,nan,nan,10,50194,False
407,1.1377651073478938,0.6452715006676957,nan,nan,nan,10,57661,False
408,1.108253681662758,0.6528928649996334,nan,nan,nan,10,81822,False
409,1.2017861065701476,0.6317680099275031,nan,nan,nan,10,45933,False
410,1.1974013756924287,0.6344473612036202,1.6652862197649312,0.539581147909486,5.287186330442282,10,51046,False
411,1.0941049989829965,0.6591215612355991,nan,nan,nan,10,61541,False
412,1.265706784337783,0.613194215459984,nan,nan,nan,10,42458,False
413,1.0919997066481284,0.6593418727915195,nan,nan,nan,10,63392,False
414,1.3504912745443591,0.595180888309192,nan,nan,nan,10,29134,False
415,1.152592933414271,0.645842689420671,nan,nan,nan,10,62348,False
416,1.1968561276012268,0.6364765368579792,nan,nan,nan,10,56365,False
417,1.0949378628644684,0.6618721541774029,nan,nan,nan,10,56662,False
418,1.0517665255639401,0.6725706884661318,nan,nan,nan,10,59451,False
419,1.0868309006283008,0.6655314890732431,nan,nan,nan,10,61958,False
420,1.0640470854771553,0.6776362210897687,1.6897853782790435,0.5367338528398022,5.41831769166402,10,51020,False
421,1.144100346205046,0.6494777830343171,nan,nan,nan,10,54958,False
422,1.0442798033987866,0.6736550067213912,nan,nan,nan,10,69926,False
423,1.2461804847287685,0.6255108941750713,nan,nan,nan,10,34009,False
424,1.0420511644602102,0.6797796881639591,nan,nan,nan,10,61186,False
425,1.170327096676058,0.6462830926893209,nan,nan,nan,10,50351,False
426,1.0482789100942493,0.683416114257001,nan,nan,nan,10,51743,False
427,1.1023762648822948,0.6607269127421864,nan,nan,nan,10,63639,False
428,0.9933017386946242,0.6900816225575068,nan,nan,nan,10,76817,False
429,1.0073579763215281,0.6911203170028818,nan,nan,nan,10,55520,False
430,1.0568427103701235,0.6786238724564716,1.7114267914830772,0.536546530795744,5.536855783195292,10,66738,False
431,0.9910155791635163,0.6990788446526152,nan,nan,nan,10,64050,False
432,0.9979169110134282,0.6926993252295924,nan,nan,nan,10,82102,False
433,1.027132555240723,0.6916977428851816,nan,nan,nan,10,50950,False
434,1.0997501246739125,0.6654643530252811,nan,nan,nan,10,61548,False
435,1.1948579751593684,0.6363244382695348,nan,nan,nan,10,62619,False
436,1.0431232079349955,0.68260555017131,nan,nan,nan,10,73259,False
437,0.9329735340344145,0.7243759531262541,nan,nan,nan,10,49836,False
438,1.3149459851879357,0.6072057646116894,nan,nan,nan,10,37470,False
439,1.1360660673758236,0.6524266501565026,nan,nan,nan,10,58146,False
440,0.973760296749347,0.700740646149917,1.7670737041020061,0.5306646186123183,5.853698619440585,10,78310,False
441,1.2463411977153012,0.6312125698879583,nan,nan,nan,10,45251,False
442,1.0231469102961779,0.6904959166765298,nan,nan,nan,10,67592,False
443,1.3150182044102727,0.6086329145416096,nan,nan,nan,10,40195,False
444,1.0006004176196155,0.6889757050421194,nan,nan,nan,10,81910,False
445,1.2792816974441696,0.6164405246494798,nan,nan,nan,10,44220,False
446,1.064628161939208,0.6734752755178581,nan,nan,nan,10,69324,False
447,1.2721832987068875,0.6191960921869722,nan,nan,nan,10,38487,False
448,1.1928126246900814,0.6370446671036614,nan,nan,nan,10,53395,False
449,1.1106828002364757,0.6566874027993779,nan,nan,nan,10,66872,False
450,1.321943796132873,0.6038123308851953,1.7239483525759096,0.5358159748239173,5.606621738940288,10,41392,False
451,1.1404257425024762,0.646521919513207,nan,nan,nan,10,57848,False
452,1.07923755009521,0.6682977079577647,nan,nan,nan,10,54362,False
453,1.1714769494363066,0.6415526046986721,nan,nan,nan,10,48950,False
454,1.1606872112733262,0.6417018397396655,nan,nan,nan,10,62074,False
455,1.2444989868527938,0.6212411129641008,nan,nan,nan,10,56965,False
456,1.178482089774008,0.6345612781900083,nan,nan,nan,10,68597,False
457,1.3408488799357459,0.6002407842687612,nan,nan,nan,10,34886,False
458,1.073528142003751,0.6617009520571234,nan,nan,nan,10,94112,False
459,1.1721037381500559,0.6382987309081372,nan,nan,nan,10,49563,False
460,1.2143965314834355,0.6275019602987908,1.7120140912238757,0.5295406863479695,5.54010853223744,10,48462,False
461,1.0487735489379173,0.6754767923554402,nan,nan,nan,10,75557,False
462,1.024551540394085,0.6840832594140734,nan,nan,nan,10,82297,False
463,1.1315927816743976,0.6494521010466865,nan,nan,nan,10,65158,False
464,1.185202338886647,0.6355987168475117,nan,nan,nan,10,57047,False
465,1.13701270455532,0.6519558320483508,nan,nan,nan,10,56421,False
466,1.3000141681859574,0.6134997688395747,nan,nan,nan,10,34608,False
467,1.0819102034110724,0.6614425685522746,nan,nan,nan,10,89202,False
468,1.2034703359239305,0.6344814157760373,nan,nan,nan,10,46222,False
469,1.2884520892173403,0.6094789733375583,nan,nan,nan,10,44182,False
470,1.1229233266722496,0.6493702926287196,1.7160499867659789,0.5322755881912183,5.562513012224732,10,64792,False
471,1.1758261953106526,0.6404499478387082,nan,nan,nan,10,44094,False
472,1.1827028355256788,0.6340046974035585,nan,nan,nan,10,62162,False
473,1.0759139607243224,0.6686099297558178,nan,nan,nan,10,62781,False
474,1.1895178546669256,0.6373581328619373,nan,nan,nan,10,39033,False
475,0.9274774561449383,0.7155824087093317,nan,nan,nan,10,71831,False
476,1.0622073696752685,0.6701989741277268,nan,nan,nan,10,70964,False
477,1.2975467003829158,0.6144782688428388,nan,nan,nan,10,43624,False
478,1.3838073555572603,0.5931696612261692,nan,nan,nan,10,36455,False
479,1.3030189185712646,0.6062409722568113,nan,nan,nan,10,40154,False
480,1.242704194692322,0.6263607093575919,1.7156768474696047,0.5328000899145812,5.560437807227623,10,39134,False
481,1.1025260703316007,0.655236670101783,nan,nan,nan,10,70837,False
482,1.0385257736778621,0.6879996769765,nan,nan,nan,10,49532,False
483,1.2052289520116668,0.6370977812929276,nan,nan,nan,10,48046,False
484,1.2416919904695878,0.6207510233137569,nan,nan,nan,10,44952,False
485,1.1335078143797381,0.6478335233751426,nan,nan,nan,10,87700,False
486,1.1128754868083246,0.6596195197216158,nan,nan,nan,10,60923,False
487,1.3815194524642265,0.5927853031800476,nan,nan,nan,10,34402,False
488,1.2685927258666458,0.6191063507519203,nan,nan,nan,10,46215,False
489,1.1971507276337368,0.6314646207884642,nan,nan,nan,10,64911,False
490,1.180016379062523,0.6350354508343479,1.7425264642993568,0.5252697437434437,5.71175575588703,10,55852,False
491,1.3709421193004243,0.5998844284306061,nan,nan,nan,10,29419,False
492,1.211348006796504,0.6292496122026887,nan,nan,nan,10,61888,False
493,1.2417917224573083,0.6227261786045872,nan,nan,nan,10,58162,False
494,1.5280361950606138,0.5561986621841749,nan,nan,nan,10,28853,False
495,1.1353948461290209,0.6521362633771751,nan,nan,nan,10,61205,False
496,1.1758350173621548,0.6379162810191572,nan,nan,nan,10,57263,False
497,1.1680464451644328,0.6404678901725778,nan,nan,nan,10,69418,False
498,1.1536102292342134,0.6421876113764345,nan,nan,nan,10,56116,False
499,1.3493673608520267,0.5955300927998091,nan,nan,nan,10,33513,False
500,1.1043859942749923,0.6556087760777156,1.6885578073912897,0.536452869773715,5.41167040344863,10,81631,False
501,1.151362571936087,0.6594274948976921,nan,nan,nan,10,38218,False
502,1.3328917607485251,0.597041650447645,nan,nan,nan,10,38535,False
503,1.1637685173091286,0.6433330689299596,nan,nan,nan,10,50428,False
504,1.2576817300818885,0.6159705327300425,nan,nan,nan,10,43981,False
505,1.2263550750947,0.6191467784463525,nan,nan,nan,10,73955,False
506,1.2965404362549522,0.6077994866691111,nan,nan,nan,10,38182,False
507,1.5250706002015637,0.5638441464950958,nan,nan,nan,10,22226,False
508,1.1698908790039384,0.6331206819701359,nan,nan,nan,10,71792,False
509,1.211599681122765,0.6311778192934783,nan,nan,nan,10,47104,False
510,1.2013979959114274,0.6394232313176402,1.6727420854618502,0.5308332084519706,5.32675420471711,10,31139,False
511,1.1742876662907022,0.6419373692049547,nan,nan,nan,10,53041,False
512,1.1869644190291933,0.6291084582169164,nan,nan,nan,10,59055,False
513,1.0458788559400667,0.671039013389404,nan,nan,nan,10,91789,False
514,1.0242173941757948,0.678959827919776,nan,nan,nan,10,83217,False
515,1.2502567688693016,0.621318790282598,nan,nan,nan,10,40340,False
516,1.5001480602751782,0.5635561814408538,nan,nan,nan,10,26984,False
517,1.3337998895957748,0.6016062756817333,nan,nan,nan,10,37478,False
518,1.1709194903721134,0.6348131753677907,nan,nan,nan,10,61448,False
519,1.212573099115192,0.6288608123629529,nan,nan,nan,10,47885,False
520,1.3447392761603154,0.5965507751582424,1.6769117347736435,0.5348980968080324,5.34901127155589,10,32703,False
521,1.2029613423547856,0.6279096789186258,nan,nan,nan,10,51638,False
522,1.1536147661354128,0.6385408543453773,nan,nan,nan,10,57705,False
523,1.260475288614428,0.618186346231672,nan,nan,nan,10,32123,False
524,1.0852371695881593,0.6612562519590608,nan,nan,nan,10,73377,False
525,1.088226874688198,0.662530807927344,nan,nan,nan,10,59238,False
526,1.1934614431336135,0.638628132160544,nan,nan,nan,10,40587,False
527,1.1905653262638918,0.6391058135817692,nan,nan,nan,10,43794,False
528,1.0697777642288757,0.6737724306092949,nan,nan,nan,10,68489,False
529,0.9487149818492685,0.7045508906653238,nan,nan,nan,10,79435,False
530,1.2692702514580216,0.6180591947868487,1.7253933085792161,0.533212198411509,5.614728916527121,10,43889,False
531,1.2253429914940535,0.6250709320470988,nan,nan,nan,10,56392,False
532,0.9468637350136797,0.7047358358206902,nan,nan,nan,10,72701,False
533,1.0856317195259024,0.6619066205467099,nan,nan,nan,10,74299,False
534,1.0075647360913897,0.6854278844525721,nan,nan,nan,10,88587,False
535,1.0754767654589361,0.6687113601236476,nan,nan,nan,10,62112,False
536,1.291415469036627,0.6147066722003858,nan,nan,nan,10,40961,False
537,1.0463070766776799,0.6840622590138651,nan,nan,nan,10,63541,False
538,0.9305248768600959,0.711524199725238,nan,nan,nan,10,82253,False
539,0.9149601493442318,0.7179287882152638,nan,nan,nan,10,81054,False
540,1.1429387808503355,0.656554844182336,1.813084084109068,0.5261126929417054,6.129321655942061,10,49513,False
541,1.1399811222349072,0.6456085226425696,nan,nan,nan,10,87203,False
542,1.1462274298180988,0.6493664115856167,nan,nan,nan,10,48612,False
543,1.2836558833539868,0.612389905987135,nan,nan,nan,10,50525,False
544,1.2092027926869517,0.6305269424350116,nan,nan,nan,10,55433,False
545,1.1647878430633545,0.6466714230832555,nan,nan,nan,10,54663,False
546,1.1306192008054183,0.6560956350882348,nan,nan,nan,10,54457,False
547,0.9955440633183354,0.6885815124898631,nan,nan,nan,10,87551,False
548,1.0359851786851138,0.6824102906891436,nan,nan,nan,10,61337,False
549,0.9790257603871212,0.7024035681836954,nan,nan,nan,10,72642,False
550,1.3913820484045472,0.5964057264696924,1.806679311192377,0.5282106998351566,6.090190190445537,10,32830,False
551,1.2300790043914136,0.6385645503986277,nan,nan,nan,10,51301,False
552,1.2657889363947865,0.618334067871309,nan,nan,nan,10,52187,False
553,1.1240404799171801,0.6561532265282377,nan,nan,nan,10,55865,False
554,1.1686476683494442,0.6489293849658314,nan,nan,nan,10,43900,False
555,1.3374292851790055,0.6009750332397695,nan,nan,nan,10,47383,False
556,1.2222721690813863,0.6225114717803132,nan,nan,nan,10,56007,False
557,1.0988473437855497,0.6677238773635592,nan,nan,nan,10,57699,False
558,1.2290232036345938,0.6213360855695252,nan,nan,nan,10,53290,False
559,0.919523959744058,0.714562657330517,nan,nan,nan,10,103683,False
560,1.3192262003904467,0.6120345656827251,1.7689321872874677,0.5314139067885508,5.864587735382803,10,37841,False
561,1.2133895010805198,0.6289668480800832,nan,nan,nan,10,66331,False
562,1.1073056874386025,0.6621236901084258,nan,nan,nan,10,49527,False
563,1.20022207224473,0.6328474434469221,nan,nan,nan,10,62154,False
564,1.3380697626479594,0.6003736571695469,nan,nan,nan,10,42820,False
565,1.2631313974706653,0.6195454811690974,nan,nan,nan,10,34146,False
566,1.1764292274531685,0.6425205402659285,nan,nan,nan,10,57083,False
567,1.1858899659574527,0.637330915416073,nan,nan,nan,10,54041,False
568,1.2568600150402436,0.6220022404608948,nan,nan,nan,10,43741,False
569,1.1155731705091796,0.6567243812605418,nan,nan,nan,10,58102,False
570,1.1299917625595641,0.6479706924916471,1.7341351771701246,0.5315263000149858,5.664027304956406,10,58961,False
571,1.4349162798798283,0.5766518123442927,nan,nan,nan,10,28499,False
572,1.1014844568353688,0.6576919193618954,nan,nan,nan,10,59426,False
573,1.2047774388236892,0.6328963323952685,nan,nan,nan,10,43707,False
574,1.0962299220322476,0.6674645323758945,nan,nan,nan,10,40107,False
575,1.2658978350177954,0.6123068557705379,nan,nan,nan,10,44138,False
576,1.076127395707394,0.6784271421621507,nan,nan,nan,10,47277,False
577,1.1281961177919915,0.6521324231079791,nan,nan,nan,10,54492,False
578,1.1443884594976101,0.6604026577009285,nan,nan,nan,10,49968,False
579,1.2677971238400798,0.6215055294508519,nan,nan,nan,10,42138,False
580,1.120860163062788,0.6470675093024629,1.730808330800568,0.530083920275738,5.6452152660123955,10,67724,False
581,1.2471097307487489,0.6204255945806642,nan,nan,nan,10,40743,False
582,1.0721013664742318,0.6679873727612421,nan,nan,nan,10,62088,False
583,1.1839250835089024,0.6347495549246981,nan,nan,nan,10,41566,False
584,1.3043815113983042,0.6087771229937811,nan,nan,nan,10,36823,False
585,1.0799758240937443,0.6684185843427074,nan,nan,nan,10,61837,False
586,1.2084749435860007,0.6292864167850508,nan,nan,nan,10,45755,False
587,1.0907659658718964,0.6574731336395403,nan,nan,nan,10,91006,False
588,1.1814948518878134,0.6387230018911118,nan,nan,nan,10,40188,False
589,1.134830489084596,0.6489745064213149,nan,nan,nan,10,52170,False
590,1.01172469605092,0.6866087218271437,1.7268883844338738,0.532818822118987,5.623129640455612,10,79731,False
591,1.0668169304346602,0.6721230728816063,nan,nan,nan,10,60907,False
592,0.94141626528561,0.7001667268258306,nan,nan,nan,10,116358,False
593,1.3928174197401206,0.5901131509440115,nan,nan,nan,10,30667,False
594,1.0481265977890513,0.6727989487516426,nan,nan,nan,10,76100,False
595,1.2450564335796896,0.623069590085796,nan,nan,nan,10,47205,False
596,1.1817032573911757,0.6467306629140072,nan,nan,nan,10,39794,False
597,1.195458759589047,0.6343204090328078,nan,nan,nan,10,46940,False
598,1.0942792348859258,0.6646688234292525,nan,nan,nan,10,58730,False
599,1.105627251780558,0.6690626797009775,nan,nan,nan,10,48692,False
600,1.1136230558743125,0.6592611595690098,1.7942662720699531,0.5265435336430391,6.015059684995632,10,58470,False
601,1.2410580708471646,0.627158997445998,nan,nan,nan,10,46202,False
602,1.373856769372148,0.5924575016026704,nan,nan,nan,10,45237,False
603,1.206953683865678,0.6304255527613574,nan,nan,nan,10,61238,False
604,1.2744786424900894,0.6162443458785297,nan,nan,nan,10,45542,False
605,1.1809667723563693,0.634029543855852,nan,nan,nan,10,73924,False
606,1.2809548187826065,0.6108851976933857,nan,nan,nan,10,43527,False
607,1.3877838732189534,0.5854923529695566,nan,nan,nan,10,41454,False
608,1.1388708647347157,0.6439869668246445,nan,nan,nan,10,67520,False
609,1.1295324283367683,0.6472208312468704,nan,nan,nan,10,71892,False
610,1.202036808897421,0.6331458734152238,1.7191233914348294,0.5305147609770717,5.57963516385971,10,40542,False
611,1.143769224135239,0.644021833605674,nan,nan,nan,10,57526,False
612,1.1632804853280974,0.6388685823539335,nan,nan,nan,10,53349,False
613,1.2495690013312728,0.6150918984740668,nan,nan,nan,10,52558,False
614,1.4202509883060135,0.5783328733094121,nan,nan,nan,10,36230,False
615,1.2000542362098345,0.6318545835424532,nan,nan,nan,10,45827,False
616,1.325345049676912,0.602523967912346,nan,nan,nan,10,30666,False
617,1.3574209855666226,0.5902212779188475,nan,nan,nan,10,38594,False
618,1.2041283089024142,0.6274412651224246,nan,nan,nan,10,48438,False
619,1.2257331179913917,0.6194205827859188,nan,nan,nan,10,59370,False
620,1.3063759180254888,0.6012156565881462,1.6831063995399915,0.526150157350517,5.382249446600799,10,44914,False
621,1.1940097356672241,0.631315840811549,nan,nan,nan,10,41008,False
622,1.2277152085753043,0.62633799039329,nan,nan,nan,10,41013,False
623,1.1683575370446033,0.6378303559842554,nan,nan,nan,10,46238,False
624,1.2752178550111513,0.6125163949784523,nan,nan,nan,10,48033,False
625,1.189664251497097,0.6338681397409551,nan,nan,nan,10,53041,False
626,1.6019165867677618,0.5425733898057543,nan,nan,nan,10,13694,False
627,1.119278430883132,0.6486527361177628,nan,nan,nan,10,79346,False
628,1.224337159710995,0.6209744144602851,nan,nan,nan,10,62848,False
629,1.1455319315150054,0.6413070549753432,nan,nan,nan,10,60227,False
630,1.2729813711111029,0.6128894488458007,1.6964653709133795,0.5317136220590439,5.454633172467039,10,46829,False
631,1.2687321254778081,0.6080628765526988,nan,nan,nan,10,40333,False
632,1.2711363550564734,0.6138305941845765,nan,nan,nan,10,39550,False
633,1.0857919733532577,0.6604960079135166,nan,nan,nan,10,70765,False
634,1.1410071582162469,0.6537298758756298,nan,nan,nan,10,40685,False
635,1.2605942830050703,0.6118089954428373,nan,nan,nan,10,50470,False
636,1.1123625279254141,0.6545790623424634,nan,nan,nan,10,59510,False
637,1.1539155446023563,0.6409399256408584,nan,nan,nan,10,61324,False
638,1.1478729916380956,0.6457609188453982,nan,nan,nan,10,52936,False
639,1.151732454933588,0.6439320388349514,nan,nan,nan,10,53560,False
640,1.1944187253671814,0.6335116605204384,1.6993066574990188,0.5332683950247266,5.4701533867768095,10,57759,False
641,1.3067249040303244,0.6048700120074837,nan,nan,nan,10,35811,False
642,1.1941294759396552,0.6347259017729774,nan,nan,nan,10,49070,False
643,1.1116465631272496,0.6503995787386941,nan,nan,nan,10,64568,False
644,1.010382981895457,0.6777703729928983,nan,nan,nan,10,96034,False
645,1.0567220275043858,0.6684068324403535,nan,nan,nan,10,65511,False
646,1.1719737254583695,0.6489270175266095,nan,nan,nan,10,40681,False
647,1.1658915123604947,0.6398447889530541,nan,nan,nan,10,54893,False
648,1.0943105968485138,0.6665177980680164,nan,nan,nan,10,60456,False
649,1.2199052789128007,0.6232418005272552,nan,nan,nan,10,61071,False
650,1.199535517110103,0.6264539653600729,1.7217949182755332,0.5312265847444927,5.5945612377875085,10,54850,False
651,1.1775026302602571,0.6340378197997776,nan,nan,nan,10,51243,False
652,1.3343552888815104,0.5975043892651116,nan,nan,nan,10,31896,False
653,1.3311818028962181,0.5983430069275416,nan,nan,nan,10,42728,False
654,1.1802931159228138,0.6389374726716223,nan,nan,nan,10,45740,False
655,1.0937186452771617,0.6568131229353635,nan,nan,nan,10,70533,False
656,1.2186369795504928,0.6227208179494462,nan,nan,nan,10,52815,False
657,1.1351696792805643,0.6501519953431214,nan,nan,nan,10,61844,False
658,1.2122156442811203,0.6294477586173824,nan,nan,nan,10,52133,False
659,1.318769772346323,0.603514028874966,nan,nan,nan,10,36710,False
660,1.3922581430389298,0.5876828485524138,1.7243338346338408,0.5250824216993856,5.608783407641739,10,29601,False
661,1.1862582658073968,0.6340269061466933,nan,nan,nan,10,56567,False
662,1.1479721672856886,0.6433644912918715,nan,nan,nan,10,70394,False
663,1.1117993692829444,0.651997272160072,nan,nan,nan,10,68919,False
664,1.2214606209697787,0.6329715442582386,nan,nan,nan,10,35564,False
665,1.073564730563213,0.6673695809111289,nan,nan,nan,10,52638,False
666,1.1287039001125705,0.6542181723120588,nan,nan,nan,10,53554,False
667,0.9601922260961203,0.7040643344494725,nan,nan,nan,10,71377,False
668,1.187747390416437,0.6326238660153524,nan,nan,nan,10,57320,False
669,1.1437823016841993,0.6582896158000309,nan,nan,nan,10,51848,False
670,1.1251560241696184,0.6459955317852549,1.7514242935838076,0.5256256556271542,5.7628047593753156,10,73855,False
671,1.2545299417296476,0.6176961309471539,nan,nan,nan,10,56939,False
672,1.4172193371330695,0.5834649098927425,nan,nan,nan,10,36734,False
673,1.1395407731193656,0.6487856637585475,nan,nan,nan,10,59374,False
674,1.1618474975515325,0.6458619285358753,nan,nan,nan,10,66299,False
675,1.2146782413950727,0.627125425085017,nan,nan,nan,10,49990,False
676,1.4185402800869322,0.5831452219714071,nan,nan,nan,10,26580,False
677,1.0902347755296131,0.6629457540042308,nan,nan,nan,10,52944,False
678,1.1696013056580536,0.6362735646958012,nan,nan,nan,10,74688,False
679,1.1201277466798871,0.6496398271170162,nan,nan,nan,10,62470,False
680,1.2928770447030895,0.6088419246313983,1.7264800671246319,0.5285104151056497,5.620834087980101,10,44289,False
681,1.3938746446407022,0.5845197142101085,nan,nan,nan,10,37790,False
682,1.2759898929741906,0.609057099103041,nan,nan,nan,10,45710,False
683,1.1411634544569909,0.6440929796093918,nan,nan,nan,10,51151,False
684,1.170325929251063,0.6350201867661109,nan,nan,nan,10,64894,False
685,1.2591203463049614,0.6171617161716172,nan,nan,nan,10,39693,False
686,1.4856029194801859,0.5708556650800195,nan,nan,nan,10,26681,False
687,1.096892167915709,0.6554431286220113,nan,nan,nan,10,75407,False
688,1.1837295100088197,0.6353762199601217,nan,nan,nan,10,57174,False
689,1.1523148865577824,0.6426846072789171,nan,nan,nan,10,61685,False
690,1.2790234046897802,0.6107352900571554,1.6913565011748342,0.5313577101753334,5.426837225510918,10,36217,False
691,1.2624342907947765,0.6100063933378141,nan,nan,nan,10,61001,False
692,1.3234813304708297,0.596333213242064,nan,nan,nan,10,49962,False
693,1.1892027178727282,0.6317182489084656,nan,nan,nan,10,51762,False
694,1.1465213349587955,0.6428526507766807,nan,nan,nan,10,63604,False
695,1.1925963481886175,0.629856661357828,nan,nan,nan,10,53998,False
696,1.3587074680664475,0.5874910905203136,nan,nan,nan,10,39284,False
697,1.429563274477212,0.5793743994875628,nan,nan,nan,10,28101,False
698,1.201761579740148,0.6294772678913398,nan,nan,nan,10,42297,False
699,1.2985941625869184,0.6089255771959241,nan,nan,nan,10,31012,False
700,1.2112448381980974,0.6197913067514339,1.6695879900918162,0.5316948898546381,5.309979582228869,10,57884,False
701,1.2219504558665104,0.6182899749424491,nan,nan,nan,10,49087,False
702,1.2555711705722628,0.6146759454171723,nan,nan,nan,10,40379,False
703,1.1004999465773175,0.6553437266645331,nan,nan,nan,10,65619,False
704,1.2557373958237024,0.6135041417838567,nan,nan,nan,10,51910,False
705,1.1323523069490007,0.6434768913578833,nan,nan,nan,10,69844,False
706,1.3731071595189888,0.5891855264941049,nan,nan,nan,10,36895,False
707,1.2239643675482708,0.6238530348984528,nan,nan,nan,10,52094,False
708,1.157257733607176,0.6395128740431455,nan,nan,nan,10,71850,False
709,1.0389409296820296,0.6700802069358248,nan,nan,nan,10,103607,False
710,1.0971150816104445,0.6584003315375052,1.6802515405846128,0.5332309306159149,5.366905795968472,10,60325,False
711,1.0849235897239211,0.6574392098562909,nan,nan,nan,10,58521,False
712,1.4938600585875255,0.5692324059790415,nan,nan,nan,10,18799,False
713,1.3031015537032011,0.6052096705177578,nan,nan,nan,10,37392,False
714,1.242511547489523,0.6251828756445617,nan,nan,nan,10,41695,False
715,1.1442324859657778,0.6431206791560697,nan,nan,nan,10,55834,False
716,1.0477927949616042,0.6650989513116323,nan,nan,nan,10,97169,False
717,1.1938914911712413,0.6296775922121997,nan,nan,nan,10,67182,False
718,1.1981568719148874,0.6352591013082783,nan,nan,nan,10,45021,False
719,1.0930536114217486,0.6583994839592959,nan,nan,nan,10,75963,False
720,1.0779327730533017,0.6622569737954354,1.7026890827300718,0.5319946051251311,5.488687098386823,10,70980,False
721,1.0750407859972455,0.663233595800525,nan,nan,nan,10,95250,False
722,1.124173089552146,0.652874838787079,nan,nan,nan,10,66682,False
723,1.2876033458822045,0.6138696399729068,nan,nan,nan,10,38386,False
724,1.0868207496379139,0.6589076116894307,nan,nan,nan,10,70799,False
725,1.3523467905212883,0.5919997917967936,nan,nan,nan,10,38424,False
726,1.2728441506612003,0.6143091430914309,nan,nan,nan,10,48780,False
727,1.2044000983421201,0.6275175589562305,nan,nan,nan,10,64497,False
728,1.157925398411076,0.6394509525499941,nan,nan,nan,10,67608,False
729,1.3256028846385448,0.5999006704742985,nan,nan,nan,10,40270,False
730,1.1305269108129528,0.6492712740949694,1.69774124680583,0.5336992357260603,5.461597049010366,10,55302,False
731,1.1527244447472704,0.6438799150524487,nan,nan,nan,10,62156,False
732,1.1550425926581789,0.6456851937560483,nan,nan,nan,10,47534,False
733,1.2322702223381024,0.6208789263075888,nan,nan,nan,10,56478,False
734,1.4098051897165578,0.581883782757311,nan,nan,nan,10,26330,False
735,1.2213317321850177,0.6264614383603424,nan,nan,nan,10,49181,False
736,1.0991113812715905,0.6542126911299532,nan,nan,nan,10,98951,False
737,1.4653086670155195,0.5738618978002924,nan,nan,nan,10,29413,False
738,1.1555213667674684,0.637348252271346,nan,nan,nan,10,64169,False
739,1.3819217521251002,0.5863841557289357,nan,nan,nan,10,38323,False
740,1.182413269952171,0.6430995745494527,1.6841368661654972,0.5336430391128428,5.387798533609119,10,41838,False
741,1.282829588718803,0.6059544658493871,nan,nan,nan,10,42254,False
742,1.0858200518638963,0.6617086132877958,nan,nan,nan,10,62659,False
743,1.331564899492876,0.5951224220584923,nan,nan,nan,10,31081,False
744,1.286630726148805,0.6091677878147223,nan,nan,nan,10,31218,False
745,1.3810881490212978,0.5859820921362296,nan,nan,nan,10,36967,False
746,1.3440054030936002,0.5897903778539321,nan,nan,nan,10,44938,False
747,1.2708675437802788,0.6114724384262714,nan,nan,nan,10,46895,False
748,1.2375858777577204,0.6163448123944489,nan,nan,nan,10,68095,False
749,1.1945323835203,0.6296553536567052,nan,nan,nan,10,53272,False
750,1.1358792571415208,0.6460769346910702,1.6850451202777021,0.5326502322793346,5.392694246722235,10,59609,False
751,1.2810398334271513,0.608343185272758,nan,nan,nan,10,41447,False
752,1.2265725155419316,0.6215607210626186,nan,nan,nan,10,50592,False
753,1.1864556103459303,0.6365287787540724,nan,nan,nan,10,50645,False
754,1.169477830874337,0.6352666082091111,nan,nan,nan,10,71847,False
755,1.2317672786126008,0.6175260690710801,nan,nan,nan,10,52265,False
756,1.109270324239576,0.6505334710032696,nan,nan,nan,10,69732,False
757,1.1801076777996673,0.6304650015694363,nan,nan,nan,10,66903,False
758,1.081308396583659,0.6585674966395698,nan,nan,nan,10,78115,False
759,1.1465053807371821,0.6456917380799249,nan,nan,nan,10,57529,False
760,1.2420239926850365,0.6207282018524433,1.7220590727343188,0.5265809980518508,5.596039261288073,10,37572,False
761,1.3260610739668657,0.6008769872907189,nan,nan,nan,10,42646,False
762,1.2442584746650995,0.6144240359042553,nan,nan,nan,10,48128,False
763,1.1442528574431035,0.6421392403126864,nan,nan,nan,10,65369,False
764,1.2009061338747795,0.6353932700035031,nan,nan,nan,10,48529,False
765,1.2730460357659825,0.6120006924308651,nan,nan,nan,10,46214,False
766,1.3266308396677924,0.5971022568960713,nan,nan,nan,10,50246,False
767,1.2930928244942033,0.6046155396553462,nan,nan,nan,10,49615,False
768,1.2032868194916777,0.6301490492808454,nan,nan,nan,10,61322,False
769,1.2208660620594032,0.6234588196613513,nan,nan,nan,10,48664,False
770,1.4428280490569703,0.5749865935768337,1.6942388253038332,0.5251011539037914,5.442501693582543,10,33566,False
771,1.2509265154697098,0.618288816593796,nan,nan,nan,10,48259,False
772,1.1807310743607966,0.6324194680602138,nan,nan,nan,10,51284,False
773,1.5118204680464833,0.5601196556252735,nan,nan,nan,10,27412,False
774,1.2164770562655887,0.6217295411627337,nan,nan,nan,10,69371,False
775,1.0638065864269155,0.6660632718660126,nan,nan,nan,10,59110,False
776,1.181441373554865,0.6376717837535406,nan,nan,nan,10,57194,False
777,1.113444642981729,0.658165683839284,nan,nan,nan,10,52739,False
778,1.2342495478281945,0.6182079478112031,nan,nan,nan,10,61929,False
779,1.184525178905168,0.6346226382745259,nan,nan,nan,10,58326,False
780,1.1408492933816288,0.6446888584181812,1.7208729290129736,0.5290349168290125,5.589405489535027,10,68554,False
781,1.379161333324143,0.5854920911563548,nan,nan,nan,10,37869,False
782,1.3198845605746388,0.5975558271303189,nan,nan,nan,10,45005,False
783,1.1416032038568253,0.6516939817000517,nan,nan,nan,10,44481,False
784,1.1166266357297978,0.6501485581124381,nan,nan,nan,10,85825,False
785,1.3137994034048572,0.6012014320098703,nan,nan,nan,10,49441,False
786,1.2381800095379218,0.6216936009855787,nan,nan,nan,10,55196,False
787,1.4014537181226072,0.5822108746059453,nan,nan,nan,10,38383,False
788,1.4550108624228342,0.5676483863687655,nan,nan,nan,10,35448,False
789,1.1411815278017523,0.6391361965022304,nan,nan,nan,10,107154,False
790,1.1717757382014236,0.6321923546097206,1.6742284379404881,0.5319946051251311,5.334677525997787,10,68041,False
791,1.1293350154092456,0.6485165293565543,nan,nan,nan,10,76712,False
792,1.3227736704169195,0.5988422419389743,nan,nan,nan,10,36968,False
793,1.2234923067029073,0.6231633170072622,nan,nan,nan,10,71052,False
794,1.328205502487748,0.5936982901268616,nan,nan,nan,10,43512,False
795,1.3980781369448998,0.5802348594801425,nan,nan,nan,10,37895,False
796,1.1456006346501064,0.6371936826745633,nan,nan,nan,10,93204,False
797,1.3637487358292002,0.5839456138057263,nan,nan,nan,10,38245,False
798,1.2472804633051162,0.6159078145474968,nan,nan,nan,10,48077,False
799,1.1060078515064893,0.6522968803565307,nan,nan,nan,10,58340,False
800,1.240533004332066,0.6170518653321201,1.681205961526682,0.5304772965682601,5.372030528441235,10,54950,False
801,1.1413078071600877,0.6426541631145212,nan,nan,nan,10,70380,False
802,1.2542464351380909,0.6140871963509069,nan,nan,nan,10,47135,False
803,1.250921084670133,0.6134288306724068,nan,nan,nan,10,51799,False
804,1.1578334943506665,0.6422870113680763,nan,nan,nan,10,53747,False
805,1.2754647224531288,0.6139761904761905,nan,nan,nan,10,42000,False
806,1.0655993651444362,0.6667626223434879,nan,nan,nan,10,79898,False
807,1.1999308803850006,0.6272699928563372,nan,nan,nan,10,53194,False
808,1.0734169759204963,0.6693730475395132,nan,nan,nan,10,64662,False
809,1.2125042831717205,0.6254016064257029,nan,nan,nan,10,59760,False
810,1.2531451707127697,0.6174254355147433,1.6891117296028795,0.538269893601079,5.414668878271137,10,41273,False
811,1.0907914993894483,0.6562548602830629,nan,nan,nan,10,77156,False
812,1.2159762014431157,0.6291270476599566,nan,nan,nan,10,51217,False
813,1.1836696374052353,0.6333199410740592,nan,nan,nan,10,59736,False
814,1.1635645863433184,0.6435626273406423,nan,nan,nan,10,51535,False
815,1.2009864089720617,0.6238269990222346,nan,nan,nan,10,78751,False
816,1.313343831479814,0.599429226414653,nan,nan,nan,10,42749,False
817,1.324068131280936,0.5964141022325662,nan,nan,nan,10,46404,False
818,1.26214329573467,0.6082076747612992,nan,nan,nan,10,49539,False
819,1.2099512383701876,0.6258386772390828,nan,nan,nan,10,60661,False
820,1.2350885796275437,0.6203282223287014,1.7199095537079054,0.525550726809531,5.584023387224882,10,50088,False
821,1.3339403945499675,0.5993190661478599,nan,nan,nan,10,41120,False
822,1.314618109589607,0.5987859960350712,nan,nan,nan,10,48929,False
823,1.2621754426400305,0.6097785438822017,nan,nan,nan,10,68456,False
824,1.3962272882520315,0.5802316982992359,nan,nan,nan,10,40570,False
825,1.2985464390923902,0.6025716226228699,nan,nan,nan,10,64784,False
826,1.2948806050297434,0.6038710219161978,nan,nan,nan,10,47636,False
827,1.2645081354336416,0.6108363309352518,nan,nan,nan,10,53376,False
828,1.5070848381482278,0.5569569631156366,nan,nan,nan,10,32507,False
829,1.1648320162362595,0.6364293659621802,nan,nan,nan,10,89900,False
830,1.2492210204426442,0.612674092663526,1.6752044687774181,0.5316761576502322,5.339886877598588,10,68139,False
831,1.289015756145317,0.6030630258114792,nan,nan,nan,10,62879,False
832,1.3156612012635924,0.5991552229594198,nan,nan,nan,10,51848,False
833,1.2643222641836103,0.6150717416101339,nan,nan,nan,10,66628,False
834,1.1778809012628573,0.6305623764748158,nan,nan,nan,10,66788,False
835,1.417614690158899,0.5768984076521934,nan,nan,nan,10,35859,False
836,1.2305266178876735,0.6142734757983913,nan,nan,nan,10,84044,False
837,1.2686846249058943,0.6073254533199626,nan,nan,nan,10,60829,False
838,1.1785885030204066,0.6360067302299495,nan,nan,nan,10,55273,False
839,1.159914214442616,0.637026820622129,nan,nan,nan,10,87731,False
840,1.3413427764492971,0.5913971567237899,1.6850182346973965,0.5281545032219391,5.392549262956996,10,46566,False
841,1.4131030694361963,0.5747529053980667,nan,nan,nan,10,36828,False
842,1.093815646688504,0.6552352583824884,nan,nan,nan,10,102058,False
843,1.232050007228558,0.6168284451866541,nan,nan,nan,10,57486,False
844,1.3579773743204404,0.5918888179977253,nan,nan,nan,10,36049,False
845,1.2622023627603027,0.6117871279870987,nan,nan,nan,10,61389,False
846,1.3696474839374495,0.5862160339179032,nan,nan,nan,10,41512,False
847,1.3193834224304508,0.5948463151531181,nan,nan,nan,10,52933,False
848,1.2529196230211657,0.6140966547943292,nan,nan,nan,10,57276,False
849,1.179435074825711,0.6335548115122391,nan,nan,nan,10,57643,False
850,1.6229590677147991,0.5343333828407347,1.6811078886712096,0.5266371946650682,5.3715037039016424,10,20199,False
851,1.2159896030666004,0.6257479288125192,nan,nan,nan,10,52144,False
852,1.3168259101691246,0.5976226405104175,nan,nan,nan,10,37773,False
853,1.403520765069572,0.5765388640471887,nan,nan,nan,10,42044,False
854,1.4207346320949694,0.5728531169675761,nan,nan,nan,10,32291,False
855,1.1194079982454086,0.6499367407352815,nan,nan,nan,10,81411,False
856,1.0815361138122768,0.6610127902340276,nan,nan,nan,10,65206,False
857,1.3028941768459967,0.6036332994621924,nan,nan,nan,10,40349,False
858,1.163432701398053,0.6372896738676125,nan,nan,nan,10,83739,False
859,1.3547570985765733,0.5874757241436305,nan,nan,nan,10,48402,False
860,1.1812996170125054,0.6325514403292181,1.6697632666561677,0.5317510864678555,5.310910378777846,10,72900,False
861,1.2191238562739404,0.6222400585783485,nan,nan,nan,10,71016,False
862,1.2032415421872336,0.6269936899514855,nan,nan,nan,10,63074,False
863,1.339181618442161,0.590103283490057,nan,nan,nan,10,38922,False
864,1.1982446773334707,0.6342961065373409,nan,nan,nan,10,51137,False
865,1.1914423249569859,0.6324657342439753,nan,nan,nan,10,64277,False
866,1.1886262273614177,0.627537853360185,nan,nan,nan,10,67035,False
867,1.5066130241749929,0.5660752583349581,nan,nan,nan,10,25645,False
868,1.1973939184104028,0.6384786068090638,nan,nan,nan,10,44617,False
869,1.4710927335539976,0.5604850059543142,nan,nan,nan,10,46185,False
870,1.1473941574528983,0.6460179757717859,1.6956170607091925,0.5266371946650682,5.4500079135912625,10,63975,False
871,1.3364286257652247,0.5906269339684563,nan,nan,nan,10,53323,False
872,1.1102803543645539,0.6532756018356177,nan,nan,nan,10,65591,False
873,1.2973227591613608,0.6021777131905394,nan,nan,nan,10,47481,False
874,1.357795419167536,0.5894337433840056,nan,nan,nan,10,41377,False
875,1.2395527388467231,0.6167866295872185,nan,nan,nan,10,73356,False
876,1.1048490742913457,0.6560671887173664,nan,nan,nan,10,75727,False
877,1.2449907139101417,0.6173147817814246,nan,nan,nan,10,58863,False
878,1.2957545915699322,0.6029490506198772,nan,nan,nan,10,48558,False
879,1.141437857067289,0.64701717118074,nan,nan,nan,10,67788,False
880,1.1893225733120008,0.6316840389089377,1.6905407818042943,0.5271991607972426,5.422412254278041,10,54589,False
881,1.325797115584704,0.6007255655142979,nan,nan,nan,10,37488,False
882,1.2170291813129313,0.6285651801498059,nan,nan,nan,10,54871,False
883,1.256114320074896,0.6088042321787446,nan,nan,nan,10,67672,False
884,1.2841293083244265,0.6066735928619447,nan,nan,nan,10,49089,False
885,1.2797562857309361,0.6052121441793351,nan,nan,nan,10,68609,False
886,1.164737383764369,0.6416920938703132,nan,nan,nan,10,62597,False
887,1.1994375488791513,0.6248939408223458,nan,nan,nan,10,74251,False
888,1.271380751792523,0.6117012516469038,nan,nan,nan,10,48576,False
889,1.2033087581968227,0.6352831282612897,nan,nan,nan,10,62092,False
890,1.364627286107296,0.5855123674911661,1.6884449884020798,0.5285666117188671,5.411059898702688,10,42450,False
891,1.1969062260952532,0.6277208442662178,nan,nan,nan,10,60597,False
892,1.1409972630361516,0.6397800290793115,nan,nan,nan,10,85284,False
893,1.0069742431222781,0.6866419903481235,nan,nan,nan,10,85372,False
894,1.3701976004695677,0.59375,nan,nan,nan,10,36096,False
895,1.2804681948961214,0.6075667801814925,nan,nan,nan,10,50801,False
896,1.4048691262145157,0.5818732473359507,nan,nan,nan,10,44575,False
897,1.3645523266949082,0.590032213870478,nan,nan,nan,10,54014,False
898,1.355966530733539,0.5877181195170177,nan,nan,nan,10,52093,False
899,1.4472545294191501,0.5702351577132324,nan,nan,nan,10,33637,False
900,1.4538258980751486,0.5649356660186985,1.7119209339785537,0.5179829162295819,5.539592455026331,10,32409,False
901,1.370630996179402,0.5827195825091537,nan,nan,nan,10,47522,False
902,1.2902327606789417,0.5978979399111608,nan,nan,nan,10,57182,False
903,1.2824747698072994,0.601902021598595,nan,nan,nan,10,53522,False
904,1.3759725108318939,0.5809270018784676,nan,nan,nan,10,45782,False
905,1.564545062785225,0.54319074188882,nan,nan,nan,10,29034,False
906,1.485222075434967,0.5549032935796824,nan,nan,nan,10,32366,False
907,1.4392478655588525,0.5670440495527165,nan,nan,nan,10,41249,False
908,1.3886478574322618,0.5735228268276064,nan,nan,nan,10,51365,False
909,1.3620586218025883,0.5801377433891676,nan,nan,nan,10,58805,False
910,1.2546994690058935,0.6096325469759054,1.653605344037182,0.5277798591338229,5.22578666303653,10,75411,False
911,1.2993583219876172,0.5998212027386507,nan,nan,nan,10,45862,False
912,1.2100230604352005,0.6231130908191042,nan,nan,nan,10,84861,False
913,1.1830732345571526,0.6359070684464339,nan,nan,nan,10,75066,False
914,1.4875024102700434,0.5586615216943062,nan,nan,nan,10,33949,False
915,1.2764971986643807,0.6048927991250221,nan,nan,nan,10,62173,False
916,1.418938486206449,0.5756374104100576,nan,nan,nan,10,34044,False
917,1.4409889370025117,0.56927069815728,nan,nan,nan,10,38530,False
918,1.5207590000127555,0.5511476675475844,nan,nan,nan,10,33677,False
919,1.3142098221057488,0.5935238711242269,nan,nan,nan,10,74211,False
920,1.4555413556960572,0.5678266937710489,1.6739619802217443,0.525344672561067,5.33325624935745,10,32959,False
921,1.36071550429455,0.5814039363391308,nan,nan,nan,10,54162,False
922,1.2514814817858617,0.6096494321788812,nan,nan,nan,10,85062,False
923,1.2573068137621233,0.6084185225751491,nan,nan,nan,10,65736,False
924,1.2562289092829622,0.6114108222985123,nan,nan,nan,10,73404,False
925,1.2252988394762085,0.61739467419587,nan,nan,nan,10,72252,False
926,1.401124960856152,0.575677327357914,nan,nan,nan,10,39272,False
927,1.2328343432466786,0.6187728164007078,nan,nan,nan,10,62729,False
928,1.2810996645759325,0.6055223115062404,nan,nan,nan,10,58490,False
929,1.3290455926072189,0.5975329890992541,nan,nan,nan,10,41832,False
930,1.437516370800269,0.5696089203597444,1.6641661876791085,0.5254383335830961,5.281267827183954,10,49146,False
931,1.3682979999690927,0.5803970223325062,nan,nan,nan,10,60450,False
932,1.2896063413811043,0.6045552687543629,nan,nan,nan,10,61599,False
933,1.3319799485008594,0.5912404612675389,nan,nan,nan,10,52811,False
934,1.256689396404329,0.6090493279853635,nan,nan,nan,10,71055,False
935,1.3442186417038828,0.5859880668760937,nan,nan,nan,10,47431,False
936,1.2864653767757546,0.6005764077326277,nan,nan,nan,10,59333,False
937,1.3452033851011285,0.5922992843737755,nan,nan,nan,10,48489,False
938,1.4429631494366013,0.5648417648417648,nan,nan,nan,10,43290,False
939,1.2633039029890638,0.6096447335501626,nan,nan,nan,10,47964,False
940,1.3411163082941058,0.5894114333990426,1.6551550888289903,0.5292597032818822,5.23389157735291,10,60367,False
941,1.5124573100053385,0.5503326679973387,nan,nan,nan,10,30060,False
942,1.3109909007309637,0.5976443561179281,nan,nan,nan,10,54847,False
943,1.220624061371107,0.6180387978313329,nan,nan,nan,10,63818,False
944,1.213797135384567,0.6189329511816943,nan,nan,nan,10,85132,False
945,1.2396441685016346,0.6201584883701029,nan,nan,nan,10,58427,False
946,1.2919826648109172,0.6001745439611212,nan,nan,nan,10,58438,False
947,1.340815845592294,0.5943085198681243,nan,nan,nan,10,34578,False
948,1.472939008551413,0.5592709901864064,nan,nan,nan,10,38518,False
949,1.3537636446454708,0.587318579516212,nan,nan,nan,10,48575,False
950,1.3144623526484085,0.5987952056637754,1.668344864294337,0.5263000149857635,5.303382710846158,10,48307,False
951,1.41572760699782,0.5726056182260562,nan,nan,nan,10,36168,False
952,1.4535509354466025,0.5593127205866814,nan,nan,nan,10,47317,False
953,1.2756511164823872,0.6075782985088156,nan,nan,nan,10,66189,False
954,1.4388346503970022,0.5663945310578862,nan,nan,nan,10,40666,False
955,1.3404869754442181,0.5864302600472813,nan,nan,nan,10,63450,False
956,1.3781752129569977,0.5803467984861358,nan,nan,nan,10,51788,False
957,1.3589832942014513,0.5829767991930154,nan,nan,nan,10,57498,False
958,1.1960872288954811,0.6265821475843812,nan,nan,nan,10,96704,False
959,1.2347322733759534,0.6136279220234601,nan,nan,nan,10,83461,False
960,1.372256665616075,0.5818162232037057,1.6531625850865568,0.5277236625206054,5.223473411361645,10,46415,False
961,1.4489365401007246,0.5700695206732528,nan,nan,nan,10,30063,False
962,1.415054772430988,0.5702826769751148,nan,nan,nan,10,41390,False
963,1.1379272047165918,0.6425907627577854,nan,nan,nan,10,94119,False
964,1.2385452319912829,0.6172503601099972,nan,nan,nan,10,68729,False
965,1.4290585259894952,0.5716033897268027,nan,nan,nan,10,32687,False
966,1.3117498538679409,0.5943157209381326,nan,nan,nan,10,70651,False
967,1.3784106724714253,0.5813119815788785,nan,nan,nan,10,38217,False
968,1.377749523492221,0.5771646731362371,nan,nan,nan,10,53172,False
969,1.3059627300959522,0.5960899979924951,nan,nan,nan,10,64757,False
970,1.4333198937591263,0.5662423582614522,1.6223929125955754,0.5294095609171288,5.065196398650458,10,47764,False
971,1.3001910028594266,0.6013105146415417,nan,nan,nan,10,49141,False
972,1.3003839466308074,0.595407196969697,nan,nan,nan,10,67584,False
973,1.3715583113473213,0.5797094534958612,nan,nan,nan,10,41921,False
974,1.3041353647666696,0.5958834738125075,nan,nan,nan,10,58253,False
975,1.3494120731209305,0.5846330275229358,nan,nan,nan,10,52320,False
976,1.4342126715554748,0.5672218199372435,nan,nan,nan,10,45573,False
977,1.255785780649875,0.6116130134061993,nan,nan,nan,10,58555,False
978,1.26237602288818,0.6050076407664277,nan,nan,nan,10,85070,False
979,1.30348715942614,0.5973552883704281,nan,nan,nan,10,47491,False
980,1.2811100863043885,0.6030152608366703,1.618792719843147,0.5322381237824068,5.046993501916088,10,54191,False
981,1.205045304873321,0.6228221463517651,nan,nan,nan,10,85233,False
982,1.3297680262149913,0.5904025344763325,nan,nan,nan,10,53660,False
983,1.4193113405300384,0.5749922153409681,nan,nan,nan,10,28903,False
984,1.3478290569379099,0.5914241869798736,nan,nan,nan,10,33886,False
985,1.190089595655383,0.6299084464192221,nan,nan,nan,10,70669,False
986,1.1577678824134288,0.6392395398554414,nan,nan,nan,10,78584,False
987,1.1971164924207007,0.6258954003809138,nan,nan,nan,10,59331,False
988,1.1584168160573538,0.6428391209083062,nan,nan,nan,10,75305,False
989,1.3212072837544835,0.5969485241693997,nan,nan,nan,10,35065,False
990,1.4189497872083654,0.5726633356224395,1.6746282201825848,0.5297092761876218,5.33681066170647,10,42229,False
991,1.2854564397355386,0.6041865101340126,nan,nan,nan,10,45145,False
992,1.4972326048516118,0.5592674995721376,nan,nan,nan,10,29215,False
993,1.3310519712276112,0.5874043188748522,nan,nan,nan,10,64276,False
994,1.436490790146431,0.5649340722339002,nan,nan,nan,10,52330,False
995,1.4441898762717562,0.565787800971244,nan,nan,nan,10,39331,False
996,1.3812066473617641,0.5772879346122899,nan,nan,nan,10,47226,False
997,1.3400550414367385,0.588406449434951,nan,nan,nan,10,62207,False
998,1.277826740769523,0.6028042716230537,nan,nan,nan,10,61335,False
999,1.4228958117107073,0.570703853141738,nan,nan,nan,10,42381,False
1000,1.3113511243976566,0.5933062282717577,1.624206499093729,0.5291098456466357,5.074390905446103,10,67884,True
