round,train_loss,train_accuracy,test_loss,test_accuracy,num_fit_clients,tau_eff,mean_local_normalizer,mean_local_steps,run_completed
1,2.1083506978034974,0.2732,2.303742874908447,0.1357,10,28.742048900000007,28.742048899999993,8.0,False
2,2.028441585636139,0.3326,2.331683417510986,0.1859,10,28.742048900000007,28.742048899999993,8.0,False
3,2.0274412817955016,0.3238,2.29332095451355,0.1836,10,28.742048900000007,28.742048899999993,8.0,False
4,1.8729154037475586,0.3598,2.341797679901123,0.2044,10,28.742048900000007,28.742048899999993,8.0,False
5,2.0069567902565004,0.364,2.0918848236083982,0.2285,10,28.742048900000007,28.742048899999993,8.0,False
6,1.7498717071533203,0.4054,2.14080130405426,0.235,10,28.742048900000007,28.742048899999993,8.0,False
7,1.8787373984336853,0.3486,2.0634348098754884,0.2643,10,28.742048900000007,28.742048899999993,8.0,False
8,1.7817845148086549,0.3964,2.296881890106201,0.2007,10,28.742048900000007,28.742048899999993,8.0,False
9,1.7707929532051085,0.3792,2.163895986175537,0.2385,10,28.742048900000007,28.742048899999993,8.0,False
10,1.7922430949211121,0.417,2.1500440170288084,0.257,10,28.742048900000007,28.742048899999993,8.0,False
11,1.7316523904800416,0.4132,1.9391577257156372,0.2737,10,28.742048900000007,28.742048899999993,8.0,False
12,1.644724446964264,0.412,1.945975728416443,0.2845,10,28.742048900000007,28.742048899999993,8.0,False
13,1.7574388507843017,0.375,1.8312304416656495,0.3273,10,28.742048900000007,28.742048899999993,8.0,False
14,1.6591007078170776,0.4198,1.8013352252960204,0.3061,10,28.742048900000007,28.742048899999993,8.0,False
15,1.6273584438323974,0.4412,2.012516340446472,0.3112,10,28.742048900000007,28.742048899999993,8.0,False
16,1.58774228515625,0.4552,1.984082057762146,0.2783,10,28.742048900000007,28.742048899999993,8.0,False
17,1.6506845169842244,0.4538,2.2059650497436523,0.2869,10,28.742048900000007,28.742048899999993,8.0,False
18,1.8765357689857483,0.3848,2.848333374786377,0.3096,10,28.742048900000007,28.742048899999993,8.0,False
19,1.9275716745376588,0.3938,1.878690481185913,0.3382,10,28.742048900000007,28.742048899999993,8.0,False
20,1.6061489826202393,0.4406,1.6780030925750733,0.3608,10,28.742048900000007,28.742048899999993,8.0,False
21,1.5024133075714112,0.4808,1.7357688688278199,0.3609,10,28.742048900000007,28.742048899999993,8.0,False
22,1.570158646774292,0.4438,2.0243072204589843,0.2961,10,28.742048900000007,28.742048899999993,8.0,False
23,1.6108476059436798,0.452,1.884202774810791,0.329,10,28.742048900000007,28.742048899999993,8.0,False
24,1.6273733326911926,0.4348,1.9838823017120362,0.3372,10,28.742048900000007,28.742048899999993,8.0,False
25,1.596099733066559,0.4512,2.002549703979492,0.3149,10,28.742048900000007,28.742048899999993,8.0,False
26,1.5556423200607299,0.4726,1.6808021392822265,0.3791,10,28.742048900000007,28.742048899999993,8.0,False
27,1.5994988817214966,0.458,1.789991252708435,0.3228,10,28.742048900000007,28.742048899999993,8.0,False
28,1.4369610458374023,0.5086,1.6892133371353149,0.374,10,28.742048900000007,28.742048899999993,8.0,False
29,1.5788010248184203,0.4532,1.9085957416534425,0.332,10,28.742048900000007,28.742048899999993,8.0,False
30,1.4452874547481538,0.5214,1.63303957195282,0.3752,10,28.742048900000007,28.742048899999993,8.0,False
31,1.5507890988349915,0.4734,1.9144760726928711,0.3567,10,28.742048900000007,28.742048899999993,8.0,False
32,1.5653724389076233,0.4898,2.0876788848876955,0.3685,10,28.742048900000007,28.742048899999993,8.0,False
33,1.7069334800720215,0.4498,1.597557516670227,0.4161,10,28.742048900000007,28.742048899999993,8.0,False
34,1.49435352602005,0.4852,1.5593893785476685,0.4146,10,28.742048900000007,28.742048899999993,8.0,False
35,1.4379548262596131,0.5034,1.7252692197799682,0.3796,10,28.742048900000007,28.742048899999993,8.0,False
36,1.4867881693840026,0.4876,1.7704236167907714,0.3548,10,28.742048900000007,28.742048899999993,8.0,False
37,1.4440947412490845,0.4944,1.6387073501586915,0.4096,10,28.742048900000007,28.742048899999993,8.0,False
38,1.560704525089264,0.4626,1.7756402193069458,0.3977,10,28.742048900000007,28.742048899999993,8.0,False
39,1.44973228764534,0.522,1.548330276489258,0.4302,10,28.742048900000007,28.742048899999993,8.0,False
40,1.4910022093772888,0.4782,1.556606816482544,0.4272,10,28.742048900000007,28.742048899999993,8.0,False
41,1.4252532304763794,0.5132,1.6782511245727538,0.4219,10,28.742048900000007,28.742048899999993,8.0,False
42,1.3409207871437072,0.5584,1.6471008531570435,0.4071,10,28.742048900000007,28.742048899999993,8.0,False
43,1.3314856120109557,0.5498,1.696341149520874,0.3798,10,28.742048900000007,28.742048899999993,8.0,False
44,1.5592122847557068,0.4714,1.884367444229126,0.3953,10,28.742048900000007,28.742048899999993,8.0,False
45,1.5478479405403138,0.4944,1.5425974151611328,0.4209,10,28.742048900000007,28.742048899999993,8.0,False
46,1.27897637257576,0.5566,1.6655743190765382,0.4067,10,28.742048900000007,28.742048899999993,8.0,False
47,1.5628768465042113,0.485,1.5820312976837159,0.4441,10,28.742048900000007,28.742048899999993,8.0,False
48,1.4450379640579223,0.505,2.0916322044372557,0.3547,10,28.742048900000007,28.742048899999993,8.0,False
49,1.5653727001190185,0.5056,2.024409168624878,0.3724,10,28.742048900000007,28.742048899999993,8.0,False
50,1.500356784248352,0.5254,1.7758547931671143,0.4124,10,28.742048900000007,28.742048899999993,8.0,False
51,1.4715982444763183,0.5032,1.8236635614395142,0.378,10,28.742048900000007,28.742048899999993,8.0,False
52,1.3935583261489868,0.512,1.625339128303528,0.4408,10,28.742048900000007,28.742048899999993,8.0,False
53,1.5005852445602417,0.4928,1.5071824703216552,0.44,10,28.742048900000007,28.742048899999993,8.0,False
54,1.3251255171298981,0.5488,1.640003075027466,0.4168,10,28.742048900000007,28.742048899999993,8.0,False
55,1.5169277720451355,0.4772,1.5941187519073485,0.4269,10,28.742048900000007,28.742048899999993,8.0,False
56,1.3250140084266662,0.5658,1.7716928150177003,0.4406,10,28.742048900000007,28.742048899999993,8.0,False
57,1.5513200956344604,0.486,1.587883138847351,0.4416,10,28.742048900000007,28.742048899999993,8.0,False
58,1.3240657071113586,0.5458,1.749937247467041,0.4199,10,28.742048900000007,28.742048899999993,8.0,False
59,1.6472705824375153,0.4672,1.7141056016921996,0.4112,10,28.742048900000007,28.742048899999993,8.0,False
60,1.4615921158790588,0.5232,1.86977586479187,0.4216,10,28.742048900000007,28.742048899999993,8.0,False
61,1.3962108877182007,0.5426,1.7825626441955567,0.4008,10,28.742048900000007,28.742048899999993,8.0,False
62,1.3303012877464295,0.5348,1.4717677768707276,0.4704,10,28.742048900000007,28.742048899999993,8.0,False
63,1.3903430322170258,0.516,1.5524681442260742,0.4509,10,28.742048900000007,28.742048899999993,8.0,False
64,1.3053063419342041,0.5546,1.4683421094894409,0.4503,10,28.742048900000007,28.742048899999993,8.0,False
65,1.3157111004352569,0.552,1.5358470085144043,0.4484,10,28.742048900000007,28.742048899999993,8.0,False
66,1.374050902557373,0.5264,1.3186186185836792,0.5103,10,28.742048900000007,28.742048899999993,8.0,False
67,1.2549107908248902,0.5578,1.4044398624420167,0.486,10,28.742048900000007,28.742048899999993,8.0,False
68,1.3493568822860718,0.5346,1.4489466842651366,0.477,10,28.742048900000007,28.742048899999993,8.0,False
69,1.3060533774375915,0.5496,1.4371488412857056,0.4621,10,28.742048900000007,28.742048899999993,8.0,False
70,1.2951567420005798,0.5604,1.7353288570404053,0.4235,10,28.742048900000007,28.742048899999993,8.0,False
71,1.2109350028991699,0.5968,1.621630287361145,0.4588,10,28.742048900000007,28.742048899999993,8.0,False
72,1.326621628189087,0.5386,1.3877375644683838,0.4866,10,28.742048900000007,28.742048899999993,8.0,False
73,1.300819790649414,0.5548,1.4888250156402587,0.4393,10,28.742048900000007,28.742048899999993,8.0,False
74,1.2239525200128556,0.5884,1.5806446285247804,0.4546,10,28.742048900000007,28.742048899999993,8.0,False
75,1.3729557653427125,0.5374,1.4447757896423339,0.4897,10,28.742048900000007,28.742048899999993,8.0,False
76,1.3110401050567626,0.5402,1.2661743997573853,0.5238,10,28.742048900000007,28.742048899999993,8.0,False
77,1.2510231340885163,0.553,1.3132116249084473,0.5118,10,28.742048900000007,28.742048899999993,8.0,False
78,1.24184238986969,0.5586,1.6463336566925049,0.449,10,28.742048900000007,28.742048899999993,8.0,False
79,1.4206854114055634,0.5212,1.9846300022125245,0.3409,10,28.742048900000007,28.742048899999993,8.0,False
80,1.299169883775711,0.5646,1.777134041595459,0.4538,10,28.742048900000007,28.742048899999993,8.0,False
81,1.4556374571800232,0.5306,1.6730436016082764,0.4448,10,28.742048900000007,28.742048899999993,8.0,False
82,1.2726478272914887,0.5692,1.366063164138794,0.5407,10,28.742048900000007,28.742048899999993,8.0,False
83,1.2984377171993255,0.5676,1.329290106010437,0.5082,10,28.742048900000007,28.742048899999993,8.0,False
84,1.2415734439849853,0.5606,1.342073992919922,0.4988,10,28.742048900000007,28.742048899999993,8.0,False
85,1.2054248710632325,0.5922,1.2523888263702392,0.5382,10,28.742048900000007,28.742048899999993,8.0,False
86,1.1643677223205566,0.597,1.2745362670898437,0.5435,10,28.742048900000007,28.742048899999993,8.0,False
87,1.2389754458427429,0.5756,1.3153658378601074,0.5263,10,28.742048900000007,28.742048899999993,8.0,False
88,1.2337176553726197,0.568,1.3869785997390747,0.499,10,28.742048900000007,28.742048899999993,8.0,False
89,1.1076579954624175,0.6236,1.3469859727859497,0.511,10,28.742048900000007,28.742048899999993,8.0,False
90,1.235854994916916,0.5736,1.5933654441833496,0.4677,10,28.742048900000007,28.742048899999993,8.0,False
91,1.2642699928283692,0.5724,1.5811703369140624,0.4696,10,28.742048900000007,28.742048899999993,8.0,False
92,1.3005975197792052,0.5576,1.5086374649047851,0.455,10,28.742048900000007,28.742048899999993,8.0,False
93,1.3661400330066682,0.5316,1.6137473415374757,0.4703,10,28.742048900000007,28.742048899999993,8.0,False
94,1.2480142471313476,0.5716,1.328103546333313,0.5158,10,28.742048900000007,28.742048899999993,8.0,False
95,1.1747928552627565,0.5858,1.2314620336532593,0.5491,10,28.742048900000007,28.742048899999993,8.0,False
96,1.1616707638263701,0.6058,1.481422151184082,0.5185,10,28.742048900000007,28.742048899999993,8.0,False
97,1.2998039386749267,0.5762,1.5496743783950806,0.4554,10,28.742048900000007,28.742048899999993,8.0,False
98,1.3680984942913055,0.5798,1.6444509979248048,0.4881,10,28.742048900000007,28.742048899999993,8.0,False
99,1.3569980435848237,0.5428,1.5572311992645265,0.4574,10,28.742048900000007,28.742048899999993,8.0,False
100,1.260031039762497,0.5682,1.5978341575622559,0.4794,10,28.742048900000007,28.742048899999993,8.0,False
101,1.2055738303661347,0.5936,1.418329153060913,0.4781,10,28.742048900000007,28.742048899999993,8.0,False
102,1.1571695168495177,0.6,1.2921071172714234,0.5285,10,28.742048900000007,28.742048899999993,8.0,False
103,1.2630941987991333,0.5602,1.4019260131835938,0.4792,10,28.742048900000007,28.742048899999993,8.0,False
104,1.208721463727951,0.58,1.4967901550292968,0.4858,10,28.742048900000007,28.742048899999993,8.0,False
105,1.1836864045143127,0.5838,1.2047283725738525,0.5529,10,28.742048900000007,28.742048899999993,8.0,False
106,1.12100493311882,0.609,1.2547883018493653,0.5398,10,28.742048900000007,28.742048899999993,8.0,False
107,1.0184520354747773,0.6638,1.2377916570663452,0.5479,10,28.742048900000007,28.742048899999993,8.0,False
108,1.1442326915740966,0.616,1.2184418519973754,0.5526,10,28.742048900000007,28.742048899999993,8.0,False
109,1.164302663898468,0.6048,1.2246093403816223,0.5592,10,28.742048900000007,28.742048899999993,8.0,False
110,1.0937380625247954,0.6094,1.1692537950515747,0.5585,10,28.742048900000007,28.742048899999993,8.0,False
111,1.0912516917705535,0.6172,1.2185972398757934,0.5539,10,28.742048900000007,28.742048899999993,8.0,False
112,1.0847451961517334,0.6244,1.2896918754577638,0.5368,10,28.742048900000007,28.742048899999993,8.0,False
113,1.094416190290451,0.6244,1.280127312850952,0.5472,10,28.742048900000007,28.742048899999993,8.0,False
114,1.1498736790180206,0.6104,1.3757670364379884,0.5118,10,28.742048900000007,28.742048899999993,8.0,False
115,1.3092589760780335,0.5724,1.453672498512268,0.4926,10,28.742048900000007,28.742048899999993,8.0,False
116,1.1125619256496428,0.6042,1.2504650043487548,0.538,10,28.742048900000007,28.742048899999993,8.0,False
117,1.099786663222313,0.633,1.2149177215576172,0.5623,10,28.742048900000007,28.742048899999993,8.0,False
118,1.267782943534851,0.5754,1.3878516273498536,0.5116,10,28.742048900000007,28.742048899999993,8.0,False
119,1.1778242536067962,0.6048,1.2106202630996703,0.5664,10,28.742048900000007,28.742048899999993,8.0,False
120,1.175539196920395,0.5938,1.4036444976806641,0.5045,10,28.742048900000007,28.742048899999993,8.0,False
121,1.1728031474113465,0.5904,1.1912840065002441,0.5637,10,28.742048900000007,28.742048899999993,8.0,False
122,1.195755181121826,0.589,1.328490539932251,0.5124,10,28.742048900000007,28.742048899999993,8.0,False
123,1.0783885700702667,0.6294,1.3017301515579223,0.5296,10,28.742048900000007,28.742048899999993,8.0,False
124,1.171587810945511,0.5934,1.159963681411743,0.5748,10,28.742048900000007,28.742048899999993,8.0,False
125,1.071392160654068,0.633,1.0841313007354736,0.6077,10,28.742048900000007,28.742048899999993,8.0,False
126,1.067842533636093,0.6242,1.2586612001419066,0.5422,10,28.742048900000007,28.742048899999993,8.0,False
127,1.172502450799942,0.6002,1.3670646879196167,0.5472,10,28.742048900000007,28.742048899999993,8.0,False
128,1.0397611660957335,0.6422,1.1713018825531005,0.5736,10,28.742048900000007,28.742048899999993,8.0,False
129,1.2099993554592132,0.5872,1.3238616130828857,0.5446,10,28.742048900000007,28.742048899999993,8.0,False
130,1.2278033964157105,0.5926,1.3977681859970092,0.5575,10,28.742048900000007,28.742048899999993,8.0,False
131,1.0990480567455292,0.6364,1.395506107711792,0.5246,10,28.742048900000007,28.742048899999993,8.0,False
132,1.2007226445674897,0.602,1.719966286277771,0.4659,10,28.742048900000007,28.742048899999993,8.0,False
133,1.2483286240577698,0.5786,1.5465388927459718,0.4847,10,28.742048900000007,28.742048899999993,8.0,False
134,1.1229073881149292,0.62,1.5543575899124145,0.4667,10,28.742048900000007,28.742048899999993,8.0,False
135,1.2339318521499634,0.5754,1.4090976905822754,0.5216,10,28.742048900000007,28.742048899999993,8.0,False
136,1.1466575730800628,0.621,1.4488069160461425,0.5038,10,28.742048900000007,28.742048899999993,8.0,False
137,1.217577613401413,0.5878,1.4550904232025146,0.5106,10,28.742048900000007,28.742048899999993,8.0,False
138,1.0544113069057464,0.639,1.1580694793701172,0.5737,10,28.742048900000007,28.742048899999993,8.0,False
139,1.099014736032486,0.6148,1.4321836631774902,0.5025,10,28.742048900000007,28.742048899999993,8.0,False
140,1.194411577939987,0.6038,1.495023221206665,0.5144,10,28.742048900000007,28.742048899999993,8.0,False
141,1.1632302525997162,0.605,1.3026337087631226,0.5501,10,28.742048900000007,28.742048899999993,8.0,False
142,1.089587980413437,0.6276,1.1160832628250121,0.5867,10,28.742048900000007,28.742048899999993,8.0,False
143,1.0797308997154236,0.617,1.1221460782051087,0.6,10,28.742048900000007,28.742048899999993,8.0,False
144,1.0329075986862182,0.6512,1.1657620845794678,0.5863,10,28.742048900000007,28.742048899999993,8.0,False
145,1.0678667777061461,0.632,1.3296885459899903,0.5439,10,28.742048900000007,28.742048899999993,8.0,False
146,1.1044527464866638,0.6246,1.4556327388763428,0.5324,10,28.742048900000007,28.742048899999993,8.0,False
147,1.100790981197357,0.6206,1.1995121467590333,0.5779,10,28.742048900000007,28.742048899999993,8.0,False
148,1.1173016510009766,0.62,1.3767957834243774,0.5475,10,28.742048900000007,28.742048899999993,8.0,False
149,1.2242756724357604,0.5804,1.3032194465637208,0.5629,10,28.742048900000007,28.742048899999993,8.0,False
150,1.0411476388931273,0.639,1.2449940060615539,0.5548,10,28.742048900000007,28.742048899999993,8.0,False
151,1.017010453081131,0.642,1.0400277101516724,0.6254,10,28.742048900000007,28.742048899999993,8.0,False
152,1.0265140792369842,0.643,1.0009224304199218,0.6381,10,28.742048900000007,28.742048899999993,8.0,False
153,1.0056098152637483,0.645,1.032416562271118,0.6225,10,28.742048900000007,28.742048899999993,8.0,False
154,1.0019780237197875,0.6652,1.1037632959365844,0.5999,10,28.742048900000007,28.742048899999993,8.0,False
155,1.0545015817165375,0.6482,1.170997335243225,0.5918,10,28.742048900000007,28.742048899999993,8.0,False
156,1.0057755849838257,0.6552,1.3587596397399901,0.5382,10,28.742048900000007,28.742048899999993,8.0,False
157,1.055014838075638,0.6406,2.16083804359436,0.4353,10,28.742048900000007,28.742048899999993,8.0,False
158,1.1749238901138306,0.6168,1.8777121936798096,0.4592,10,28.742048900000007,28.742048899999993,8.0,False
159,1.2224018772125245,0.61,1.8510217491149903,0.482,10,28.742048900000007,28.742048899999993,8.0,False
160,1.1633450361728668,0.628,1.5330636947631835,0.4704,10,28.742048900000007,28.742048899999993,8.0,False
161,1.1526047297000885,0.5878,1.2447536325454711,0.5619,10,28.742048900000007,28.742048899999993,8.0,False
162,0.991807283115387,0.6588,1.2916412200927734,0.576,10,28.742048900000007,28.742048899999993,8.0,False
163,1.123265673685074,0.6132,1.4498825019836425,0.528,10,28.742048900000007,28.742048899999993,8.0,False
164,1.0436411803245544,0.6562,1.249703408241272,0.5463,10,28.742048900000007,28.742048899999993,8.0,False
165,1.0984502086162566,0.6238,1.5583177600860596,0.5193,10,28.742048900000007,28.742048899999993,8.0,False
166,1.1471230580329894,0.6034,1.8652107318878173,0.4091,10,28.742048900000007,28.742048899999993,8.0,False
167,1.2986398592472077,0.5812,1.6509920387268067,0.5084,10,28.742048900000007,28.742048899999993,8.0,False
168,1.1536450171947479,0.6098,1.86074341506958,0.4297,10,28.742048900000007,28.742048899999993,8.0,False
169,1.1285660323619842,0.6142,1.5483258434295655,0.5212,10,28.742048900000007,28.742048899999993,8.0,False
170,1.0996086620807648,0.6272,1.116279819393158,0.5926,10,28.742048900000007,28.742048899999993,8.0,False
171,1.0286799537181854,0.6356,1.0634372604370117,0.6122,10,28.742048900000007,28.742048899999993,8.0,False
172,0.9223051680088044,0.6848,1.0769491300582885,0.6148,10,28.742048900000007,28.742048899999993,8.0,False
173,1.009844568490982,0.652,1.3590317302703858,0.5514,10,28.742048900000007,28.742048899999993,8.0,False
174,1.0538806413173676,0.6288,1.548392624092102,0.5525,10,28.742048900000007,28.742048899999993,8.0,False
175,1.0712429746627807,0.6376,1.251029634475708,0.5742,10,28.742048900000007,28.742048899999993,8.0,False
176,1.0479704800605774,0.6362,1.2778952033996582,0.5836,10,28.742048900000007,28.742048899999993,8.0,False
177,1.0293352559089661,0.6384,1.0801293040275575,0.6128,10,28.742048900000007,28.742048899999993,8.0,False
178,0.9431711136341095,0.6686,1.053052548980713,0.6235,10,28.742048900000007,28.742048899999993,8.0,False
179,1.0026897619247437,0.6558,1.0524810272216796,0.6195,10,28.742048900000007,28.742048899999993,8.0,False
180,0.9770769254207611,0.6696,1.126211483669281,0.5982,10,28.742048900000007,28.742048899999993,8.0,False
181,0.9314299705982209,0.687,0.96582426404953,0.6552,10,28.742048900000007,28.742048899999993,8.0,False
182,0.9730235273361206,0.666,1.0485246509552002,0.6208,10,28.742048900000007,28.742048899999993,8.0,False
183,0.8976466911554336,0.6828,0.9764573322296143,0.6495,10,28.742048900000007,28.742048899999993,8.0,False
184,0.9350062856435776,0.6746,1.0326800693511964,0.6248,10,28.742048900000007,28.742048899999993,8.0,False
185,0.9096757459163666,0.6838,0.9886110168457031,0.6548,10,28.742048900000007,28.742048899999993,8.0,False
186,0.9889574449062347,0.6768,1.2099174179077148,0.5702,10,28.742048900000007,28.742048899999993,8.0,False
187,0.9932864663600922,0.6614,1.1849938453674316,0.6027,10,28.742048900000007,28.742048899999993,8.0,False
188,0.9855008741378785,0.6568,1.0157556016921998,0.63,10,28.742048900000007,28.742048899999993,8.0,False
189,0.904259877204895,0.6882,0.9852862125396729,0.6495,10,28.742048900000007,28.742048899999993,8.0,False
190,1.0679800151824952,0.6266,1.2500943586349487,0.5688,10,28.742048900000007,28.742048899999993,8.0,False
191,0.9311048871040344,0.689,1.127844264793396,0.6283,10,28.742048900000007,28.742048899999993,8.0,False
192,1.0104809847831726,0.6618,0.9946486225128174,0.6382,10,28.742048900000007,28.742048899999993,8.0,False
193,0.8813066844463349,0.6932,1.119120517539978,0.6156,10,28.742048900000007,28.742048899999993,8.0,False
194,1.111878520011902,0.625,1.2340049276351928,0.5639,10,28.742048900000007,28.742048899999993,8.0,False
195,1.0549505435466766,0.6412,1.1815349437713623,0.5996,10,28.742048900000007,28.742048899999993,8.0,False
196,1.0016460730075836,0.661,1.3439348315238953,0.5727,10,28.742048900000007,28.742048899999993,8.0,False
197,0.9754090428352356,0.6604,1.102209658432007,0.601,10,28.742048900000007,28.742048899999993,8.0,False
198,1.0019707074165345,0.6598,1.2343464721679687,0.5878,10,28.742048900000007,28.742048899999993,8.0,False
199,1.0261527326583861,0.6598,1.1454301313400268,0.593,10,28.742048900000007,28.742048899999993,8.0,False
200,0.9546822311878205,0.6662,1.0308824417114257,0.633,10,28.742048900000007,28.742048899999993,8.0,False
201,0.935284288072586,0.6698,0.9486135201454162,0.6585,10,28.742048900000007,28.742048899999993,8.0,False
202,0.9275623273849487,0.6784,0.9774493774414063,0.6542,10,28.742048900000007,28.742048899999993,8.0,False
203,0.9229795742034912,0.6774,0.9305933678627014,0.6631,10,28.742048900000007,28.742048899999993,8.0,False
204,0.870066132760048,0.7136,1.07651785697937,0.6273,10,28.742048900000007,28.742048899999993,8.0,False
205,0.9081283299446106,0.6824,1.24071622133255,0.5836,10,28.742048900000007,28.742048899999993,8.0,False
206,1.0039060555458068,0.647,1.0967422609329223,0.5945,10,28.742048900000007,28.742048899999993,8.0,False
207,0.9928606103420258,0.6548,1.017216283416748,0.6335,10,28.742048900000007,28.742048899999993,8.0,False
208,0.9006146800518036,0.6786,0.8990613102912903,0.6786,10,28.742048900000007,28.742048899999993,8.0,False
209,0.884783261013031,0.6946,0.9508717641830444,0.6542,10,28.742048900000007,28.742048899999993,8.0,False
210,0.894420424079895,0.6858,1.006745366191864,0.6431,10,28.742048900000007,28.742048899999993,8.0,False
211,0.9668332634925842,0.6664,0.959880483341217,0.659,10,28.742048900000007,28.742048899999993,8.0,False
212,0.9020502849578858,0.6824,0.9631856315612793,0.6571,10,28.742048900000007,28.742048899999993,8.0,False
213,0.833213649225235,0.7158,1.1521852550506593,0.6049,10,28.742048900000007,28.742048899999993,8.0,False
214,0.9390206995487214,0.679,1.3267306710243225,0.5794,10,28.742048900000007,28.742048899999993,8.0,False
215,0.9734954132080078,0.6666,1.552210696029663,0.5237,10,28.742048900000007,28.742048899999993,8.0,False
216,0.9199829726696015,0.6934,1.3243377571105956,0.5747,10,28.742048900000007,28.742048899999993,8.0,False
217,0.9450380033016205,0.6784,0.994013420677185,0.6485,10,28.742048900000007,28.742048899999993,8.0,False
218,0.9420774293422699,0.673,0.9204813471794129,0.6753,10,28.742048900000007,28.742048899999993,8.0,False
219,0.9704734533786774,0.6662,1.1057145650863647,0.6159,10,28.742048900000007,28.742048899999993,8.0,False
220,0.9724837055683136,0.6712,0.9874656999588013,0.6557,10,28.742048900000007,28.742048899999993,8.0,False
221,0.8776466990470886,0.6962,0.9275500560760498,0.6731,10,28.742048900000007,28.742048899999993,8.0,False
222,0.8686730825424195,0.6958,1.0859517844200135,0.6278,10,28.742048900000007,28.742048899999993,8.0,False
223,0.8564426358222962,0.6986,0.9093553199768066,0.6782,10,28.742048900000007,28.742048899999993,8.0,False
224,0.896968109703064,0.6834,0.8911441718101502,0.6716,10,28.742048900000007,28.742048899999993,8.0,False
225,0.8615454377889633,0.7036,0.9851186307907105,0.638,10,28.742048900000007,28.742048899999993,8.0,False
226,0.9505728244304656,0.6736,1.109025304031372,0.6185,10,28.742048900000007,28.742048899999993,8.0,False
227,0.9487586203098297,0.6732,0.947842227935791,0.6626,10,28.742048900000007,28.742048899999993,8.0,False
228,0.852637364244461,0.7114,0.945603730392456,0.6631,10,28.742048900000007,28.742048899999993,8.0,False
229,0.7916097929477691,0.7228,0.8755324045181274,0.6887,10,28.742048900000007,28.742048899999993,8.0,False
230,0.7917217855453491,0.719,0.9932733666419983,0.6408,10,28.742048900000007,28.742048899999993,8.0,False
231,0.8500766804456711,0.711,1.0011399166107178,0.6404,10,28.742048900000007,28.742048899999993,8.0,False
232,0.8919938640117645,0.6898,0.9194803596496582,0.6694,10,28.742048900000007,28.742048899999993,8.0,False
233,0.8108291789531707,0.7352,0.898453729057312,0.6708,10,28.742048900000007,28.742048899999993,8.0,False
234,0.8186891744613648,0.7222,0.9572234523773193,0.6682,10,28.742048900000007,28.742048899999993,8.0,False
235,0.894621821975708,0.6844,0.9368941221237183,0.6653,10,28.742048900000007,28.742048899999993,8.0,False
236,0.8379499073982238,0.7076,0.9219251450538635,0.6727,10,28.742048900000007,28.742048899999993,8.0,False
237,0.8861961977720261,0.7032,1.293192004776001,0.5835,10,28.742048900000007,28.742048899999993,8.0,False
238,0.9356194320201874,0.6818,1.4045019920349122,0.5449,10,28.742048900000007,28.742048899999993,8.0,False
239,1.0140110711574555,0.6508,1.1220358154296874,0.6454,10,28.742048900000007,28.742048899999993,8.0,False
240,0.8795825225591659,0.7048,0.8815535687446594,0.6886,10,28.742048900000007,28.742048899999993,8.0,False
241,0.8683952473640442,0.6936,1.0286177589416503,0.6361,10,28.742048900000007,28.742048899999993,8.0,False
242,0.9099541685581207,0.6806,1.2820731273651123,0.582,10,28.742048900000007,28.742048899999993,8.0,False
243,0.8714516764402389,0.7058,0.9668403160095215,0.6631,10,28.742048900000007,28.742048899999993,8.0,False
244,0.8471155926227569,0.7086,0.9379567315101623,0.6689,10,28.742048900000007,28.742048899999993,8.0,False
245,0.8656498112678528,0.691,0.9914776145935058,0.6564,10,28.742048900000007,28.742048899999993,8.0,False
246,0.953995544719696,0.6662,1.1367941298484803,0.6135,10,28.742048900000007,28.742048899999993,8.0,False
247,0.9181732417583466,0.6804,1.2550466541290284,0.5894,10,28.742048900000007,28.742048899999993,8.0,False
248,0.9391771254062653,0.6784,0.9897127142906189,0.65,10,28.742048900000007,28.742048899999993,8.0,False
249,0.9117773820877075,0.692,1.0836553997039795,0.6162,10,28.742048900000007,28.742048899999993,8.0,False
250,0.8494057946205139,0.7118,0.9771420613288879,0.6666,10,28.742048900000007,28.742048899999993,8.0,False
251,0.900908587026596,0.6876,0.9747855980873108,0.6522,10,28.742048900000007,28.742048899999993,8.0,False
252,0.8693670361995697,0.6948,1.01140285987854,0.6419,10,28.742048900000007,28.742048899999993,8.0,False
253,0.8045102144241333,0.7162,0.9363525968551636,0.6713,10,28.742048900000007,28.742048899999993,8.0,False
254,0.8677173232078552,0.7072,0.9821372275352478,0.6489,10,28.742048900000007,28.742048899999993,8.0,False
255,0.8704164390087128,0.7014,0.9025822805404663,0.6782,10,28.742048900000007,28.742048899999993,8.0,False
256,0.8292584934234619,0.7172,1.0657919694900513,0.6276,10,28.742048900000007,28.742048899999993,8.0,False
257,0.9748533428668976,0.6672,1.2125096940994262,0.6082,10,28.742048900000007,28.742048899999993,8.0,False
258,0.9191421211719513,0.687,1.0713049961090089,0.6276,10,28.742048900000007,28.742048899999993,8.0,False
259,0.9724942024230957,0.6676,1.268850351715088,0.5886,10,28.742048900000007,28.742048899999993,8.0,False
260,0.9291895197868347,0.6894,1.0184471612930297,0.6468,10,28.742048900000007,28.742048899999993,8.0,False
261,0.8286178775548935,0.7202,0.8558834005355835,0.6898,10,28.742048900000007,28.742048899999993,8.0,False
262,0.7678300936222077,0.7358,0.9275245233535767,0.6795,10,28.742048900000007,28.742048899999993,8.0,False
263,0.8993255985736847,0.684,1.0847225105285645,0.6251,10,28.742048900000007,28.742048899999993,8.0,False
264,0.8270909522533417,0.7104,1.0014566391944886,0.6672,10,28.742048900000007,28.742048899999993,8.0,False
265,0.8633619970321655,0.709,0.8603591342926026,0.6975,10,28.742048900000007,28.742048899999993,8.0,False
266,0.7893506236076355,0.7368,0.9157104125976563,0.6865,10,28.742048900000007,28.742048899999993,8.0,False
267,0.8676489187717438,0.707,1.0388820051193237,0.6537,10,28.742048900000007,28.742048899999993,8.0,False
268,0.8190296649336815,0.7232,1.0767551543235778,0.645,10,28.742048900000007,28.742048899999993,8.0,False
269,0.8912531491279602,0.6898,0.9648409268379211,0.6595,10,28.742048900000007,28.742048899999993,8.0,False
270,0.8210650415420532,0.7256,0.9046106044769288,0.6846,10,28.742048900000007,28.742048899999993,8.0,False
271,0.7704905122280121,0.7362,0.8863905447006225,0.6864,10,28.742048900000007,28.742048899999993,8.0,False
272,0.7943995195388794,0.7264,1.0752663935661315,0.6334,10,28.742048900000007,28.742048899999993,8.0,False
273,0.8855399528026581,0.6968,0.9374758359909058,0.6704,10,28.742048900000007,28.742048899999993,8.0,False
274,0.8025047824144363,0.7208,0.8944971689224244,0.6901,10,28.742048900000007,28.742048899999993,8.0,False
275,0.8381581032276153,0.7128,1.3102129413604737,0.5991,10,28.742048900000007,28.742048899999993,8.0,False
276,0.9250780288934708,0.6986,1.452319882583618,0.5721,10,28.742048900000007,28.742048899999993,8.0,False
277,0.8732461390495301,0.7032,1.1796248592376708,0.6076,10,28.742048900000007,28.742048899999993,8.0,False
278,0.7872200253486633,0.7382,0.9130063354492187,0.6798,10,28.742048900000007,28.742048899999993,8.0,False
279,0.8023120460033417,0.7224,0.7945147311210632,0.7149,10,28.742048900000007,28.742048899999993,8.0,False
280,0.8186431912899017,0.7202,0.8669078562736511,0.695,10,28.742048900000007,28.742048899999993,8.0,False
281,0.7865793549537659,0.7332,0.8579558908462525,0.7021,10,28.742048900000007,28.742048899999993,8.0,False
282,0.8103299438714981,0.7212,0.9442530362129211,0.6689,10,28.742048900000007,28.742048899999993,8.0,False
283,0.7956610682010651,0.7186,0.860373205089569,0.7001,10,28.742048900000007,28.742048899999993,8.0,False
284,0.8081071922779083,0.7148,0.8495108177185059,0.6929,10,28.742048900000007,28.742048899999993,8.0,False
285,0.8222045491218567,0.7056,0.807463159942627,0.7105,10,28.742048900000007,28.742048899999993,8.0,False
286,0.7680269036769867,0.7386,0.9453856785774231,0.6871,10,28.742048900000007,28.742048899999993,8.0,False
287,0.8170310849189758,0.7164,1.0018422357559205,0.6541,10,28.742048900000007,28.742048899999993,8.0,False
288,0.8449495789527893,0.7086,0.9362754650115966,0.6798,10,28.742048900000007,28.742048899999993,8.0,False
289,0.7877492775678635,0.7268,1.0446180933952331,0.6471,10,28.742048900000007,28.742048899999993,8.0,False
290,0.8556960647106171,0.718,1.1390903034210205,0.6209,10,28.742048900000007,28.742048899999993,8.0,False
291,0.8178115423440934,0.7216,1.0918265886306762,0.6337,10,28.742048900000007,28.742048899999993,8.0,False
292,0.9250078764915466,0.683,0.9235028181076049,0.6681,10,28.742048900000007,28.742048899999993,8.0,False
293,0.8627337312698364,0.7066,1.4197908237457275,0.5784,10,28.742048900000007,28.742048899999993,8.0,False
294,1.0097695014953614,0.6726,1.5804388874053954,0.5833,10,28.742048900000007,28.742048899999993,8.0,False
295,0.8577478533744812,0.7078,0.8924611194610595,0.69,10,28.742048900000007,28.742048899999993,8.0,False
296,0.8292584008932113,0.7142,0.9925941295623779,0.6466,10,28.742048900000007,28.742048899999993,8.0,False
297,0.8000746858596802,0.7254,0.9669033765792847,0.6733,10,28.742048900000007,28.742048899999993,8.0,False
298,0.8175445219039917,0.7182,1.0538647075653076,0.6516,10,28.742048900000007,28.742048899999993,8.0,False
299,0.7196462604999542,0.7642,0.9237975317001342,0.6765,10,28.742048900000007,28.742048899999993,8.0,False
300,0.831437610912323,0.7112,0.8649421368598939,0.6961,10,28.742048900000007,28.742048899999993,8.0,False
301,0.8034953387737274,0.7354,1.103896397781372,0.6361,10,28.742048900000007,28.742048899999993,8.0,False
302,0.8047848349094391,0.7254,0.9563162618637085,0.6744,10,28.742048900000007,28.742048899999993,8.0,False
303,0.7206013474464417,0.756,0.9448554328918457,0.6813,10,28.742048900000007,28.742048899999993,8.0,False
304,0.7329888511180878,0.746,0.7863682782173157,0.7249,10,28.742048900000007,28.742048899999993,8.0,False
305,0.7431565706253052,0.7458,0.8892577234268189,0.6923,10,28.742048900000007,28.742048899999993,8.0,False
306,0.8235350940465928,0.7156,0.847266209602356,0.7027,10,28.742048900000007,28.742048899999993,8.0,False
307,0.7316114078044892,0.74,1.1195991130828857,0.6407,10,28.742048900000007,28.742048899999993,8.0,False
308,0.7822601488113403,0.7356,0.8837120426177979,0.6842,10,28.742048900000007,28.742048899999993,8.0,False
309,0.7328910683631897,0.7586,0.9296273319244385,0.681,10,28.742048900000007,28.742048899999993,8.0,False
310,0.8189927662491798,0.7292,0.8689297030448914,0.6868,10,28.742048900000007,28.742048899999993,8.0,False
311,0.7263214602947236,0.7528,0.8459717334747314,0.7063,10,28.742048900000007,28.742048899999993,8.0,False
312,0.6923446220636368,0.7688,0.7703333357810974,0.7333,10,28.742048900000007,28.742048899999993,8.0,False
313,0.7529080004453659,0.7444,0.7789145391464234,0.7276,10,28.742048900000007,28.742048899999993,8.0,False
314,0.7767147104978561,0.737,0.850849640750885,0.711,10,28.742048900000007,28.742048899999993,8.0,False
315,0.8172655633926391,0.729,0.9362755535125732,0.6763,10,28.742048900000007,28.742048899999993,8.0,False
316,0.7445190871953964,0.7434,0.7346692882061004,0.7394,10,28.742048900000007,28.742048899999993,8.0,False
317,0.7668477059364319,0.7376,0.8139775774002075,0.7089,10,28.742048900000007,28.742048899999993,8.0,False
318,0.7004046572208404,0.7612,0.8525898504257202,0.7082,10,28.742048900000007,28.742048899999993,8.0,False
319,0.6805489781618118,0.77,0.9009910174369812,0.6806,10,28.742048900000007,28.742048899999993,8.0,False
320,0.6819980552196503,0.7644,0.7164641253471374,0.7499,10,28.742048900000007,28.742048899999993,8.0,False
321,0.7140264997959137,0.7568,0.8156712766647339,0.7073,10,28.742048900000007,28.742048899999993,8.0,False
322,0.7796363259315491,0.7316,0.9955902755737305,0.6686,10,28.742048900000007,28.742048899999993,8.0,False
323,0.7559612280488014,0.7478,0.8933523550987243,0.6992,10,28.742048900000007,28.742048899999993,8.0,False
324,0.8065196483582259,0.7404,1.0698421644210816,0.6259,10,28.742048900000007,28.742048899999993,8.0,False
325,0.8116238864421844,0.7192,0.9877923768043518,0.6857,10,28.742048900000007,28.742048899999993,8.0,False
326,0.855276226401329,0.7122,0.8670153703689575,0.6936,10,28.742048900000007,28.742048899999993,8.0,False
327,0.722825107550621,0.7518,0.9413137493133545,0.6744,10,28.742048900000007,28.742048899999993,8.0,False
328,0.8345674942970276,0.7182,1.186990096282959,0.6236,10,28.742048900000007,28.742048899999993,8.0,False
329,0.7557844066619873,0.7436,0.9005393973350525,0.697,10,28.742048900000007,28.742048899999993,8.0,False
330,0.8237466907024383,0.7212,1.0338615619659424,0.652,10,28.742048900000007,28.742048899999993,8.0,False
331,0.842044428730011,0.7178,0.9361221502304077,0.6884,10,28.742048900000007,28.742048899999993,8.0,False
332,0.74030307700634,0.7476,0.9302072401046753,0.6804,10,28.742048900000007,28.742048899999993,8.0,False
333,0.7625479088783265,0.7292,0.7551149228096008,0.7298,10,28.742048900000007,28.742048899999993,8.0,False
334,0.6914319222450256,0.7594,0.7000358822822571,0.7499,10,28.742048900000007,28.742048899999993,8.0,False
335,0.6937877033948898,0.7608,0.6946974135398865,0.751,10,28.742048900000007,28.742048899999993,8.0,False
336,0.6834237092256547,0.7638,0.8165127299308776,0.7192,10,28.742048900000007,28.742048899999993,8.0,False
337,0.7016280079364776,0.7624,0.8320941278457642,0.7094,10,28.742048900000007,28.742048899999993,8.0,False
338,0.7833457168340683,0.7352,0.8808615581512451,0.6988,10,28.742048900000007,28.742048899999993,8.0,False
339,0.717630421948433,0.7464,0.7816802495956421,0.7265,10,28.742048900000007,28.742048899999993,8.0,False
340,0.7174192026853562,0.7554,0.7618341075897217,0.7341,10,28.742048900000007,28.742048899999993,8.0,False
341,0.6451796463727951,0.778,0.773883549118042,0.7347,10,28.742048900000007,28.742048899999993,8.0,False
342,0.7664142145395278,0.7478,0.9031845434188843,0.6915,10,28.742048900000007,28.742048899999993,8.0,False
343,0.7410806222200393,0.7416,0.9376815357208252,0.6904,10,28.742048900000007,28.742048899999993,8.0,False
344,0.7839266932725907,0.737,0.9790251858711243,0.6678,10,28.742048900000007,28.742048899999993,8.0,False
345,0.7873123230457306,0.7278,0.8200509274482727,0.7178,10,28.742048900000007,28.742048899999993,8.0,False
346,0.7156130669832229,0.7564,0.8738605209350586,0.703,10,28.742048900000007,28.742048899999993,8.0,False
347,0.7324337099313736,0.7474,1.0670660087585448,0.6587,10,28.742048900000007,28.742048899999993,8.0,False
348,0.8499579305648803,0.7114,1.135998316001892,0.6236,10,28.742048900000007,28.742048899999993,8.0,False
349,0.7699180796265602,0.736,0.9280727633476258,0.6881,10,28.742048900000007,28.742048899999993,8.0,False
350,0.7132428767204285,0.7536,0.7985905230522156,0.7258,10,28.742048900000007,28.742048899999993,8.0,False
351,0.6685433329820633,0.7702,0.7714739166259765,0.7289,10,28.742048900000007,28.742048899999993,8.0,False
352,0.7363244016408921,0.7488,0.8048446887016296,0.7256,10,28.742048900000007,28.742048899999993,8.0,False
353,0.6497119929790497,0.7838,0.6981175075531005,0.7545,10,28.742048900000007,28.742048899999993,8.0,False
354,0.7183729843854905,0.7636,0.8447612333297729,0.7054,10,28.742048900000007,28.742048899999993,8.0,False
355,0.6563662501811981,0.7816,0.8871445382118225,0.7051,10,28.742048900000007,28.742048899999993,8.0,False
356,0.6520652616739273,0.7806,0.7118302277565003,0.7471,10,28.742048900000007,28.742048899999993,8.0,False
357,0.6808030642271042,0.7594,0.768746936416626,0.7291,10,28.742048900000007,28.742048899999993,8.0,False
358,0.7251296550273896,0.7536,0.9938914720535278,0.6678,10,28.742048900000007,28.742048899999993,8.0,False
359,0.7468035722970963,0.7432,1.0164165279388429,0.6678,10,28.742048900000007,28.742048899999993,8.0,False
360,0.6912898634701967,0.7772,1.1421580766677857,0.6512,10,28.742048900000007,28.742048899999993,8.0,False
361,0.7516037103652954,0.7452,0.9674386087417602,0.6744,10,28.742048900000007,28.742048899999993,8.0,False
362,0.7063583366155625,0.7618,0.9097619108200073,0.6929,10,28.742048900000007,28.742048899999993,8.0,False
363,0.72495299346447,0.7556,0.9259653561592102,0.6838,10,28.742048900000007,28.742048899999993,8.0,False
364,0.7191191543936729,0.7564,0.8047160799026489,0.7219,10,28.742048900000007,28.742048899999993,8.0,False
365,0.6560602998971939,0.7776,0.688187667798996,0.7583,10,28.742048900000007,28.742048899999993,8.0,False
366,0.6833505211830139,0.7662,0.6767979385852814,0.7621,10,28.742048900000007,28.742048899999993,8.0,False
367,0.7258109765529632,0.7548,0.7218194128036499,0.7538,10,28.742048900000007,28.742048899999993,8.0,False
368,0.7105179468154907,0.7576,0.7917433517456055,0.7271,10,28.742048900000007,28.742048899999993,8.0,False
369,0.7329429799079895,0.7512,0.8374349534988403,0.7083,10,28.742048900000007,28.742048899999993,8.0,False
370,0.7100749509334564,0.7536,0.800831859588623,0.7236,10,28.742048900000007,28.742048899999993,8.0,False
371,0.7068895006895065,0.757,0.8623273223876953,0.7154,10,28.742048900000007,28.742048899999993,8.0,False
372,0.6899983708620071,0.7736,0.7506422080993652,0.7362,10,28.742048900000007,28.742048899999993,8.0,False
373,0.7072006661891937,0.757,0.781367492055893,0.73,10,28.742048900000007,28.742048899999993,8.0,False
374,0.6644096435070038,0.7676,0.7600933141708374,0.7394,10,28.742048900000007,28.742048899999993,8.0,False
375,0.6917327438354492,0.755,0.6747049836158753,0.7593,10,28.742048900000007,28.742048899999993,8.0,False
376,0.6895657519817352,0.7686,0.7555390744209289,0.7378,10,28.742048900000007,28.742048899999993,8.0,False
377,0.7264298613071442,0.7424,0.7191021308898926,0.7506,10,28.742048900000007,28.742048899999993,8.0,False
378,0.6870022386312484,0.7632,0.7544791642189026,0.7299,10,28.742048900000007,28.742048899999993,8.0,False
379,0.7073954123497009,0.7534,0.8058392501831054,0.7205,10,28.742048900000007,28.742048899999993,8.0,False
380,0.6902791081190109,0.7634,0.7134220197677612,0.7472,10,28.742048900000007,28.742048899999993,8.0,False
381,0.7265546729564667,0.7522,0.7809044129371643,0.7285,10,28.742048900000007,28.742048899999993,8.0,False
382,0.7319669041395187,0.7514,0.7649053380489349,0.7352,10,28.742048900000007,28.742048899999993,8.0,False
383,0.6721793345212936,0.7628,1.0413413374900817,0.6642,10,28.742048900000007,28.742048899999993,8.0,False
384,0.741181359910965,0.7406,0.9811927924156189,0.6671,10,28.742048900000007,28.742048899999993,8.0,False
385,0.696926309132576,0.7586,0.9337416702270508,0.6865,10,28.742048900000007,28.742048899999993,8.0,False
386,0.7183598027229309,0.752,0.8665198533058166,0.7083,10,28.742048900000007,28.742048899999993,8.0,False
387,0.6424845770120621,0.7832,0.64753089427948,0.7713,10,28.742048900000007,28.742048899999993,8.0,False
388,0.6900707462310791,0.7634,0.7992303244590759,0.7065,10,28.742048900000007,28.742048899999993,8.0,False
389,0.7220136586666107,0.7528,0.948382297706604,0.6906,10,28.742048900000007,28.742048899999993,8.0,False
390,0.7631131828069687,0.7412,0.9157530787467957,0.6875,10,28.742048900000007,28.742048899999993,8.0,False
391,0.6927472881793976,0.7564,1.156681600189209,0.65,10,28.742048900000007,28.742048899999993,8.0,False
392,0.6557553672671318,0.78,0.7292391721248627,0.743,10,28.742048900000007,28.742048899999993,8.0,False
393,0.6414298252344132,0.7788,0.7874975791931152,0.7309,10,28.742048900000007,28.742048899999993,8.0,False
394,0.668925900220871,0.769,0.7868418843269348,0.7366,10,28.742048900000007,28.742048899999993,8.0,False
395,0.6375728605270385,0.7886,0.8574096490383148,0.7151,10,28.742048900000007,28.742048899999993,8.0,False
396,0.622453004360199,0.788,0.9859047924041748,0.6879,10,28.742048900000007,28.742048899999993,8.0,False
397,0.6344691336005926,0.786,0.7249992458343506,0.742,10,28.742048900000007,28.742048899999993,8.0,False
398,0.6157889625787735,0.794,0.7475938091754913,0.7395,10,28.742048900000007,28.742048899999993,8.0,False
399,0.6374052538394928,0.776,0.7654298627853393,0.7339,10,28.742048900000007,28.742048899999993,8.0,False
400,0.6592259137392044,0.7778,0.6821406489372254,0.7649,10,28.742048900000007,28.742048899999993,8.0,False
401,0.6911311694383622,0.77,0.9590213077545165,0.6644,10,28.742048900000007,28.742048899999993,8.0,False
402,0.7254941922187805,0.754,0.8352958702087402,0.7159,10,28.742048900000007,28.742048899999993,8.0,False
403,0.6903317305088044,0.7644,0.7621959030151367,0.7324,10,28.742048900000007,28.742048899999993,8.0,False
404,0.6115670915365219,0.7902,0.6909082340240479,0.7573,10,28.742048900000007,28.742048899999993,8.0,False
405,0.620309976196289,0.7844,0.7657413722038269,0.7361,10,28.742048900000007,28.742048899999993,8.0,False
406,0.6173929274559021,0.7918,0.6395420282363892,0.7746,10,28.742048900000007,28.742048899999993,8.0,False
407,0.6193246883153916,0.7894,0.8472663258552551,0.7192,10,28.742048900000007,28.742048899999993,8.0,False
408,0.6991633389949798,0.7656,0.9159070010185242,0.6872,10,28.742048900000007,28.742048899999993,8.0,False
409,0.669984006357193,0.7744,0.7910704756736755,0.7334,10,28.742048900000007,28.742048899999993,8.0,False
410,0.6898170946121216,0.7658,0.8576122282028198,0.7117,10,28.742048900000007,28.742048899999993,8.0,False
411,0.6396336812376976,0.7824,0.7420453525543212,0.7457,10,28.742048900000007,28.742048899999993,8.0,False
412,0.5798603782892228,0.7984,0.779962139415741,0.7291,10,28.742048900000007,28.742048899999993,8.0,False
413,0.7006849390983582,0.765,0.7318003514289856,0.7486,10,28.742048900000007,28.742048899999993,8.0,False
414,0.7109403163611889,0.7622,0.8704481476783752,0.6948,10,28.742048900000007,28.742048899999993,8.0,False
415,0.6851408445358277,0.7696,0.7462066944599152,0.7456,10,28.742048900000007,28.742048899999993,8.0,False
416,0.6820085636377334,0.7706,0.8227642780303955,0.7051,10,28.742048900000007,28.742048899999993,8.0,False
417,0.6733231536388398,0.7718,0.7738553558349609,0.7371,10,28.742048900000007,28.742048899999993,8.0,False
418,0.6441671402454376,0.7804,0.8131943576812745,0.714,10,28.742048900000007,28.742048899999993,8.0,False
419,0.613428714632988,0.7902,0.7470928541183471,0.7442,10,28.742048900000007,28.742048899999993,8.0,False
420,0.6278607192516327,0.7826,0.7321656200408936,0.7465,10,28.742048900000007,28.742048899999993,8.0,False
421,0.6565695687294006,0.7806,0.9472044221878052,0.6851,10,28.742048900000007,28.742048899999993,8.0,False
422,0.6391496377944946,0.7834,1.1173274903297423,0.6512,10,28.742048900000007,28.742048899999993,8.0,False
423,0.6580852352380753,0.7784,0.8444186292648316,0.7119,10,28.742048900000007,28.742048899999993,8.0,False
424,0.6355430387631059,0.784,0.7022676545143127,0.7501,10,28.742048900000007,28.742048899999993,8.0,False
425,0.6036222317695618,0.7946,0.6271390978813172,0.7775,10,28.742048900000007,28.742048899999993,8.0,False
426,0.5444149697542191,0.8184,0.6809370351791382,0.7657,10,28.742048900000007,28.742048899999993,8.0,False
427,0.6077503687620163,0.7934,0.8588532787322998,0.7089,10,28.742048900000007,28.742048899999993,8.0,False
428,0.6800203280448913,0.7696,0.9723695984840393,0.6888,10,28.742048900000007,28.742048899999993,8.0,False
429,0.6984901942253113,0.7676,0.8434472942352295,0.7182,10,28.742048900000007,28.742048899999993,8.0,False
430,0.668230700814724,0.7724,0.8032486896514892,0.7281,10,28.742048900000007,28.742048899999993,8.0,False
431,0.6649617609262466,0.7744,0.7708600208282471,0.7399,10,28.742048900000007,28.742048899999993,8.0,False
432,0.5782718930244446,0.7956,0.6436628158569336,0.7742,10,28.742048900000007,28.742048899999993,8.0,False
433,0.6528608594179154,0.7772,0.7050048410415649,0.7478,10,28.742048900000007,28.742048899999993,8.0,False
434,0.6424202337503433,0.7836,0.8327170965194702,0.7109,10,28.742048900000007,28.742048899999993,8.0,False
435,0.6554471791386605,0.7762,0.8310276601791382,0.7347,10,28.742048900000007,28.742048899999993,8.0,False
436,0.5585119285583496,0.8092,0.6463271562576294,0.7741,10,28.742048900000007,28.742048899999993,8.0,False
437,0.6590591948747635,0.774,0.702873637008667,0.7556,10,28.742048900000007,28.742048899999993,8.0,False
438,0.5667957804441452,0.7998,0.6647200810432434,0.7723,10,28.742048900000007,28.742048899999993,8.0,False
439,0.5315564596891403,0.8214,0.6388443264961242,0.7782,10,28.742048900000007,28.742048899999993,8.0,False
440,0.6101783163785934,0.7874,0.6239756805419922,0.7841,10,28.742048900000007,28.742048899999993,8.0,False
441,0.5843796925783158,0.808,0.6764600121498108,0.7661,10,28.742048900000007,28.742048899999993,8.0,False
442,0.6059536237716675,0.7906,0.7716551078796386,0.7292,10,28.742048900000007,28.742048899999993,8.0,False
443,0.6487271192073822,0.7778,0.6296709918022155,0.7791,10,28.742048900000007,28.742048899999993,8.0,False
444,0.6216317582249642,0.7782,0.8291531803131104,0.7158,10,28.742048900000007,28.742048899999993,8.0,False
445,0.7685204496383667,0.748,1.0734498940467834,0.6493,10,28.742048900000007,28.742048899999993,8.0,False
446,0.6800353031396866,0.773,0.9288719509124755,0.7124,10,28.742048900000007,28.742048899999993,8.0,False
447,0.6689740226745605,0.7806,0.8217660396575928,0.7292,10,28.742048900000007,28.742048899999993,8.0,False
448,0.6735173489809037,0.7616,0.852060167312622,0.717,10,28.742048900000007,28.742048899999993,8.0,False
449,0.6620962874174118,0.7724,0.6230630387306213,0.7889,10,28.742048900000007,28.742048899999993,8.0,False
450,0.6113969413995742,0.7934,1.1069700514793397,0.6144,10,28.742048900000007,28.742048899999993,8.0,False
451,0.8322208079099656,0.7194,1.163582216644287,0.6732,10,28.742048900000007,28.742048899999993,8.0,False
452,0.7280699633598328,0.7596,0.7041052620887757,0.7564,10,28.742048900000007,28.742048899999993,8.0,False
453,0.6796927882313728,0.7658,0.7322362887382508,0.7402,10,28.742048900000007,28.742048899999993,8.0,False
454,0.6674687985658646,0.774,0.6611721457481384,0.7689,10,28.742048900000007,28.742048899999993,8.0,False
455,0.6909853848695755,0.765,0.8579038689613342,0.7059,10,28.742048900000007,28.742048899999993,8.0,False
456,0.6896781415224076,0.76,0.895612456035614,0.7081,10,28.742048900000007,28.742048899999993,8.0,False
457,0.7163918012619018,0.7534,1.0232085552215575,0.6676,10,28.742048900000007,28.742048899999993,8.0,False
458,0.6853056241869926,0.7778,0.9053805904388428,0.712,10,28.742048900000007,28.742048899999993,8.0,False
459,0.7085974062442779,0.7616,0.8069515563964844,0.722,10,28.742048900000007,28.742048899999993,8.0,False
460,0.5982988446116447,0.7972,0.7664116371154786,0.7409,10,28.742048900000007,28.742048899999993,8.0,False
461,0.6722007268190384,0.7794,0.8245746250629425,0.7166,10,28.742048900000007,28.742048899999993,8.0,False
462,0.6264833468198776,0.782,0.6477499976158142,0.7757,10,28.742048900000007,28.742048899999993,8.0,False
463,0.5677187551736832,0.8098,0.6742229496955872,0.7742,10,28.742048900000007,28.742048899999993,8.0,False
464,0.5884382055521011,0.7958,0.9030456960201263,0.7186,10,28.742048900000007,28.742048899999993,8.0,False
465,0.5951308624029159,0.796,0.8437491404533386,0.722,10,28.742048900000007,28.742048899999993,8.0,False
466,0.7425075954437256,0.7628,0.7546714933872223,0.7289,10,28.742048900000007,28.742048899999993,8.0,False
467,0.6732003517746925,0.7692,0.7712299593925476,0.7395,10,28.742048900000007,28.742048899999993,8.0,False
468,0.6300146117687225,0.7918,0.6837987528800964,0.7633,10,28.742048900000007,28.742048899999993,8.0,False
469,0.6341451979637146,0.7866,0.7001055353164672,0.7616,10,28.742048900000007,28.742048899999993,8.0,False
470,0.6228527624607086,0.803,0.595980394601822,0.795,10,28.742048900000007,28.742048899999993,8.0,False
471,0.5724842040777206,0.806,0.7877757827758789,0.7342,10,28.742048900000007,28.742048899999993,8.0,False
472,0.5675355837106705,0.8034,0.6650351727485657,0.7728,10,28.742048900000007,28.742048899999993,8.0,False
473,0.6803678231239318,0.7678,0.7750345210075379,0.7374,10,28.742048900000007,28.742048899999993,8.0,False
474,0.6537961824655533,0.7724,0.8376401559829711,0.7232,10,28.742048900000007,28.742048899999993,8.0,False
475,0.6505757964372635,0.7804,0.800691493177414,0.7247,10,28.742048900000007,28.742048899999993,8.0,False
476,0.6105612503767014,0.7924,0.9395070094108582,0.6838,10,28.742048900000007,28.742048899999993,8.0,False
477,0.6481877078533173,0.7752,0.6501592129707336,0.7752,10,28.742048900000007,28.742048899999993,8.0,False
478,0.5753157501220703,0.7988,0.654846931219101,0.7699,10,28.742048900000007,28.742048899999993,8.0,False
479,0.6067881460666656,0.7946,0.6223514420509338,0.777,10,28.742048900000007,28.742048899999993,8.0,False
480,0.5701562500238418,0.8104,0.5974828904151916,0.79,10,28.742048900000007,28.742048899999993,8.0,False
481,0.5978899169445038,0.7904,0.6297759155273438,0.7791,10,28.742048900000007,28.742048899999993,8.0,False
482,0.6124152877092361,0.7942,0.6852360700130463,0.7699,10,28.742048900000007,28.742048899999993,8.0,False
483,0.5841893286705017,0.8038,0.7379946327209472,0.7539,10,28.742048900000007,28.742048899999993,8.0,False
484,0.6114046283245087,0.7948,0.6687368970870972,0.764,10,28.742048900000007,28.742048899999993,8.0,False
485,0.6296962419986725,0.7858,0.7048386531829834,0.7559,10,28.742048900000007,28.742048899999993,8.0,False
486,0.5793318509340286,0.8066,0.656132269191742,0.7798,10,28.742048900000007,28.742048899999993,8.0,False
487,0.5498510559797287,0.8176,0.7734448590278625,0.7473,10,28.742048900000007,28.742048899999993,8.0,False
488,0.6356946241140365,0.7808,0.8761857042312622,0.7117,10,28.742048900000007,28.742048899999993,8.0,False
489,0.6347436302900314,0.785,0.9084251264572144,0.7098,10,28.742048900000007,28.742048899999993,8.0,False
490,0.6693664058446884,0.7724,0.9057883694648743,0.7048,10,28.742048900000007,28.742048899999993,8.0,False
491,0.5688100485086441,0.8036,0.6992357091903687,0.7629,10,28.742048900000007,28.742048899999993,8.0,False
492,0.554594187951088,0.808,0.7034019040107727,0.7576,10,28.742048900000007,28.742048899999993,8.0,False
493,0.5557157530546188,0.812,0.6515461732387543,0.7761,10,28.742048900000007,28.742048899999993,8.0,False
494,0.5704601339101791,0.8024,0.6465183414459229,0.7785,10,28.742048900000007,28.742048899999993,8.0,False
495,0.6400595041513443,0.7856,0.7364693769931793,0.7441,10,28.742048900000007,28.742048899999993,8.0,False
496,0.5546877708911896,0.81,0.8331914726257325,0.7205,10,28.742048900000007,28.742048899999993,8.0,False
497,0.5534590487480163,0.8132,0.6483122447013855,0.7735,10,28.742048900000007,28.742048899999993,8.0,False
498,0.510565644800663,0.825,0.6038484723091125,0.7951,10,28.742048900000007,28.742048899999993,8.0,False
499,0.5542248453080654,0.8092,0.8032089679718017,0.7325,10,28.742048900000007,28.742048899999993,8.0,False
500,0.5594599534630775,0.8094,0.8001854000091553,0.7355,10,28.742048900000007,28.742048899999993,8.0,True
