dataset,algorithm,seed
cifar10,fedavg,42
cifar10,fedprox,42
cifar10,fedavgm,42
cifar10,fedadam,42
cifar10,fednova,42
cifar10,fedavg,43
cifar10,fedprox,43
cifar10,fedavgm,43
cifar10,fedadam,43
cifar10,fednova,43
cifar10,fedavg,44
cifar10,fedprox,44
cifar10,fedavgm,44
cifar10,fedadam,44
cifar10,fednova,44
cifar10,fedavg,45
cifar10,fedprox,45
cifar10,fedavgm,45
cifar10,fedadam,45
cifar10,fednova,45
cifar10,fedavg,46
cifar10,fedprox,46
cifar10,fedavgm,46
cifar10,fedadam,46
cifar10,fednova,46
femnist,fedavg,42
femnist,fedprox,42
femnist,fedavgm,42
femnist,fedadam,42
femnist,fednova,42
femnist,fedavg,43
femnist,fedprox,43
femnist,fedavgm,43
femnist,fedadam,43
femnist,fednova,43
femnist,fedavg,44
femnist,fedprox,44
femnist,fedavgm,44
femnist,fedadam,44
femnist,fednova,44
femnist,fedavg,45
femnist,fedprox,45
femnist,fedavgm,45
femnist,fedadam,45
femnist,fednova,45
femnist,fedavg,46
femnist,fedprox,46
femnist,fedavgm,46
femnist,fedadam,46
femnist,fednova,46
shakespeare,fedavg,42
shakespeare,fedprox,42
shakespeare,fedavgm,42
shakespeare,fedadam,42
shakespeare,fednova,42
shakespeare,fedavg,43
shakespeare,fedprox,43
shakespeare,fedavgm,43
shakespeare,fedadam,43
shakespeare,fednova,43
shakespeare,fedavg,44
shakespeare,fedprox,44
shakespeare,fedavgm,44
shakespeare,fedadam,44
shakespeare,fednova,44
shakespeare,fedavg,45
shakespeare,fedprox,45
shakespeare,fedavgm,45
shakespeare,fedadam,45
shakespeare,fednova,45
shakespeare,fedavg,46
shakespeare,fedprox,46
shakespeare,fedavgm,46
shakespeare,fedadam,46
shakespeare,fednova,46
