round,train_loss,train_accuracy,test_loss,test_accuracy,num_fit_clients,num_fit_examples,run_completed
1,4.058062591927701,0.04238980187375211,nan,nan,20,6511,False
2,3.8273963423621065,0.05616373155640171,nan,nan,20,6303,False
3,3.7560333177601133,0.05239286831404442,nan,nan,20,6394,False
4,3.7549507531238944,0.05997766788961557,nan,nan,20,6269,False
5,3.7390990762352363,0.061134684897061135,nan,nan,20,6363,False
6,3.7422902318373845,0.06118175018698579,nan,nan,20,6685,False
7,3.713602824265022,0.06607228148384016,nan,nan,20,6281,False
8,3.7093847277294905,0.05965721819380356,nan,nan,20,6068,False
9,3.7493540029056738,0.06375227686703097,nan,nan,20,6039,False
10,3.7312665389174495,0.06241201313937119,3.7217924040066928,0.05907911070985216,20,6393,False
11,3.716101598449879,0.05555555555555555,nan,nan,20,5760,False
12,3.7382213061275373,0.05979962429555417,nan,nan,20,6388,False
13,3.7219309960039433,0.05924764890282132,nan,nan,20,6380,False
14,3.7149301295327146,0.06609547123623011,nan,nan,20,6536,False
15,3.6887651030924697,0.06214775323686215,nan,nan,20,6565,False
16,3.7119264842054616,0.06542480690595184,nan,nan,20,6603,False
17,3.697012690564562,0.060121522225775506,nan,nan,20,6254,False
18,3.685857402663275,0.06627326373127554,nan,nan,20,6609,False
19,3.6993463020561093,0.06491092176607281,nan,nan,20,6455,False
20,3.6909416007875664,0.0625687784939475,3.6974579310957996,0.05907911070985216,20,6361,False
21,3.6945547269796553,0.06121773659827928,nan,nan,20,6044,False
22,3.6921777927238524,0.0717557251908397,nan,nan,20,6550,False
23,3.6890987148976446,0.06829679595278246,nan,nan,20,5930,False
24,3.7099430772503483,0.0667693888032871,nan,nan,20,5841,False
25,3.687225050688902,0.0671850699844479,nan,nan,20,6430,False
26,3.6809734560753617,0.06925291710865282,nan,nan,20,6599,False
27,3.6702964009804755,0.07136179495169835,nan,nan,20,6418,False
28,3.666086098447172,0.07018127390653583,nan,nan,20,6013,False
29,3.6650751606034455,0.08399872245289045,nan,nan,20,6262,False
30,3.6615988736262604,0.07664826242286457,3.6505026832658487,0.059925516307414516,20,6158,False
31,3.635941868264561,0.07164561010714857,nan,nan,20,6253,False
32,3.645233528862464,0.09607577807848444,nan,nan,20,5912,False
33,3.6483983591549696,0.07811066952002446,nan,nan,20,6542,False
34,3.6212569440259097,0.08492174182550752,nan,nan,20,6453,False
35,3.6012874053917097,0.08270435201541673,nan,nan,20,6227,False
36,3.5644756325570874,0.0990919228931018,nan,nan,20,6277,False
37,3.56224900867689,0.10470434498529892,nan,nan,20,6122,False
38,3.4937914809010495,0.11139583961410914,nan,nan,20,6634,False
39,3.4558639483900775,0.12434266327396098,nan,nan,20,5895,False
40,3.444922868935567,0.1323797930614729,3.3987721581583354,0.14072903735470038,20,6572,False
41,3.3607568734826083,0.14086166273981823,nan,nan,20,5942,False
42,3.377750283278861,0.15623013350286077,nan,nan,20,6292,False
43,3.285108680621981,0.15582763555414214,nan,nan,20,6289,False
44,3.1605417986598976,0.1919549477071601,nan,nan,20,6215,False
45,3.1356170667432313,0.20915318466695818,nan,nan,20,6861,False
46,2.9589561473966155,0.2631161832303059,nan,nan,20,6309,False
47,2.9004399997907595,0.26333501598519266,nan,nan,20,5943,False
48,2.8966759937830906,0.26455775889203653,nan,nan,20,6354,False
49,2.7355081558910865,0.30119854090672227,nan,nan,20,5757,False
50,2.7349226259748494,0.29747925473618286,2.6670911979115637,0.33856223902494076,20,6387,False
51,2.6391625662992713,0.3232484076433121,nan,nan,20,6280,False
52,2.544922607277842,0.34096109839816935,nan,nan,20,6555,False
53,2.526365005498486,0.35827999343508943,nan,nan,20,6093,False
54,2.478459083051237,0.35639707028206324,nan,nan,20,6417,False
55,2.423786172476843,0.36951672862453533,nan,nan,20,6725,False
56,2.33485777265278,0.39967923015236567,nan,nan,20,6235,False
57,2.3059579076215737,0.40943487361133474,nan,nan,20,6211,False
58,2.2439238209322276,0.4070682730923695,nan,nan,20,6225,False
59,2.131265946317602,0.44823045267489714,nan,nan,20,6075,False
60,2.194727961854208,0.42049142327306444,2.130044903231587,0.462927434826769,20,6471,False
61,2.0455632727101163,0.4728079911209767,nan,nan,20,6307,False
62,1.9557228099530743,0.47870967741935483,nan,nan,20,6200,False
63,2.0051446911003707,0.47342535300650485,nan,nan,20,6303,False
64,1.9144059794485941,0.500240038406145,nan,nan,20,6249,False
65,1.8815761752975393,0.49557365439093487,nan,nan,20,5648,False
66,1.827090510002673,0.5236955481091431,nan,nan,20,6267,False
67,1.832258756293617,0.5163262023483995,nan,nan,20,6217,False
68,1.8086157403237635,0.5239427860696517,nan,nan,20,6432,False
69,1.7051870276053358,0.5481178138289494,nan,nan,20,6349,False
70,1.7484846551280488,0.532839817294062,1.7702170122209244,0.5334612346236316,20,6349,False
71,1.7289383575395245,0.5513882123721383,nan,nan,20,6159,False
72,1.6796310429975656,0.5532145623547637,nan,nan,20,6455,False
73,1.6422326124027666,0.5679089349758304,nan,nan,20,6413,False
74,1.6612450224625892,0.5563966691900075,nan,nan,20,6605,False
75,1.58003504259049,0.5745765499095543,nan,nan,20,6081,False
76,1.5685878194479579,0.5826506024096385,nan,nan,20,6225,False
77,1.5398505479427769,0.5880582831802345,nan,nan,20,6314,False
78,1.498132280215346,0.6072880825774163,nan,nan,20,6394,False
79,1.6046572886656905,0.5718019931383761,nan,nan,20,6121,False
80,1.4897943502154922,0.6109043844038181,1.54763071769221,0.5807470940074484,20,6181,False
81,1.3539360519848178,0.6346723740533421,nan,nan,20,6074,False
82,1.458292119710671,0.6109996656636576,nan,nan,20,5982,False
83,1.4028668178925439,0.6274420024420024,nan,nan,20,6552,False
84,1.4463790938560062,0.6104779993668883,nan,nan,20,6318,False
85,1.3670023922567014,0.6284103033074226,nan,nan,20,6561,False
86,1.4020431937937305,0.6196675031367629,nan,nan,20,6376,False
87,1.282088620041037,0.6603085088737768,nan,nan,20,6029,False
88,1.347303126046389,0.6380908952728378,nan,nan,20,6579,False
89,1.2683861084495534,0.6581051984004922,nan,nan,20,6502,False
90,1.3803068676231685,0.6309817464232856,1.3567589521004484,0.6319828461798894,20,6081,False
91,1.3130111146415138,0.6413760603204524,nan,nan,20,6366,False
92,1.3575859723045853,0.6261253887706663,nan,nan,20,6109,False
93,1.2984740152236225,0.6465123859191656,nan,nan,20,6136,False
94,1.2215867825522233,0.6646001239925604,nan,nan,20,6452,False
95,1.29226397044513,0.6445475638051044,nan,nan,20,6465,False
96,1.2500020384897812,0.6577017114914425,nan,nan,20,6544,False
97,1.282964515345159,0.6519607843137255,nan,nan,20,6120,False
98,1.1186180009434412,0.6922443602832208,nan,nan,20,6073,False
99,1.1850995651331755,0.6766160668599693,nan,nan,20,5863,False
100,1.2213446071213374,0.6605657237936772,1.2378048379377375,0.6561900462701726,20,6010,False
101,1.2017415221506322,0.6703858670385867,nan,nan,20,6453,False
102,1.1390086560766288,0.6865695792880259,nan,nan,20,6180,False
103,1.1096631247856927,0.6947898630568236,nan,nan,20,6353,False
104,1.1095559101585186,0.6951747602845654,nan,nan,20,6466,False
105,1.1146107868164252,0.6932032724984267,nan,nan,20,6356,False
106,1.0916697904921886,0.6998475609756097,nan,nan,20,6560,False
107,1.0830393591557914,0.7020725388601037,nan,nan,20,6176,False
108,1.0497639959169784,0.7117408906882591,nan,nan,20,6175,False
109,1.0425635536847713,0.705303612605688,nan,nan,20,6505,False
110,0.9461622134831272,0.72978273989137,1.115155574699891,0.6849114095474551,20,6628,False
111,1.119071970267417,0.6885724090597117,nan,nan,20,5828,False
112,1.0155317182196362,0.7147806004618937,nan,nan,20,6062,False
113,1.031265202802961,0.7160433867573256,nan,nan,20,6177,False
114,1.0521750928283304,0.7074128620520374,nan,nan,20,6111,False
115,0.9959114166612097,0.7202011735121542,nan,nan,20,5965,False
116,1.0199169988104377,0.7105421686746988,nan,nan,20,6640,False
117,1.0561208909184931,0.7043436905516804,nan,nan,20,6308,False
118,0.9251026199682246,0.7409263477600607,nan,nan,20,6585,False
119,1.0398988171134254,0.7105567487196431,nan,nan,20,6053,False
120,1.0613990419049995,0.7044257112750263,1.029962615132157,0.7079336418011511,20,5694,False
121,0.9538294550492744,0.7253661784287616,nan,nan,20,6008,False
122,0.8150901981695173,0.762560651119111,nan,nan,20,6389,False
123,0.9867887080083135,0.7125019756598704,nan,nan,20,6327,False
124,1.0081864787674533,0.718140243902439,nan,nan,20,6560,False
125,0.933673622455734,0.7309594460929772,nan,nan,20,6066,False
126,0.8326130553928947,0.7681948857618399,nan,nan,20,6609,False
127,0.9831011005315696,0.7175910731867411,nan,nan,20,6094,False
128,0.9958932733664901,0.7197960917587086,nan,nan,20,5885,False
129,0.8371453503076334,0.763425484588497,nan,nan,20,6294,False
130,0.8814284133235445,0.744072852881143,0.9354192567536234,0.7318022796524094,20,6369,False
131,1.0012983194706955,0.7236140294165185,nan,nan,20,6187,False
132,0.8913866275918616,0.7386850152905199,nan,nan,20,6540,False
133,0.9419726887991031,0.7335,nan,nan,20,6000,False
134,0.8420833003368496,0.756801869470873,nan,nan,20,5991,False
135,0.8816832450875153,0.7511684125705077,nan,nan,20,6205,False
136,0.7420064405150495,0.7740878629932986,nan,nan,20,6715,False
137,0.7663630935009319,0.7812258761772426,nan,nan,20,6477,False
138,0.9519876788318152,0.7398834574295888,nan,nan,20,6178,False
139,0.8593100395022321,0.7463865546218488,nan,nan,20,5950,False
140,0.7954300888839123,0.7716323296354992,0.8760418286510279,0.7444419365760072,20,6310,False
141,0.7738007834204426,0.779454797474203,nan,nan,20,6493,False
142,0.8259457918085578,0.7561327561327561,nan,nan,20,6237,False
143,0.8813280774130698,0.7477491961414791,nan,nan,20,6220,False
144,0.7311502634384036,0.7865872288420409,nan,nan,20,6546,False
145,0.8723509274755792,0.7480110407533691,nan,nan,20,6159,False
146,0.7832980252679906,0.7708782998505728,nan,nan,20,6023,False
147,0.7997314496944677,0.7721619897959183,nan,nan,20,6272,False
148,0.7248766256780782,0.7944742900997698,nan,nan,20,6515,False
149,0.83640522026353,0.7593237195425162,nan,nan,20,6033,False
150,0.7751748706810417,0.7738226492361002,0.8259705359316104,0.7606929240492044,20,6349,False
151,0.6559684705813473,0.810451593414892,nan,nan,20,6621,False
152,0.73918503795607,0.7867853795688847,nan,nan,20,6402,False
153,0.7421782274044235,0.7830450895614577,nan,nan,20,6476,False
154,0.894530673417472,0.7422480620155039,nan,nan,20,6192,False
155,0.7948973016218567,0.7706876456876457,nan,nan,20,6864,False
156,0.8123540572308282,0.7678776919283249,nan,nan,20,6083,False
157,0.7106661124950461,0.7949790794979079,nan,nan,20,6214,False
158,0.749075467686913,0.7838694343210267,nan,nan,20,6311,False
159,0.8342550441567994,0.7631368790927967,nan,nan,20,6261,False
160,0.8048526686128559,0.7661932261588887,0.7809534998998028,0.773896851371177,20,6407,False
161,0.7142291905261003,0.7893846153846154,nan,nan,20,6500,False
162,0.7879123854706206,0.7750894530584427,nan,nan,20,5869,False
163,0.6981816345842412,0.7970044614404079,nan,nan,20,6276,False
164,0.6546631297794439,0.8042923607984391,nan,nan,20,6663,False
165,0.8069852925271589,0.7798269952668516,nan,nan,20,6127,False
166,0.7478210215988905,0.7883614571834096,nan,nan,20,6341,False
167,0.6869841847458227,0.8029509757258448,nan,nan,20,6303,False
168,0.7227034962767257,0.7921864740643467,nan,nan,20,6092,False
169,0.7020285529570182,0.7925385239253853,nan,nan,20,6165,False
170,0.7838330692803549,0.7731618859215298,0.7282821763155086,0.7866493623744498,20,6066,False
171,0.7258575374559925,0.78701504354711,nan,nan,20,6315,False
172,0.7253598992593239,0.7922321010762752,nan,nan,20,6411,False
173,0.6717607603713998,0.8042088854247856,nan,nan,20,6415,False
174,0.7291037793555589,0.7911181601903251,nan,nan,20,6305,False
175,0.7004940949847098,0.79050736497545,nan,nan,20,6721,False
176,0.6896760696767057,0.8031120990790728,nan,nan,20,6298,False
177,0.6259833386932703,0.8136869679109365,nan,nan,20,6108,False
178,0.6188780980371447,0.8106634353226295,nan,nan,20,6602,False
179,0.6070600587599241,0.8192282749675746,nan,nan,20,6168,False
180,0.6816089534729618,0.8022333710956465,0.701045551945536,0.7952826994695859,20,6179,False
181,0.6832758829714523,0.7991604778818211,nan,nan,20,6194,False
182,0.6305917460986962,0.8115372009177318,nan,nan,20,6102,False
183,0.6921674746004816,0.8033159947984395,nan,nan,20,6152,False
184,0.6476757601965571,0.8058143270157404,nan,nan,20,6226,False
185,0.6568062164922401,0.8119533527696793,nan,nan,20,6174,False
186,0.6673078326533983,0.7994251038007026,nan,nan,20,6262,False
187,0.7400775147561556,0.7864948621758278,nan,nan,20,6131,False
188,0.6344766611293029,0.813953488372093,nan,nan,20,6149,False
189,0.6126958439870073,0.8192350420568164,nan,nan,20,6301,False
190,0.6766169662445687,0.7944983818770227,0.6776738370962222,0.8000789978557725,20,6180,False
191,0.6621626672687394,0.8103055916775033,nan,nan,20,6152,False
192,0.7234070261183844,0.793157564344005,nan,nan,20,6372,False
193,0.6837960241794757,0.804520853231455,nan,nan,20,6282,False
194,0.5630172970443418,0.8252014652014652,nan,nan,20,6825,False
195,0.5727971348546633,0.8316860893937159,nan,nan,20,6779,False
196,0.7297289190430235,0.7883365821962314,nan,nan,20,6156,False
197,0.5441614018341643,0.8359707851491175,nan,nan,20,6572,False
198,0.5954399776285867,0.8287581699346406,nan,nan,20,6120,False
199,0.680246971877133,0.7998150716597319,nan,nan,20,6489,False
200,0.6237792773854889,0.8088472715531159,0.6511030882317814,0.8094458864687959,20,6194,False
201,0.5375309863739641,0.8389375095961922,nan,nan,20,6513,False
202,0.6517403209762754,0.8032247964934252,nan,nan,20,6388,False
203,0.6411738162539743,0.8089547482472913,nan,nan,20,6276,False
204,0.5152282698435361,0.8472549944942583,nan,nan,20,6357,False
205,0.5388689263341928,0.8397494653223343,nan,nan,20,6546,False
206,0.5712070225947694,0.8290232251688354,nan,nan,20,6071,False
207,0.5635108280838091,0.8298846943610804,nan,nan,20,6331,False
208,0.602874049849539,0.8240654927401916,nan,nan,20,6474,False
209,0.6321421393042354,0.8173326414115205,nan,nan,20,5781,False
210,0.5444500967574532,0.8383128295254832,0.6223934201378408,0.8192077643606817,20,6259,False
211,0.6030330098087369,0.8164136622390892,nan,nan,20,6324,False
212,0.6366330287745738,0.8116543665436654,nan,nan,20,6504,False
213,0.6333489221323888,0.8221230474976092,nan,nan,20,6274,False
214,0.5163360142411859,0.8466284706919348,nan,nan,20,6807,False
215,0.5456918668230545,0.8330241187384044,nan,nan,20,6468,False
216,0.5307212773826105,0.8337809609071919,nan,nan,20,6702,False
217,0.6504167351222409,0.8092529972333231,nan,nan,20,6506,False
218,0.6314145836322772,0.8167836843864928,nan,nan,20,5982,False
219,0.6538619311610964,0.8076016962462699,nan,nan,20,6367,False
220,0.6388620020271848,0.8113762667538411,0.6008958021844567,0.8218598352330436,20,6118,False
221,0.5706937319814739,0.8346944948578342,nan,nan,20,6612,False
222,0.5537728189260008,0.8337295926454271,nan,nan,20,6309,False
223,0.5974898844392287,0.8270676691729323,nan,nan,20,6118,False
224,0.4528931983512657,0.8603844941695556,nan,nan,20,6346,False
225,0.5822336000050499,0.8208101927474681,nan,nan,20,6122,False
226,0.6225350513797784,0.8172143974960876,nan,nan,20,6390,False
227,0.6505712513494885,0.8063746378046702,nan,nan,20,5867,False
228,0.6386917557998629,0.8188238906801781,nan,nan,20,6513,False
229,0.5962141043233916,0.8241292751804205,nan,nan,20,6374,False
230,0.5544906726918379,0.8321280196953378,0.5894425341243763,0.8246247601850807,20,6499,False
231,0.5869551162346652,0.8311164250485727,nan,nan,20,6691,False
232,0.6106428887328216,0.8221497359428394,nan,nan,20,6438,False
233,0.5337337672926957,0.8390459643026378,nan,nan,20,6331,False
234,0.5878348704806149,0.8158016325273372,nan,nan,20,6493,False
235,0.5457767466857134,0.8346370463078848,nan,nan,20,6392,False
236,0.5390347589015915,0.8385692068429238,nan,nan,20,6430,False
237,0.6227875462861855,0.8176048104225823,nan,nan,20,5987,False
238,0.5316129683675057,0.8302012306668884,nan,nan,20,6013,False
239,0.5533930517106939,0.832389046270066,nan,nan,20,6354,False
240,0.5428259242062566,0.8349451966473244,0.5826451531006512,0.8245119061054057,20,6204,False
241,0.539385432993617,0.8324189526184539,nan,nan,20,6015,False
242,0.6454923029136428,0.8124677113828138,nan,nan,20,5807,False
243,0.53067836453119,0.8347025961222477,nan,nan,20,6086,False
244,0.5587440851010395,0.8327504941462673,nan,nan,20,6577,False
245,0.5679900991896529,0.831858407079646,nan,nan,20,6441,False
246,0.5161106223170415,0.8421382661859226,nan,nan,20,6379,False
247,0.4894687305266329,0.8491379310344828,nan,nan,20,6032,False
248,0.5331112825229603,0.845230369889682,nan,nan,20,6164,False
249,0.5614319046560253,0.8312655086848635,nan,nan,20,6045,False
250,0.6219483264432996,0.8104926853875903,0.5632705150077311,0.8306060264078546,20,5947,False
251,0.5221306315897,0.8453926022063595,nan,nan,20,6164,False
252,0.49519131304431513,0.8526168659729771,nan,nan,20,6439,False
253,0.5852192615312581,0.8246429757555629,nan,nan,20,6022,False
254,0.56130867337687,0.8262497964500896,nan,nan,20,6141,False
255,0.5329100020402976,0.8361986628462273,nan,nan,20,6282,False
256,0.5816830088360373,0.8269389099291948,nan,nan,20,6073,False
257,0.5055706990409301,0.8438247011952191,nan,nan,20,6275,False
258,0.5577039857080222,0.8384590995561192,nan,nan,20,6308,False
259,0.5404420121371927,0.8369860822268437,nan,nan,20,6251,False
260,0.5066253667003463,0.8396474408535642,0.5471622823673343,0.8337659406387541,20,6467,False
261,0.41765103958695265,0.8752276867030966,nan,nan,20,6588,False
262,0.52325381061483,0.8422513492675405,nan,nan,20,6485,False
263,0.5126248365921089,0.8470824949698189,nan,nan,20,6461,False
264,0.58337467070149,0.8257486042970733,nan,nan,20,5911,False
265,0.4677341715043952,0.8614072494669509,nan,nan,20,6097,False
266,0.5319557454061082,0.8357602438198443,nan,nan,20,5906,False
267,0.5005598629345135,0.8481774960380348,nan,nan,20,6310,False
268,0.5529136331430475,0.831749207937302,nan,nan,20,5997,False
269,0.5536237304499831,0.8319045217683644,nan,nan,20,5949,False
270,0.5957956090936135,0.8201032591158438,0.5363436053520588,0.8375465523078659,20,6198,False
271,0.5494772132268855,0.8343368312403234,nan,nan,20,5813,False
272,0.46405539690842823,0.8526871401151631,nan,nan,20,6252,False
273,0.5202714221427337,0.8454728995185588,nan,nan,20,6439,False
274,0.501268023380715,0.8482871125611745,nan,nan,20,6130,False
275,0.5175307080289999,0.8389087366027931,nan,nan,20,6158,False
276,0.528508123027842,0.8422609267170555,nan,nan,20,6086,False
277,0.470300784745541,0.8600064143681847,nan,nan,20,6236,False
278,0.5586488816971328,0.8334902699309479,nan,nan,20,6372,False
279,0.5558702323377831,0.8272787318361955,nan,nan,20,6056,False
280,0.45003199707153935,0.8649289099526066,0.5227308070036751,0.8427942670127525,20,6752,False
281,0.4702956751654396,0.8503233754234678,nan,nan,20,6494,False
282,0.5453003187891466,0.8315094667361473,nan,nan,20,5757,False
283,0.5266200572972454,0.8367975365665897,nan,nan,20,6495,False
284,0.4838342480848816,0.8581684747925973,nan,nan,20,6268,False
285,0.47709102502103207,0.8453740949316171,nan,nan,20,6215,False
286,0.4596291402486144,0.8577189869333763,nan,nan,20,6199,False
287,0.5271371555075507,0.8381340012523482,nan,nan,20,6388,False
288,0.5646624957586841,0.8298225244650854,nan,nan,20,6029,False
289,0.47817436496099697,0.850801879151142,nan,nan,20,6173,False
290,0.6059159239901566,0.8233527939949958,0.5167440154215859,0.8457849001241395,20,5995,False
291,0.4616644100522207,0.8668957975316357,nan,nan,20,6401,False
292,0.5362913310723131,0.841225626740947,nan,nan,20,6103,False
293,0.4813584785271845,0.8523391812865497,nan,nan,20,6156,False
294,0.4342159949707955,0.8647254575707155,nan,nan,20,6010,False
295,0.4875926087077904,0.8550062972292192,nan,nan,20,6352,False
296,0.40597666393246895,0.8717669055780617,nan,nan,20,6418,False
297,0.5027480458080802,0.8454228698131138,nan,nan,20,6314,False
298,0.5159318164350039,0.8447460728991917,nan,nan,20,6557,False
299,0.4316862885566717,0.8623089726131034,nan,nan,20,6609,False
300,0.47741254704889474,0.850417737789203,0.5048036946492679,0.845841327163977,20,6224,False
301,0.5396357383801758,0.8442304705699643,nan,nan,20,6439,False
302,0.4426753768835949,0.8577916992952231,nan,nan,20,6385,False
303,0.4733889304406726,0.8477996965098634,nan,nan,20,6590,False
304,0.48859187909643853,0.8474025974025974,nan,nan,20,6160,False
305,0.5157674238603303,0.8345663466079017,nan,nan,20,6353,False
306,0.4621860041086267,0.8590169116484906,nan,nan,20,6327,False
307,0.4857742162924964,0.8535651619078003,nan,nan,20,6269,False
308,0.4833621277822147,0.8556158264199106,nan,nan,20,6268,False
309,0.5503898971064608,0.8337129840546698,nan,nan,20,6146,False
310,0.4850355808390304,0.85,0.5087036700782005,0.8430764022119399,20,6400,False
311,0.43354783087842547,0.8636363636363636,nan,nan,20,6490,False
312,0.5232518075829921,0.8428188319427891,nan,nan,20,6712,False
313,0.41983071382578735,0.8699647725532241,nan,nan,20,6529,False
314,0.4530204399562759,0.8608580664119895,nan,nan,20,6806,False
315,0.4935086902340686,0.8517862890247827,nan,nan,20,6214,False
316,0.4357345046933181,0.8617697195103052,nan,nan,20,6453,False
317,0.4102826002010666,0.8712074303405573,nan,nan,20,6460,False
318,0.5026942081985496,0.8471347607052897,nan,nan,20,6352,False
319,0.5148219135276098,0.8457124118707985,nan,nan,20,6099,False
320,0.4527324675400763,0.8587243886318572,0.490144134381732,0.8506940525900011,20,6052,False
321,0.5672994280966879,0.8341807446285058,nan,nan,20,6097,False
322,0.46876779210026676,0.8532574320050601,nan,nan,20,6324,False
323,0.44627565309607636,0.8687578027465668,nan,nan,20,6408,False
324,0.45819639756223113,0.8558604336043361,nan,nan,20,5904,False
325,0.5474085574542727,0.8348510572619231,nan,nan,20,6479,False
326,0.493652695735939,0.8509193307934404,nan,nan,20,6037,False
327,0.4560014795978902,0.8588882101405009,nan,nan,20,6548,False
328,0.4687058380841237,0.8586700489219061,nan,nan,20,5519,False
329,0.4798617213878318,0.8520863776587109,nan,nan,20,6159,False
330,0.4558829961331115,0.8550519357884797,0.48814528215928377,0.8521047285859383,20,6354,False
331,0.4491219016925638,0.8683953033268101,nan,nan,20,6132,False
332,0.4796652328240823,0.851922770065422,nan,nan,20,6267,False
333,0.5570110145332785,0.8388561816652649,nan,nan,20,5945,False
334,0.449443610208695,0.8620952962736713,nan,nan,20,6548,False
335,0.4608647138167751,0.8622003492617876,nan,nan,20,6299,False
336,0.46176510437655804,0.8631840796019901,nan,nan,20,6432,False
337,0.5187334494953836,0.8473849199802013,nan,nan,20,6061,False
338,0.4833769153414432,0.8492725192087625,nan,nan,20,6117,False
339,0.41794914098920316,0.8691864986778659,nan,nan,20,6429,False
340,0.5058155180428434,0.8484258357676079,0.4742719380113748,0.8555467780160253,20,6162,False
341,0.47626628170761254,0.8503594716602575,nan,nan,20,5981,False
342,0.42257122788462953,0.872929887014394,nan,nan,20,6461,False
343,0.4832422364023277,0.8494915254237289,nan,nan,20,5900,False
344,0.44617444630665587,0.8588659147869674,nan,nan,20,6384,False
345,0.502281790371074,0.8486714193130266,nan,nan,20,6172,False
346,0.43748127165163636,0.8684887459807074,nan,nan,20,6220,False
347,0.41628084824962847,0.8639291465378421,nan,nan,20,6210,False
348,0.4230931028043351,0.865500696486612,nan,nan,20,6461,False
349,0.47963874820342933,0.8584875040571243,nan,nan,20,6162,False
350,0.4756746494940522,0.8578439668302589,0.47043508799777534,0.8553210698566753,20,5909,False
351,0.472416166011824,0.8553816974869607,nan,nan,20,6327,False
352,0.501913208806818,0.8502400960384153,nan,nan,20,6664,False
353,0.42526699958174197,0.8663036902601331,nan,nan,20,6612,False
354,0.48940470429068134,0.8469253535021375,nan,nan,20,6082,False
355,0.48682071066066035,0.849956933677864,nan,nan,20,5805,False
356,0.46733843881317955,0.8605322218659827,nan,nan,20,6238,False
357,0.433095128771835,0.8719790986283474,nan,nan,20,6124,False
358,0.4646215260345736,0.8562846580406654,nan,nan,20,6492,False
359,0.4221795689296506,0.8687538556446638,nan,nan,20,6484,False
360,0.4353552077099957,0.8622034449138771,0.4633948335312866,0.8570138810518,20,6154,False
361,0.4053434915449105,0.8773333333333333,nan,nan,20,6375,False
362,0.4517790532587298,0.8620743034055728,nan,nan,20,6460,False
363,0.5223897965906776,0.8417763157894737,nan,nan,20,6080,False
364,0.44398729152887506,0.8613785725202506,nan,nan,20,6543,False
365,0.4292108807365656,0.8648124191461837,nan,nan,20,6184,False
366,0.541056083482694,0.8345053147996729,nan,nan,20,6115,False
367,0.388381300823763,0.8749230769230769,nan,nan,20,6500,False
368,0.37496744028276396,0.8811233445029519,nan,nan,20,6267,False
369,0.5828330356869859,0.8282994090610637,nan,nan,20,6092,False
370,0.438394928855226,0.8623442989460236,0.4729147815647842,0.8527818530639882,20,6262,False
371,0.43236067676067585,0.8683568990736226,nan,nan,20,6153,False
372,0.35299938346870724,0.8896274540114392,nan,nan,20,6469,False
373,0.40037286980740794,0.8729102167182663,nan,nan,20,6460,False
374,0.379012629807885,0.8773134328358209,nan,nan,20,6700,False
375,0.43463574823891277,0.8631781796620219,nan,nan,20,6746,False
376,0.46065206218622345,0.8583773403744599,nan,nan,20,6249,False
377,0.4382235840020356,0.8662514341911162,nan,nan,20,6101,False
378,0.3937202236842665,0.8798062367544657,nan,nan,20,6606,False
379,0.4777420679270803,0.8585365853658536,nan,nan,20,6355,False
380,0.3955407198043829,0.8783763161910575,0.4512703821286702,0.8599480871233495,20,6553,False
381,0.45291948001754867,0.8620974401321222,nan,nan,20,6055,False
382,0.4708537046887056,0.8574499751943112,nan,nan,20,6047,False
383,0.37802637850314863,0.882306351972121,nan,nan,20,6313,False
384,0.4371547007872714,0.8669534735500318,nan,nan,20,6276,False
385,0.4423754454653178,0.8641021832763999,nan,nan,20,6733,False
386,0.41415595970187336,0.8728,nan,nan,20,6250,False
387,0.4704806931725387,0.8558958895413427,nan,nan,20,6301,False
388,0.36898300998183087,0.8819857312722948,nan,nan,20,6728,False
389,0.43313988298299144,0.8709256844850065,nan,nan,20,6136,False
390,0.4011697670394582,0.8749421742482653,0.44292438757055,0.8644058232705112,20,6485,False
391,0.4319009718928028,0.8647117627457515,nan,nan,20,6002,False
392,0.348032510099989,0.8878787878787879,nan,nan,20,6600,False
393,0.39524326550613725,0.8749583194398133,nan,nan,20,5998,False
394,0.41563940426829904,0.8680600914435009,nan,nan,20,6124,False
395,0.4008423431279682,0.8677289603960396,nan,nan,20,6464,False
396,0.41975528154867553,0.8676675437238818,nan,nan,20,6461,False
397,0.415591149941212,0.8729411764705882,nan,nan,20,5950,False
398,0.4642067356787727,0.8553822152886116,nan,nan,20,6410,False
399,0.360394178494274,0.8813111697995961,nan,nan,20,6437,False
400,0.4630779072401425,0.8602518265195088,0.44804406165404,0.8640108339916488,20,6433,False
401,0.36524308317607934,0.8874902874902875,nan,nan,20,6435,False
402,0.4109876543543649,0.8718994778067886,nan,nan,20,6128,False
403,0.47120343895693484,0.8579049466537343,nan,nan,20,6186,False
404,0.4565328680826796,0.8622139187295657,nan,nan,20,6423,False
405,0.45392639073873037,0.8543576070654891,nan,nan,20,6001,False
406,0.39615871522097384,0.8744939271255061,nan,nan,20,5928,False
407,0.41833757566329816,0.8687694067658114,nan,nan,20,6119,False
408,0.43707193569969965,0.864907819453274,nan,nan,20,6292,False
409,0.44712961551160396,0.8630523346913194,nan,nan,20,6382,False
410,0.41689323948221063,0.8734239397412805,0.42964445528253825,0.8680735808599481,20,6107,False
411,0.39734563223228253,0.8747300215982722,nan,nan,20,6482,False
412,0.38391160690660625,0.8753514526710403,nan,nan,20,6402,False
413,0.4055258954927819,0.8747563352826511,nan,nan,20,6156,False
414,0.5093276390136434,0.8502562459961563,nan,nan,20,6244,False
415,0.3873135887686406,0.8713934929404543,nan,nan,20,6516,False
416,0.44230028313897474,0.8703524086647269,nan,nan,20,6186,False
417,0.46817147864051223,0.8617710583153347,nan,nan,20,6482,False
418,0.467144831626068,0.853714661406969,nan,nan,20,6084,False
419,0.43298514692891904,0.8645303492709393,nan,nan,20,5898,False
420,0.4151111800604605,0.8746216345387924,0.4296318723323746,0.8678478727005982,20,6277,False
421,0.46368104189413645,0.8564882997872688,nan,nan,20,6111,False
422,0.43607921724525917,0.8719072972126527,nan,nan,20,6386,False
423,0.395929324760231,0.8748239712095134,nan,nan,20,6391,False
424,0.35635774792853797,0.8869670763161888,nan,nan,20,6591,False
425,0.43520915276555117,0.8670080951594251,nan,nan,20,6053,False
426,0.41601507178975955,0.8670644787004806,nan,nan,20,6033,False
427,0.4610207156113029,0.8521577882670263,nan,nan,20,5932,False
428,0.4154145131135961,0.8697957274286605,nan,nan,20,6413,False
429,0.3896737966299828,0.8769479564833872,nan,nan,20,6802,False
430,0.5055167701059761,0.845879876962927,0.42754820907389035,0.8684121430989731,20,6177,False
431,0.4624041734087165,0.8563227555413809,nan,nan,20,6271,False
432,0.4918151443794705,0.8476269775187344,nan,nan,20,6005,False
433,0.34641552946311926,0.8884506153360682,nan,nan,20,6338,False
434,0.39642218210429636,0.8773140884844681,nan,nan,20,6374,False
435,0.36906373512523055,0.8799069496946786,nan,nan,20,6878,False
436,0.41686469933923914,0.8660365058670143,nan,nan,20,6136,False
437,0.3652735522850324,0.882773631840796,nan,nan,20,6432,False
438,0.41275477979698993,0.8685121107266436,nan,nan,20,6358,False
439,0.44252507302216815,0.8654107264086898,nan,nan,20,5892,False
440,0.4070767063630653,0.8739856801909308,0.4197763164483886,0.871741338449385,20,6285,False
441,0.3677556477529503,0.879472999349382,nan,nan,20,6148,False
442,0.41398516373252886,0.8746744791666666,nan,nan,20,6144,False
443,0.4247381983929805,0.8694440142481028,nan,nan,20,6457,False
444,0.3893826422479824,0.8762966403468029,nan,nan,20,6459,False
445,0.3990558500399359,0.8726679104477612,nan,nan,20,6432,False
446,0.4348749965644227,0.8607371794871795,nan,nan,20,6240,False
447,0.38598282794646604,0.8793774319066148,nan,nan,20,6168,False
448,0.39316757725266377,0.8739025128670905,nan,nan,20,6606,False
449,0.3651196503826869,0.8794733288318703,nan,nan,20,5924,False
450,0.36964856162528054,0.8849268140766117,0.4140892227109568,0.8741677011623971,20,6422,False
451,0.4321170189279461,0.863783415630853,nan,nan,20,5873,False
452,0.3938483809011009,0.876951905059338,nan,nan,20,6404,False
453,0.42856450666719975,0.8703703703703703,nan,nan,20,6210,False
454,0.3571513487516022,0.8864764267990074,nan,nan,20,6448,False
455,0.36137517293631793,0.8857450407504229,nan,nan,20,6503,False
456,0.4419822046118804,0.8584585555016966,nan,nan,20,6189,False
457,0.34467565718711085,0.8830664725861233,nan,nan,20,6183,False
458,0.394961091598529,0.8730916030534351,nan,nan,20,6288,False
459,0.40513295001081406,0.8707429114525582,nan,nan,20,6313,False
460,0.3307622495212828,0.8909236947791165,0.41493505255630597,0.8720799006884099,20,6225,False
461,0.40554163232850515,0.8776777398323502,nan,nan,20,6442,False
462,0.3909573814575223,0.8803966437833715,nan,nan,20,6555,False
463,0.4310259439911075,0.8650379106992417,nan,nan,20,5935,False
464,0.4622296822469342,0.8549520766773163,nan,nan,20,6260,False
465,0.4303217529044709,0.8617670054730258,nan,nan,20,6395,False
466,0.3653107512068774,0.8890570606932042,nan,nan,20,6607,False
467,0.371005499543172,0.8878475956368106,nan,nan,20,6509,False
468,0.4235772710745679,0.873977873977874,nan,nan,20,6237,False
469,0.3728190162121932,0.8804265041888805,nan,nan,20,6565,False
470,0.4177317064061407,0.867930540066911,0.4120356334162517,0.8727005981266223,20,6277,False
471,0.3851969303642139,0.8790944949408335,nan,nan,20,5831,False
472,0.3438158149746696,0.8893165024630542,nan,nan,20,6496,False
473,0.385364900852109,0.8785328675770085,nan,nan,20,6298,False
474,0.37619494402846737,0.8791730474732006,nan,nan,20,6530,False
475,0.4150170938818378,0.8793186565964969,nan,nan,20,6223,False
476,0.39903984446395113,0.8731577296958294,nan,nan,20,6378,False
477,0.3739467029153067,0.8823894491854151,nan,nan,20,6445,False
478,0.4181110404820623,0.8633601576613565,nan,nan,20,6089,False
479,0.33710409661328994,0.88806690254101,nan,nan,20,6218,False
480,0.41402287008151795,0.868331791551033,0.40814536867097595,0.8729263062859722,20,6486,False
481,0.4664789852369075,0.8514324927088694,nan,nan,20,5829,False
482,0.3587666451834486,0.883194087403599,nan,nan,20,6224,False
483,0.31821611893306706,0.8972243060765192,nan,nan,20,6665,False
484,0.40584424886315185,0.8724132565738292,nan,nan,20,6427,False
485,0.3621082421397281,0.8813586606567934,nan,nan,20,6212,False
486,0.3777103881240945,0.8814393356912195,nan,nan,20,6503,False
487,0.3596882174139027,0.8868232224396608,nan,nan,20,6132,False
488,0.4260476436095078,0.867249473854622,nan,nan,20,6177,False
489,0.5031929422957188,0.8502765592218196,nan,nan,20,5243,False
490,0.3799625414182773,0.8790675844806007,0.39911927823126553,0.877158334273784,20,6392,False
491,0.38733791397950607,0.8745410036719706,nan,nan,20,6536,False
492,0.4214544681699933,0.8695515342250196,nan,nan,20,6355,False
493,0.4174323972116743,0.8679817905918058,nan,nan,20,6590,False
494,0.3712483285706936,0.8849420849420849,nan,nan,20,6475,False
495,0.3577864137441759,0.8908351579605881,nan,nan,20,6394,False
496,0.35244399522176767,0.8853166986564299,nan,nan,20,6252,False
497,0.44056203604629984,0.8668153576549307,nan,nan,20,6277,False
498,0.37311200676744183,0.8779742765273312,nan,nan,20,6220,False
499,0.32880216432064935,0.891539789671951,nan,nan,20,6371,False
500,0.33256001538239266,0.8917888563049854,0.4042550280291641,0.874280555242072,20,6820,False
501,0.361318649510686,0.8816109422492401,nan,nan,20,6580,False
502,0.3788051094640023,0.8795031055900621,nan,nan,20,6440,False
503,0.3870674802849798,0.8750797702616464,nan,nan,20,6268,False
504,0.37808868334640605,0.8751175180194296,nan,nan,20,6382,False
505,0.3571694003749792,0.8920225624496374,nan,nan,20,6205,False
506,0.3555103397496386,0.887536046139058,nan,nan,20,6242,False
507,0.4587046271562078,0.8582650844058165,nan,nan,20,5983,False
508,0.39829976678593637,0.8820091612699416,nan,nan,20,6331,False
509,0.43456462763167925,0.8718160767449553,nan,nan,20,6046,False
510,0.38172156963439946,0.8818747010999521,0.3948480156289712,0.8786254373095588,20,6273,False
511,0.34580000034863123,0.8839482812992747,nan,nan,20,6342,False
512,0.3793848923415687,0.8765544434334244,nan,nan,20,6594,False
513,0.3962558347591217,0.8833031152134498,nan,nan,20,6067,False
514,0.36671970326472986,0.8886318062625328,nan,nan,20,6483,False
515,0.3206455153668898,0.8937982005141388,nan,nan,20,6224,False
516,0.35149167584911073,0.8898718730933496,nan,nan,20,6556,False
517,0.3895073602579723,0.8776423391451936,nan,nan,20,6481,False
518,0.36157872371588107,0.8852737085582113,nan,nan,20,6485,False
519,0.3341579157177818,0.8919993637665024,nan,nan,20,6287,False
520,0.38234495043106087,0.8853673919899085,0.3939661398326526,0.880374675544521,20,6342,False
521,0.342773973749956,0.8896748946417821,nan,nan,20,6644,False
522,0.3749072181056472,0.881493248610008,nan,nan,20,6295,False
523,0.4078116288637895,0.8783872020894548,nan,nan,20,6126,False
524,0.30086490310351377,0.9019809244314013,nan,nan,20,6815,False
525,0.39224239945306627,0.8803076430059286,nan,nan,20,6241,False
526,0.3828271602664094,0.8758727695888285,nan,nan,20,6445,False
527,0.35470774882354966,0.8877093301435407,nan,nan,20,6688,False
528,0.39216770194896794,0.8714939024390244,nan,nan,20,6560,False
529,0.4265841079140961,0.8619070746316982,nan,nan,20,6177,False
530,0.3486093766940823,0.8917147760961148,0.39224113143401174,0.8787382913892338,20,6409,False
531,0.37552298134286793,0.8820180294164163,nan,nan,20,6323,False
532,0.36936132048319315,0.8818947703067874,nan,nan,20,6291,False
533,0.36253947786575036,0.8829936206628287,nan,nan,20,6427,False
534,0.38165391461248815,0.8727886780315214,nan,nan,20,6218,False
535,0.35200187331588323,0.8839895867230719,nan,nan,20,6146,False
536,0.3347305268406194,0.8895997619401874,nan,nan,20,6721,False
537,0.34594433032321087,0.8876349362119725,nan,nan,20,6114,False
538,0.33355955169235324,0.8943697060288989,nan,nan,20,6021,False
539,0.4014895338798136,0.8730608840700583,nan,nan,20,5995,False
540,0.352818730678355,0.8857044791487901,0.3901679953103033,0.8802053944250084,20,5827,False
541,0.42046511137315834,0.8677854454203262,nan,nan,20,6376,False
542,0.38394781723664584,0.8798701298701299,nan,nan,20,6468,False
543,0.35764558973153415,0.8811847286423558,nan,nan,20,5841,False
544,0.3749634681186555,0.8787927695287282,nan,nan,20,6196,False
545,0.43406975514447943,0.8688600556070436,nan,nan,20,6474,False
546,0.369375756822566,0.8833091904072107,nan,nan,20,6213,False
547,0.2983759511702707,0.9041704998466727,nan,nan,20,6522,False
548,0.36029920703433116,0.8877566774741392,nan,nan,20,6477,False
549,0.4122606207806606,0.8734880679960771,nan,nan,20,6118,False
550,0.3366210236544858,0.8906624102154829,0.3851651854021879,0.8810518000225708,20,6265,False
551,0.32894117520815297,0.8924699242536759,nan,nan,20,6733,False
552,0.3765760851075794,0.8845730460764271,nan,nan,20,6359,False
553,0.4088159176722583,0.8762451460408577,nan,nan,20,5923,False
554,0.3894662748423934,0.8823529411764706,nan,nan,20,6052,False
555,0.3549259848539501,0.8824680210684726,nan,nan,20,6645,False
556,0.36201324923784345,0.8899308224442737,nan,nan,20,6505,False
557,0.40170246740120785,0.8753978357733927,nan,nan,20,6284,False
558,0.3303622114679436,0.896413110698825,nan,nan,20,6468,False
559,0.40476714764292976,0.8730004847309744,nan,nan,20,6189,False
560,0.34193086038097653,0.8856502242152466,0.38618915022973377,0.8781740209908588,20,6244,False
561,0.3559997230349599,0.888561686298822,nan,nan,20,6452,False
562,0.318708440182629,0.8955412005671971,nan,nan,20,6347,False
563,0.3452558093904814,0.8924946170409105,nan,nan,20,6502,False
564,0.36099541083622533,0.8807412100095027,nan,nan,20,6314,False
565,0.28089788303640295,0.9102286773794809,nan,nan,20,6472,False
566,0.412492145490517,0.8637316561844863,nan,nan,20,5724,False
567,0.37254570234927165,0.8817042606516291,nan,nan,20,5985,False
568,0.34776845448656774,0.885554039715022,nan,nan,20,6597,False
569,0.3198189532383709,0.8972874123742761,nan,nan,20,6562,False
570,0.31479742053430104,0.8942744622841563,0.3833116827922163,0.8807696648233834,20,6602,False
571,0.40164972513274383,0.8726868985936344,nan,nan,20,6755,False
572,0.35639322940718937,0.8857050869285255,nan,nan,20,6212,False
573,0.3301325101652993,0.8876773711725168,nan,nan,20,6695,False
574,0.3364944097990767,0.8886649092882617,nan,nan,20,6449,False
575,0.3978039223155433,0.8730446237444426,nan,nan,20,6073,False
576,0.4232538609846878,0.8670266621667229,nan,nan,20,5926,False
577,0.347844339620929,0.8904153354632588,nan,nan,20,6260,False
578,0.3166848016829898,0.8958333333333334,nan,nan,20,6336,False
579,0.3755774039523595,0.8849615447553592,nan,nan,20,6111,False
580,0.2990914933710444,0.9017971758664955,0.3821078210803405,0.879923259225821,20,6232,False
581,0.38649641674879853,0.8832684824902723,nan,nan,20,6425,False
582,0.3623373913095109,0.8835936242151022,nan,nan,20,6211,False
583,0.31468736075824727,0.8968394031766405,nan,nan,20,6233,False
584,0.36860514387937615,0.8817541111981206,nan,nan,20,6385,False
585,0.3310363296883016,0.8911574838612821,nan,nan,20,6661,False
586,0.3691750955037436,0.8863525983487129,nan,nan,20,6177,False
587,0.3740277655452466,0.8778577138289368,nan,nan,20,6255,False
588,0.34562021476798693,0.89609375,nan,nan,20,6400,False
589,0.3564375895630441,0.8865909476182404,nan,nan,20,5899,False
590,0.3700799704170212,0.8804100227790432,0.3806931388161546,0.8813339352217583,20,6146,False
591,0.4092021529406437,0.8739040331579786,nan,nan,20,6273,False
592,0.32058563685698466,0.8982101167315175,nan,nan,20,6425,False
593,0.4222163126805755,0.8669164359016126,nan,nan,20,6139,False
594,0.39700363523438065,0.8704466265441875,nan,nan,20,6314,False
595,0.39410032195067557,0.8750213419839509,nan,nan,20,5857,False
596,0.3736000937334869,0.8739319442362464,nan,nan,20,6671,False
597,0.28920565102372564,0.9070810142238713,nan,nan,20,6468,False
598,0.3442232633439212,0.8945864422924273,nan,nan,20,6299,False
599,0.3794522378197188,0.8789025543992431,nan,nan,20,6342,False
600,0.39471477878001715,0.8840762324775555,0.37496807118891434,0.8852274009705451,20,6349,False
601,0.32489769565672916,0.8946135831381733,nan,nan,20,6405,False
602,0.3167443737080436,0.8944334900652207,nan,nan,20,6593,False
603,0.29882724706316366,0.90578125,nan,nan,20,6400,False
604,0.31246077539901923,0.8976652516676774,nan,nan,20,6596,False
605,0.3885472930970774,0.8749207355738744,nan,nan,20,6308,False
606,0.3274034457467435,0.8920026220911177,nan,nan,20,6102,False
607,0.3075405744105051,0.9031701192718142,nan,nan,20,6372,False
608,0.37993397337979956,0.8737704918032787,nan,nan,20,6100,False
609,0.3802018577326653,0.8792738275340394,nan,nan,20,6610,False
610,0.34485242010395656,0.8913412563667232,0.3688486767513409,0.8852838280103825,20,6479,False
611,0.34257590267862625,0.8901552692434754,nan,nan,20,6054,False
612,0.3467928673848974,0.8830380577427821,nan,nan,20,6096,False
613,0.3980519059726449,0.8742426723432127,nan,nan,20,6107,False
614,0.35844870204627055,0.8880989180834621,nan,nan,20,6470,False
615,0.33753444099440755,0.8938538726873628,nan,nan,20,6378,False
616,0.4039141072156588,0.8757272139625081,nan,nan,20,6188,False
617,0.31640830197155245,0.8928080622995878,nan,nan,20,6549,False
618,0.38466069644049394,0.877761651346557,nan,nan,20,6201,False
619,0.346105118268572,0.8912269342829394,nan,nan,20,6178,False
620,0.3388170023686246,0.8961384820239681,0.370260189163027,0.8840424331339578,20,6008,False
621,0.3242767148398212,0.8977427662475382,nan,nan,20,6601,False
622,0.30118554119628305,0.8972205253512523,nan,nan,20,6548,False
623,0.37212319512172026,0.8821952373442674,nan,nan,20,6341,False
624,0.3220596343320502,0.8893135381449361,nan,nan,20,6803,False
625,0.3042186638624285,0.9052024874867284,nan,nan,20,6593,False
626,0.3488649951799114,0.8913833992094862,nan,nan,20,6325,False
627,0.3261735780481441,0.8933634020618557,nan,nan,20,6208,False
628,0.37724935151185596,0.8799031476997579,nan,nan,20,6195,False
629,0.32981853605846145,0.8908765652951699,nan,nan,20,6708,False
630,0.35387653827074156,0.8885572139303483,0.36652046534859317,0.8853402550502201,20,6030,False
631,0.332923327176929,0.8948214860083629,nan,nan,20,6218,False
632,0.32895607135802085,0.894280205655527,nan,nan,20,6224,False
633,0.35470681756187045,0.8851077115204495,nan,nan,20,6406,False
634,0.3392349253036814,0.8864384463462804,nan,nan,20,6076,False
635,0.2899048063404313,0.9064024390243902,nan,nan,20,6560,False
636,0.36871653584766834,0.882280809319436,nan,nan,20,6524,False
637,0.3038545127103132,0.8985597996242956,nan,nan,20,6388,False
638,0.37601407829253797,0.8822178477690289,nan,nan,20,6096,False
639,0.33652342214275693,0.8830938155982561,nan,nan,20,6193,False
640,0.37132987342777973,0.8821273757919307,0.36533299695892535,0.8851145468908701,20,5998,False
641,0.3188016884509379,0.9023847376788553,nan,nan,20,6290,False
642,0.38380949563033234,0.8738874895046179,nan,nan,20,5955,False
643,0.3454311163805742,0.8913146654010441,nan,nan,20,6321,False
644,0.40677960170316074,0.8724905897114178,nan,nan,20,6376,False
645,0.30584064584209947,0.9000319386777388,nan,nan,20,6262,False
646,0.3286834203080044,0.890475443276322,nan,nan,20,6373,False
647,0.317907764547449,0.9020656858374201,nan,nan,20,6729,False
648,0.3500604086860876,0.8890924229808493,nan,nan,20,6005,False
649,0.35812367577401116,0.8844753916758981,nan,nan,20,6319,False
650,0.2851144926820605,0.9082397003745318,0.365774099699814,0.8844938494526577,20,6408,False
651,0.3152293039255473,0.8956599286563615,nan,nan,20,6728,False
652,0.32363823212454507,0.8935379644588045,nan,nan,20,6190,False
653,0.3061594488355059,0.8989580044205873,nan,nan,20,6334,False
654,0.33825121051355783,0.8880632411067194,nan,nan,20,6325,False
655,0.34655578406435045,0.8850224502886466,nan,nan,20,6236,False
656,0.3704227247640567,0.8726053639846744,nan,nan,20,6264,False
657,0.3542389723638455,0.8848908878893886,nan,nan,20,6003,False
658,0.3478608994557341,0.8941781389948582,nan,nan,20,6029,False
659,0.41639828209773183,0.866510929417654,nan,nan,20,5993,False
660,0.37310292880416124,0.8825853350189633,0.3610154194623861,0.8887823044803069,20,6328,False
661,0.3230265796203942,0.8939393939393939,nan,nan,20,6336,False
662,0.31507352377568465,0.8977254652457451,nan,nan,20,6287,False
663,0.30099722924709227,0.9041342121030557,nan,nan,20,6676,False
664,0.33402845238427487,0.8902458882918092,nan,nan,20,6141,False
665,0.3277434371759288,0.8972809667673716,nan,nan,20,6620,False
666,0.32551018673003584,0.8943626206196038,nan,nan,20,5907,False
667,0.32263307544711056,0.8992209514337809,nan,nan,20,6033,False
668,0.32598730845624097,0.8945562314771487,nan,nan,20,6411,False
669,0.3365569072648379,0.8949934980494149,nan,nan,20,6152,False
670,0.3183475996896031,0.8950031625553447,0.3618197475171442,0.8858480984087574,20,6324,False
671,0.32369644218614696,0.8960155490767736,nan,nan,20,6174,False
672,0.3592449545050845,0.8895473251028807,nan,nan,20,6075,False
673,0.29171834006339376,0.9101599247412983,nan,nan,20,6378,False
674,0.3115699177199875,0.9011281729865246,nan,nan,20,6382,False
675,0.3789638110911648,0.8786078098471987,nan,nan,20,5890,False
676,0.2839724159866183,0.9075486381322957,nan,nan,20,6425,False
677,0.30884037295044864,0.9013848729264952,nan,nan,20,6571,False
678,0.3390466415139986,0.890236220472441,nan,nan,20,6350,False
679,0.3595825951329615,0.8878968253968254,nan,nan,20,6048,False
680,0.34340380282780325,0.8938329430132709,0.3571776275628846,0.8874280555242072,20,6405,False
681,0.3254864284546043,0.8931574608408903,nan,nan,20,6065,False
682,0.3954583927238623,0.8690708252111761,nan,nan,20,6156,False
683,0.3596969568627846,0.8803294573643411,nan,nan,20,6192,False
684,0.3137751944607964,0.8982797307404637,nan,nan,20,6685,False
685,0.3767400974628632,0.8836836194448902,nan,nan,20,6233,False
686,0.3396720167146319,0.8910034602076125,nan,nan,20,6358,False
687,0.34241171401854653,0.8894184938036225,nan,nan,20,6294,False
688,0.3310760672464622,0.8971127771574414,nan,nan,20,6269,False
689,0.29052130104789015,0.9067647058823529,nan,nan,20,6800,False
690,0.3101704818908158,0.8987303044209882,0.35678781399997544,0.8862995147274574,20,6537,False
691,0.29605063731282927,0.9005195599022005,nan,nan,20,6544,False
692,0.3483930948239124,0.8839142948512951,nan,nan,20,6254,False
693,0.3612575137238168,0.8818847500795924,nan,nan,20,6282,False
694,0.3218268763711246,0.9021215043394407,nan,nan,20,6222,False
695,0.35622471451663323,0.8811723478814909,nan,nan,20,6278,False
696,0.39311122827997164,0.8768464445207832,nan,nan,20,5822,False
697,0.3288642889292334,0.8955271060534219,nan,nan,20,6327,False
698,0.3579852206656438,0.8821687541199736,nan,nan,20,6068,False
699,0.34237165565170075,0.888781896966779,nan,nan,20,6231,False
700,0.40161686689376325,0.8736898205720377,0.35636024679048994,0.8880487529624196,20,5629,False
701,0.3318136040914645,0.8884185061989719,nan,nan,20,6614,False
702,0.31974158025804733,0.8945010812480692,nan,nan,20,6474,False
703,0.3440193393113876,0.8851968503937008,nan,nan,20,6350,False
704,0.33054585872292574,0.89607250755287,nan,nan,20,6620,False
705,0.37935516769307515,0.8798849602436136,nan,nan,20,5911,False
706,0.3664333592673537,0.8809044447886015,nan,nan,20,6457,False
707,0.31818724232485823,0.8940991345397324,nan,nan,20,6355,False
708,0.39217801980218264,0.8774215669466827,nan,nan,20,5833,False
709,0.33009481432777293,0.8939778129952456,nan,nan,20,6310,False
710,0.359643101728752,0.8863450531479967,0.3509252524418966,0.8891208667193319,20,6115,False
711,0.3406656785691282,0.8939630903972474,nan,nan,20,6394,False
712,0.371958653401399,0.8855673416907747,nan,nan,20,6222,False
713,0.2862481256902307,0.907185628742515,nan,nan,20,6680,False
714,0.30768215637929114,0.9031438551921245,nan,nan,20,6298,False
715,0.31742655416179727,0.8989169675090253,nan,nan,20,6094,False
716,0.33063865178126217,0.8924882629107981,nan,nan,20,6390,False
717,0.3677174204717405,0.8826723712358071,nan,nan,20,6077,False
718,0.3103270924013868,0.9017059301380991,nan,nan,20,6155,False
719,0.30296778065505214,0.9038369686355676,nan,nan,20,6281,False
720,0.3375830779434881,0.8915943962641761,0.3549026038748674,0.888556596320957,20,5996,False
721,0.3295589595420409,0.8990122615803815,nan,nan,20,5872,False
722,0.3501036607027091,0.8883005129902366,nan,nan,20,6043,False
723,0.3062817883648795,0.9011573350015639,nan,nan,20,6394,False
724,0.2841798149698177,0.9072472881622387,nan,nan,20,6361,False
725,0.2983907786135224,0.9093927893738141,nan,nan,20,6324,False
726,0.31408254439115685,0.895195044366315,nan,nan,20,5973,False
727,0.31289069541998593,0.8958265405934137,nan,nan,20,6134,False
728,0.3386423832993435,0.8914137315370881,nan,nan,20,6161,False
729,0.3513166898293559,0.8816262705238468,nan,nan,20,6395,False
730,0.33941979674667283,0.8849283854166666,0.353718377581677,0.888443742241282,20,6144,False
731,0.2936074700088722,0.9016418364244452,nan,nan,20,6578,False
732,0.33914223844887403,0.8954156954156954,nan,nan,20,6435,False
733,0.35748124237987305,0.8851881505204163,nan,nan,20,6245,False
734,0.323879343493982,0.8978169995355318,nan,nan,20,6459,False
735,0.3330249110625888,0.889247311827957,nan,nan,20,6510,False
736,0.3505429599692804,0.8891953277092797,nan,nan,20,6164,False
737,0.3141433630919202,0.8966310599835662,nan,nan,20,6085,False
738,0.3104582275396886,0.8942910915934755,nan,nan,20,6376,False
739,0.2851590008346335,0.9079287779637802,nan,nan,20,6571,False
740,0.33518305980369795,0.8925417075564279,0.34932525302752754,0.8917165105518564,20,6114,False
741,0.3534340782697337,0.8837329653268933,nan,nan,20,5797,False
742,0.2686175799053315,0.9073230021270131,nan,nan,20,6582,False
743,0.38762608902293516,0.8782580006598483,nan,nan,20,6062,False
744,0.36604003674791563,0.8828647925033467,nan,nan,20,5976,False
745,0.34802727470915473,0.8850931677018633,nan,nan,20,6118,False
746,0.33909872418424486,0.882636655948553,nan,nan,20,6220,False
747,0.2979981312736628,0.901336233685519,nan,nan,20,6436,False
748,0.2869235146320717,0.9084354722422494,nan,nan,20,6935,False
749,0.3146117047576215,0.8945065629557608,nan,nan,20,6171,False
750,0.29123043219829786,0.906369915579432,0.3473464736697932,0.891434375352669,20,6515,False
751,0.30238823089102734,0.9028144923029078,nan,nan,20,6431,False
752,0.37355188723495525,0.8801381124630056,nan,nan,20,6082,False
753,0.3168512967571083,0.8960466215151992,nan,nan,20,6349,False
754,0.29314127592153555,0.9025416869030274,nan,nan,20,6177,False
755,0.29699493657316317,0.9055821371610845,nan,nan,20,6270,False
756,0.32280508895216947,0.8955605237943149,nan,nan,20,6262,False
757,0.3103504653804087,0.9037784916628423,nan,nan,20,6537,False
758,0.2763929958253049,0.911478894624962,nan,nan,20,6586,False
759,0.348768755244678,0.8882926829268293,nan,nan,20,6150,False
760,0.3079021755229423,0.897574935984335,0.3517418047258728,0.8886130233607945,20,6639,False
761,0.3600321579080355,0.8848814229249012,nan,nan,20,6072,False
762,0.30331481798263044,0.900556758428704,nan,nan,20,6466,False
763,0.3863672816279418,0.8778315888142477,nan,nan,20,6401,False
764,0.35975248729464965,0.882614919675521,nan,nan,20,6287,False
765,0.3192263707449428,0.8972785905301243,nan,nan,20,6357,False
766,0.325767993230626,0.8932936383578816,nan,nan,20,6382,False
767,0.2870273227245924,0.9010104199557941,nan,nan,20,6334,False
768,0.2825032940998838,0.909164770880728,nan,nan,20,6154,False
769,0.32964010930761495,0.8879972682260543,nan,nan,20,5857,False
770,0.34209901572434454,0.8868860592029105,0.34145495174108975,0.8913779483128315,20,6047,False
771,0.33720024280688343,0.8912860273049048,nan,nan,20,5933,False
772,0.29629177524985206,0.9017954722872755,nan,nan,20,6405,False
773,0.35610128935861646,0.8832997987927566,nan,nan,20,6461,False
774,0.3529937980839398,0.8831228826609178,nan,nan,20,6494,False
775,0.33397317852132846,0.8875058347596079,nan,nan,20,6427,False
776,0.3611250960278609,0.8795820486467969,nan,nan,20,5838,False
777,0.3001453812983749,0.9031429434874585,nan,nan,20,6618,False
778,0.3503261633907808,0.8827160493827161,nan,nan,20,6156,False
779,0.35436118481637435,0.8888704318936878,nan,nan,20,6020,False
780,0.3714753775782073,0.8871304347826087,0.34005038740403254,0.8918857916713689,20,5750,False
781,0.2871379993213036,0.9048366834170855,nan,nan,20,6368,False
782,0.41571355533530446,0.8701482004234298,nan,nan,20,5668,False
783,0.336062539010264,0.8913331128018525,nan,nan,20,6046,False
784,0.2884771346994021,0.9020225464190982,nan,nan,20,6032,False
785,0.2705104893325744,0.9135135135135135,nan,nan,20,6845,False
786,0.32126084684262834,0.8962279690331082,nan,nan,20,6071,False
787,0.3542852181842204,0.8784077604950661,nan,nan,20,5979,False
788,0.3251685751945732,0.8950852225715704,nan,nan,20,6043,False
789,0.3394340663300297,0.8952845528455284,nan,nan,20,6150,False
790,0.33731450388480916,0.8875914681612953,0.33943591497509734,0.8921114998307189,20,6423,False
791,0.36085914355481585,0.8813760379596679,nan,nan,20,5901,False
792,0.28918387060467177,0.9084987123163157,nan,nan,20,6601,False
793,0.3204304185351604,0.9021840873634945,nan,nan,20,6410,False
794,0.29296905599177137,0.914541590771099,nan,nan,20,6588,False
795,0.3416616039558326,0.8941576306845768,nan,nan,20,6179,False
796,0.25286586147788753,0.9140836593439663,nan,nan,20,6646,False
797,0.3618653808145732,0.8799678197908286,nan,nan,20,6215,False
798,0.32815542704174117,0.8961038961038961,nan,nan,20,6314,False
799,0.33027372035140046,0.8910544727636182,nan,nan,20,6003,False
800,0.2937518704459151,0.9060755860309361,0.34461027842560304,0.8902494075160817,20,6271,False
801,0.28392919223352103,0.9011335012594458,nan,nan,20,6352,False
802,0.29225393357590823,0.9017814914078511,nan,nan,20,6343,False
803,0.326301397295652,0.8949817215021602,nan,nan,20,6018,False
804,0.3016295666093999,0.9028297649348704,nan,nan,20,6679,False
805,0.2902046915439315,0.9011164274322169,nan,nan,20,6270,False
806,0.3297784481669628,0.8907095132039453,nan,nan,20,6286,False
807,0.31094932385444196,0.8987923116176221,nan,nan,20,5879,False
808,0.3179469835348892,0.8969342166076105,nan,nan,20,6491,False
809,0.3440794175712133,0.8940969444888818,nan,nan,20,6251,False
810,0.3687693609979948,0.8811988258921675,0.33882541898854523,0.8924500620697439,20,6473,False
811,0.34956263677502303,0.8897106109324758,nan,nan,20,6220,False
812,0.28609620576388123,0.9036898061288305,nan,nan,20,6396,False
813,0.33740305953278366,0.8905002444190973,nan,nan,20,6137,False
814,0.3236985863273142,0.8978459530026109,nan,nan,20,6128,False
815,0.2475015400829246,0.9172245891661595,nan,nan,20,6572,False
816,0.33109078594830815,0.8922959572845156,nan,nan,20,6555,False
817,0.3017718539329728,0.9025974025974026,nan,nan,20,6314,False
818,0.32093986016010256,0.8982941744448021,nan,nan,20,6214,False
819,0.27950677567275656,0.9078250340547904,nan,nan,20,6607,False
820,0.2827584926720477,0.9025232802643437,0.33502490247578026,0.8939735921453561,20,6658,False
821,0.3186758715573152,0.8980207983898021,nan,nan,20,5962,False
822,0.2916439124092039,0.9089498991779122,nan,nan,20,6447,False
823,0.3246544116920753,0.8961653779390879,nan,nan,20,6337,False
824,0.27048326801199096,0.9085365853658537,nan,nan,20,6396,False
825,0.30250252782889825,0.9014261087603824,nan,nan,20,6381,False
826,0.3051217835658145,0.8990639625585023,nan,nan,20,6410,False
827,0.34360604499740316,0.8830025608194623,nan,nan,20,6248,False
828,0.3183262955275793,0.8968573730862208,nan,nan,20,6205,False
829,0.2846764507618301,0.9076219512195122,nan,nan,20,6560,False
830,0.32802444249753804,0.8975846925972396,0.33459726464007106,0.8923372079900689,20,6376,False
831,0.3114181675683517,0.8971121982010415,nan,nan,20,6337,False
832,0.2792299595650153,0.9047701647875108,nan,nan,20,5765,False
833,0.30540166339009694,0.8968945999694049,nan,nan,20,6537,False
834,0.2476101966976325,0.9186251468860165,nan,nan,20,6808,False
835,0.2623895743292663,0.9085347200978893,nan,nan,20,6538,False
836,0.3340286764381902,0.8935799023028611,nan,nan,20,5732,False
837,0.35934669311509126,0.8864650470996529,nan,nan,20,6051,False
838,0.26746392739042474,0.9058617394074546,nan,nan,20,6278,False
839,0.27441766475563834,0.90625,nan,nan,20,6496,False
840,0.3139707309742924,0.8981657179000633,0.335216153745605,0.8940300191851935,20,6324,False
841,0.3275548831221484,0.8985377499253954,nan,nan,20,6702,False
842,0.31872681756161525,0.8959011060507482,nan,nan,20,6148,False
843,0.3161351691182285,0.8929564411492122,nan,nan,20,6474,False
844,0.28640287851616975,0.9067398119122257,nan,nan,20,6380,False
845,0.3054992655701631,0.9006569460022432,nan,nan,20,6241,False
846,0.3326108674600139,0.8884533725298056,nan,nan,20,6123,False
847,0.31928136421771064,0.8990208078335373,nan,nan,20,6536,False
848,0.2887019959534451,0.8993223620522749,nan,nan,20,6198,False
849,0.34797263992353905,0.8911330049261084,nan,nan,20,6090,False
850,0.27969281105945015,0.9008723235527359,0.335076244905105,0.8919986457510439,20,6305,False
851,0.26756330824965296,0.9082118188795089,nan,nan,20,6515,False
852,0.2737222075805251,0.9089761792080769,nan,nan,20,6339,False
853,0.23794767800804362,0.9231126237623762,nan,nan,20,6464,False
854,0.3722754210690761,0.8846832397754611,nan,nan,20,6235,False
855,0.3524011789215184,0.8855590317800098,nan,nan,20,6073,False
856,0.35459295900298615,0.8825634352635003,nan,nan,20,6148,False
857,0.25307330340552253,0.9209013209013209,nan,nan,20,6435,False
858,0.3410611529992957,0.8916202844774274,nan,nan,20,6468,False
859,0.3177460596911398,0.8944794952681387,nan,nan,20,6340,False
860,0.3128672948116959,0.90169280944246,0.33377735708747597,0.8937478839860061,20,6439,False
861,0.28202933362348237,0.9062831188493565,nan,nan,20,6605,False
862,0.331949135834719,0.8942724209850794,nan,nan,20,6233,False
863,0.32685283871238396,0.8939418547994153,nan,nan,20,6157,False
864,0.3021839569647777,0.9009086233499057,nan,nan,20,5833,False
865,0.29070663005878883,0.9059789343246593,nan,nan,20,6456,False
866,0.29543409527987624,0.9037682964808471,nan,nan,20,6422,False
867,0.28834054982922724,0.902780009641652,nan,nan,20,6223,False
868,0.2845800386547708,0.9076731129132876,nan,nan,20,6412,False
869,0.26218548005750053,0.9121184088806661,nan,nan,20,6486,False
870,0.2938032745695274,0.8995666976168369,0.3314889344320436,0.8944250084640559,20,6462,False
871,0.2705898182087174,0.9124626748389124,nan,nan,20,6363,False
872,0.30595389212398594,0.8957567657868359,nan,nan,20,5986,False
873,0.3056872639296287,0.8982731554160126,nan,nan,20,6370,False
874,0.30537671749736667,0.9033539977745987,nan,nan,20,6291,False
875,0.3412701687674338,0.8895244320967478,nan,nan,20,6119,False
876,0.304329010739054,0.8937968426088343,nan,nan,20,6271,False
877,0.2394942224581052,0.9182049649904519,nan,nan,20,6284,False
878,0.2584175381883193,0.9145782396088019,nan,nan,20,6544,False
879,0.2974336384663555,0.9018385789965722,nan,nan,20,6418,False
880,0.29194381682872583,0.9008471917163476,0.32942514369576825,0.8940300191851935,20,6374,False
881,0.2840298753717979,0.9072248262485857,nan,nan,20,6187,False
882,0.2996192336527407,0.9028006589785832,nan,nan,20,6070,False
883,0.3478045079282462,0.8907213060136598,nan,nan,20,6003,False
884,0.31045221964439035,0.8989370970552361,nan,nan,20,5739,False
885,0.32199824993890364,0.8898776418242491,nan,nan,20,6293,False
886,0.3259521624344599,0.8981719050673509,nan,nan,20,6236,False
887,0.27972332193642113,0.90625,nan,nan,20,6272,False
888,0.25974595659244,0.9180480247869869,nan,nan,20,6455,False
889,0.30454597164012,0.9004929143561307,nan,nan,20,6492,False
890,0.2665250282049304,0.9135507029614119,0.33141010910888086,0.8926193431892563,20,6686,False
891,0.29709598162846346,0.9033033033033033,nan,nan,20,6660,False
892,0.27445727722271585,0.9083513199402291,nan,nan,20,6023,False
893,0.34803181704312974,0.8879725085910652,nan,nan,20,5820,False
894,0.2550188146520431,0.9155461550083094,nan,nan,20,6619,False
895,0.28755935631379087,0.902782219379597,nan,nan,20,6254,False
896,0.33568934718217686,0.8910173857050869,nan,nan,20,6212,False
897,0.2542981756002395,0.9114197530864198,nan,nan,20,6480,False
898,0.307912383530876,0.8982384397609311,nan,nan,20,6358,False
899,0.3337011710565703,0.8878380620540899,nan,nan,20,6027,False
900,0.3003674660618084,0.9014668367346939,0.32989215097784147,0.8953278411014558,20,6272,False
901,0.29129725202961826,0.9035250463821892,nan,nan,20,6468,False
902,0.3175309000258181,0.8959757023538345,nan,nan,20,6585,False
903,0.3552229813523938,0.8799015298048181,nan,nan,20,5687,False
904,0.2768674837061659,0.9030951692218687,nan,nan,20,6914,False
905,0.2770474030962221,0.9052094949816791,nan,nan,20,6277,False
906,0.2291709241388403,0.9252696456086287,nan,nan,20,6490,False
907,0.3325800696026449,0.8930240609312792,nan,nan,20,5777,False
908,0.3124045730700839,0.8924492385786802,nan,nan,20,6304,False
909,0.3045732196418785,0.9034383033419023,nan,nan,20,6224,False
910,0.27993142767323076,0.9077088452088452,0.3294045069345219,0.8935221758266562,20,6512,False
911,0.25670602921275115,0.9121682075753057,nan,nan,20,6706,False
912,0.32534395343281086,0.8922075755047556,nan,nan,20,5993,False
913,0.25339760649066456,0.9153307392996108,nan,nan,20,6425,False
914,0.2647384470568228,0.9081881816701937,nan,nan,20,6143,False
915,0.2755575781613471,0.9120188531029065,nan,nan,20,6365,False
916,0.2964999563430191,0.9015081563558018,nan,nan,20,6498,False
917,0.26982456104152885,0.9121458710066305,nan,nan,20,6636,False
918,0.3005864605516019,0.8940246312908621,nan,nan,20,6577,False
919,0.28998080124475817,0.9033260801989431,nan,nan,20,6434,False
920,0.2897509593672786,0.9034645669291339,0.33022537213350683,0.8956664033404808,20,6350,False
921,0.3112413562817973,0.9004097069019855,nan,nan,20,6346,False
922,0.2856799019642868,0.9062848050914877,nan,nan,20,6285,False
923,0.2874076021589284,0.9031784841075795,nan,nan,20,6135,False
924,0.3612607203981604,0.8859215298384437,nan,nan,20,6066,False
925,0.2775218643374362,0.9083490269930948,nan,nan,20,6372,False
926,0.3328654920444726,0.8950451958486776,nan,nan,20,5974,False
927,0.2879672833841245,0.9081145584725537,nan,nan,20,5866,False
928,0.31642739299685385,0.8963730569948186,nan,nan,20,5983,False
929,0.25181240115260445,0.9189711567053226,nan,nan,20,6726,False
930,0.28303582394142557,0.901656786745706,0.3253512811464349,0.8978106308543053,20,6579,False
931,0.332945048237904,0.8929830182633771,nan,nan,20,6242,False
932,0.2737640574763181,0.9111944965603502,nan,nan,20,6396,False
933,0.31899476081940054,0.895641107222399,nan,nan,20,6286,False
934,0.33454845340647354,0.8911111111111111,nan,nan,20,5850,False
935,0.38711767011973275,0.8790035587188612,nan,nan,20,6182,False
936,0.24655728739777089,0.9162154031287605,nan,nan,20,6648,False
937,0.3412828851556104,0.8879620543016029,nan,nan,20,6114,False
938,0.35986119951964785,0.8896446182622003,nan,nan,20,5881,False
939,0.24638820531140126,0.9173981191222571,nan,nan,20,6380,False
940,0.2549700780754667,0.915605339880313,0.3235598213549406,0.896851371177068,20,6517,False
941,0.2706333771804327,0.9112313076678333,nan,nan,20,6286,False
942,0.29238396067197686,0.9042585784313726,nan,nan,20,6528,False
943,0.251829011574592,0.9123304951119521,nan,nan,20,6342,False
944,0.30358614735954903,0.8968915845337376,nan,nan,20,6595,False
945,0.25794259001349,0.9133727093745267,nan,nan,20,6603,False
946,0.3507669295942722,0.888671527654277,nan,nan,20,5623,False
947,0.28606408413663825,0.9136212624584718,nan,nan,20,6321,False
948,0.2967589673445226,0.9011966364812419,nan,nan,20,6184,False
949,0.29714848516138065,0.8966338520165131,nan,nan,20,6298,False
950,0.2909736798494706,0.9048414023372288,0.32104973426226796,0.8970206522965806,20,5990,False
951,0.30645402878727235,0.8997905590462382,nan,nan,20,6207,False
952,0.3100118230841451,0.9029126213592233,nan,nan,20,6180,False
953,0.2563452214609854,0.9170065892689049,nan,nan,20,6374,False
954,0.2557491858397133,0.9147932714981921,nan,nan,20,6361,False
955,0.2704670307741407,0.9116128080271506,nan,nan,20,6777,False
956,0.2985560278045072,0.9031446540880503,nan,nan,20,6360,False
957,0.2946943708447985,0.9027755749405234,nan,nan,20,6305,False
958,0.2737938438682816,0.9082869308876514,nan,nan,20,6106,False
959,0.2697352610246495,0.9073359073359073,nan,nan,20,6216,False
960,0.288596257714271,0.9055600322320709,0.3227996685888062,0.896738517097393,20,6205,False
961,0.305376687333078,0.8963045555909526,nan,nan,20,6278,False
962,0.2964092139785136,0.8958024691358024,nan,nan,20,6075,False
963,0.23825505579905432,0.9203605200945626,nan,nan,20,6768,False
964,0.3022445543996085,0.8996421115419028,nan,nan,20,6706,False
965,0.2856322813380212,0.9024507448342143,nan,nan,20,6243,False
966,0.25648654481107175,0.9158222915042868,nan,nan,20,6415,False
967,0.2858430507614386,0.8999842742569586,nan,nan,20,6359,False
968,0.2769259984932108,0.9063640691953658,nan,nan,20,6301,False
969,0.2718434209357985,0.9111878236309431,nan,nan,20,6373,False
970,0.3253847546002868,0.8900490428729632,0.3160341312540612,0.8995034420494301,20,6321,False
971,0.23654820710263658,0.9192417967505575,nan,nan,20,6278,False
972,0.2969353324353843,0.8999549346552501,nan,nan,20,6657,False
973,0.2691145465294068,0.9084611578426521,nan,nan,20,6063,False
974,0.2976837209422269,0.905902348578492,nan,nan,20,6472,False
975,0.24505072532177333,0.9128675898552979,nan,nan,20,6427,False
976,0.2897749982292279,0.9028064055811004,nan,nan,20,6307,False
977,0.25809452574220515,0.9097337144576501,nan,nan,20,6647,False
978,0.33863772505722345,0.8921617573639541,nan,nan,20,6009,False
979,0.26251404957186597,0.9150807612346074,nan,nan,20,6253,False
980,0.2836618131113779,0.9042437431991295,0.31929989479462834,0.8985441823721928,20,6433,False
981,0.27381385667486524,0.9071851496239398,nan,nan,20,6249,False
982,0.2968292819188553,0.8995028409090909,nan,nan,20,5632,False
983,0.30839108406348087,0.8958944281524927,nan,nan,20,6138,False
984,0.2614303790619944,0.9127666348296721,nan,nan,20,6282,False
985,0.3392048679264259,0.8888510057961132,nan,nan,20,5866,False
986,0.260997553227518,0.9159406260083898,nan,nan,20,6198,False
987,0.25017713364999794,0.9166417240347201,nan,nan,20,6682,False
988,0.31380490149047674,0.8937568455640745,nan,nan,20,6391,False
989,0.2615417794531522,0.9106655974338412,nan,nan,20,6235,False
990,0.2586192457017575,0.905860349127182,0.3153313431792544,0.8989391716510552,20,6416,False
991,0.3206539528152776,0.8915814319433517,nan,nan,20,6355,False
992,0.2666971680909041,0.91017132273499,nan,nan,20,6479,False
993,0.23270985174250822,0.9200705260064649,nan,nan,20,6806,False
994,0.31939246336586774,0.8995666976168369,nan,nan,20,6462,False
995,0.2894928897631211,0.8972581153482508,nan,nan,20,6346,False
996,0.29041649251062956,0.9002774352651048,nan,nan,20,6488,False
997,0.26270000820549144,0.9125948406676783,nan,nan,20,6590,False
998,0.29167468124244333,0.9024122807017544,nan,nan,20,6384,False
999,0.2520470354531802,0.9174985320023488,nan,nan,20,6812,False
1000,0.26851602207390307,0.911543098251959,0.316793204181257,0.8989391716510552,20,6636,True
