round,train_loss,train_accuracy,test_loss,test_accuracy,num_fit_clients,num_fit_examples,mean_local_steps,c_global_norm,mean_c_delta_norm,run_completed
1,3.917017263634526,0.058178467209338044,nan,nan,20,32555,53.5,0.030563619899189293,0.8466998832624656,False
2,3.683460637294885,0.060130096779311436,nan,nan,20,31515,52.25,0.036167248384812285,0.4130274487658408,False
3,3.6628426930961813,0.06086956521739131,nan,nan,20,31970,52.5,0.03733738416658187,0.4104092930513418,False
4,3.668805706788144,0.06788961556867124,nan,nan,20,31345,51.0,0.03615688239125405,0.4143254775542375,False
5,3.6569854262263712,0.06738959610246739,3.7121499969894414,0.05907911070985216,20,31815,52.0,0.03630984131430972,0.3985721453526122,False
6,3.6738936660141754,0.06680628272251309,nan,nan,20,33425,55.0,0.035504321318964326,0.33866614967815456,False
7,3.6539307118449083,0.0720267473332272,nan,nan,20,31405,51.25,0.03504038694068232,0.36973155154106696,False
8,3.6456459263947423,0.07007251153592617,nan,nan,20,30340,49.5,0.035503090285054315,0.3633239017287664,False
9,3.6715278530499855,0.07100513330021527,nan,nan,20,30195,49.5,0.034702862653890616,0.43980463735908304,False
10,3.6724572058110363,0.06538401376505552,3.7100816368451306,0.05907911070985216,20,31965,52.0,0.03444893133079053,0.366571050170937,False
11,3.6459133787122036,0.0625,nan,nan,20,28800,47.75,0.03544954491489874,0.416225949727916,False
12,3.6829597536369496,0.06380713838447089,nan,nan,20,31940,52.75,0.03506296149375402,0.36482319608502106,False
13,3.646884523073334,0.06583072100313479,nan,nan,20,31900,52.0,0.036257684833716504,0.3297948360013593,False
14,3.648485603603914,0.0689718482252142,nan,nan,20,32680,53.5,0.0372391413973332,0.3156141885457947,False
15,3.631982354783685,0.0725971058644326,3.694640357208338,0.0634239927773389,20,32825,54.0,0.03827404792157717,0.2926210081130644,False
16,3.6477858478330076,0.07036195668635468,nan,nan,20,33015,54.0,0.039564399015060606,0.3036772687416694,False
17,3.636005720072064,0.07457627118644068,nan,nan,20,31270,51.5,0.0411391583772163,0.3710176905743209,False
18,3.6214176430285905,0.07495839007414132,nan,nan,20,33045,53.75,0.04262914030738408,0.33336533126126144,False
19,3.6364216091058497,0.07113865220759101,nan,nan,20,32275,53.0,0.04430234896309085,0.3221986575972433,False
20,3.6169400440411565,0.07542839176230152,3.6641129007889446,0.10602640785464394,20,31805,52.25,0.04639912501985649,0.3233151370662348,False
21,3.62006196795829,0.07590999338186631,nan,nan,20,30220,49.75,0.04963616216174109,0.33016903145294857,False
22,3.595229803165407,0.08522137404580153,nan,nan,20,32750,53.5,0.05307428578241761,0.38594869396541986,False
23,3.589218347028375,0.08026981450252951,nan,nan,20,29650,48.75,0.05726405124732687,0.39419353379595146,False
24,3.5895818217815836,0.08666324259544599,nan,nan,20,29205,48.0,0.06180882107744427,0.4158580375829876,False
25,3.5854949874418147,0.08497667185069985,3.603713918601319,0.09818304931723282,20,32150,52.75,0.06526404629631347,0.3494066115681743,False
26,3.5544215501194776,0.10089407485982725,nan,nan,20,32995,54.0,0.07034994859920433,0.36064013018437113,False
27,3.5167578482709594,0.10024929884699284,nan,nan,20,32090,52.5,0.07724195110319537,0.3956984800209687,False
28,3.477684095443911,0.12110427407284217,nan,nan,20,30065,49.75,0.08482804859049517,0.44233694602712176,False
29,3.448488953562066,0.12478441392526349,nan,nan,20,31310,51.0,0.09269066314266636,0.3981455181768395,False
30,3.4035714567540025,0.13689509581032802,3.4013555744622312,0.1394312154384381,20,30790,50.75,0.10296631198762575,0.5189775700938414,False
31,3.2988173541232677,0.16990244682552375,nan,nan,20,31265,51.5,0.113441861163313,0.49456181893101164,False
32,3.250529790900557,0.18832882273342355,nan,nan,20,29560,48.75,0.12459825898033348,0.566644140485405,False
33,3.1434564434180965,0.21806786915316417,nan,nan,20,32710,53.5,0.13476876789549644,0.5255796711765541,False
34,3.0726885992594326,0.23269796993646366,nan,nan,20,32265,53.25,0.14628141787196655,0.6343411836225759,False
35,2.96148425533049,0.2511642845672073,2.908781397007696,0.3045367340029342,20,31135,51.5,0.1579157697713929,0.6090343727466557,False
36,2.772495590556061,0.30473155966225907,nan,nan,20,31385,51.5,0.17177468766435353,0.6980127557628945,False
37,2.7023053010434586,0.3158771643253839,nan,nan,20,30610,50.25,0.18043603109540163,0.6749635025007388,False
38,2.4728363772886217,0.381760627072656,nan,nan,20,33170,53.75,0.19184678657018783,0.684408074708906,False
39,2.4012149321011713,0.3897879558948261,nan,nan,20,29475,48.75,0.19897673076038033,0.7310344053565154,False
40,2.3192837632507795,0.40964698721850273,2.497600052671795,0.3519354474664259,20,32860,54.0,0.20725499289378985,0.7722629700212136,False
41,2.2135840063863874,0.44416021541568496,nan,nan,20,29710,49.0,0.2128505782923053,0.7850876950185909,False
42,2.216153185809409,0.4377940241576605,nan,nan,20,31460,51.75,0.2187066553841621,0.8123321624680042,False
43,2.134800612856349,0.4514867228494196,nan,nan,20,31445,51.75,0.2213883513412597,0.7488500334751135,False
44,1.9600854788992736,0.49940466613032986,nan,nan,20,31075,51.0,0.22369479723930397,0.7294145434275017,False
45,1.9527487940498802,0.4966039935869407,2.0683419855920904,0.4795169845389911,20,34305,56.25,0.22698066917829499,0.7704999396060839,False
46,1.8222535390467665,0.5334601363132033,nan,nan,20,31545,51.5,0.22771910932093212,0.7098720903458374,False
47,1.8413779039004226,0.5188625273430927,nan,nan,20,29715,48.5,0.2268676697852436,0.7455965837340173,False
48,1.8161898375251664,0.5350015738117722,nan,nan,20,31770,51.75,0.23242296234489912,0.9187685216364372,False
49,1.6836354583279218,0.5577210352614209,nan,nan,20,28785,47.25,0.23319729289897956,0.9363119359913838,False
50,1.6659472945357257,0.5665570690465007,1.836225249161638,0.5261821464845954,20,31935,52.0,0.23488213414514647,0.7549383560822935,True
