round,train_loss,train_accuracy,test_loss,test_accuracy,num_fit_clients,run_completed
1,1.3809326130390167,0.5404,2.624628374481201,0.1024,10,False
2,1.3875159636497498,0.5716,3.1686730087280273,0.1,10,False
3,1.806017356491024,0.5808,5.046430303955078,0.1015,10,False
4,2.533683391553782,0.4874,5.8581903961181645,0.1446,10,False
5,2.168847959454544,0.5678,6.195831881713867,0.1,10,False
6,1.558416463039897,0.5598,4.782831687927246,0.1003,10,False
7,1.7480143698117268,0.5132,3.789274342346191,0.1,10,False
8,1.6446236295449839,0.5932,2.6949889904022215,0.1526,10,False
9,1.318729105343332,0.5922,2.914696692276001,0.1,10,False
10,1.4873912095521225,0.5572,2.8509143821716307,0.1739,10,False
11,1.4101988981307556,0.5342,2.9811058044433594,0.1693,10,False
12,1.4247951257489084,0.6404,2.5733301666259765,0.154,10,False
13,1.2011858731416833,0.643,2.6093629230499267,0.1532,10,False
14,1.3624433590645502,0.5604,2.8338399589538574,0.1149,10,False
15,1.7602001287084945,0.484,2.6062585437774657,0.2105,10,False
16,1.4130110103648157,0.574,2.3164702079772947,0.1609,10,False
17,1.17513897996007,0.6044,2.3609762451171874,0.1619,10,False
18,1.3982785029787745,0.5532,2.6897870071411134,0.1256,10,False
19,1.452502023626343,0.5494,2.420177362823486,0.1972,10,False
20,1.2587730686030583,0.6398,2.531261587524414,0.1733,10,False
21,1.5509603167653083,0.5612,2.400389513397217,0.1716,10,False
22,1.443802570796013,0.4984,2.238771649932861,0.1846,10,False
23,1.2494530299254605,0.6222,2.2829494106292723,0.1646,10,False
24,1.3139818218438188,0.581,2.471643621063232,0.1659,10,False
25,1.4743133599877358,0.543,2.39457836265564,0.1613,10,False
26,1.2441793411158024,0.5772,2.6674396465301515,0.1454,10,False
27,1.637382784962654,0.468,2.5029143928527833,0.1726,10,False
28,1.5533357070088387,0.496,2.2849998586654663,0.2392,10,False
29,1.3535533850193024,0.5864,2.1979422687530517,0.2374,10,False
30,1.3539668910741807,0.581,2.104957264328003,0.1953,10,False
31,1.1984437328534667,0.61,2.573083946990967,0.1704,10,False
32,1.4053880973227322,0.5468,2.2897392219543455,0.21,10,False
33,1.4956292014598846,0.5048,2.2134308517456054,0.1914,10,False
34,1.2728368701457977,0.5902,2.442758814239502,0.1519,10,False
35,1.1339233445079997,0.6352,2.337634056854248,0.1883,10,False
36,1.3520123684883119,0.5834,2.25303879699707,0.1711,10,False
37,1.3391376393079757,0.5554,2.1322251106262207,0.2246,10,False
38,1.2083859860164112,0.6038,2.267945504760742,0.186,10,False
39,1.3932175625801086,0.558,2.082831056404114,0.2137,10,False
40,1.3324141878067748,0.541,2.1846166971206666,0.1569,10,False
41,1.5441143936634063,0.4942,2.283816114807129,0.1988,10,False
42,1.2657242619134137,0.5818,2.123418494796753,0.1579,10,False
43,1.1821759906291962,0.6056,2.0641555906295777,0.2023,10,False
44,1.1254453439891339,0.6528,2.0594122848510743,0.2354,10,False
45,1.1815621921777726,0.6242,2.2144939781188966,0.2132,10,False
46,1.2638738622188568,0.592,2.322517672729492,0.2082,10,False
47,1.2031148390596733,0.6308,2.2577762790679934,0.2223,10,False
48,1.1408287279778626,0.6348,2.198660774612427,0.192,10,False
49,1.169728060370055,0.6458,2.0554950439453124,0.2148,10,False
50,1.2639258240938187,0.5662,2.0217091857910154,0.2184,10,False
51,1.2171897706747055,0.6066,2.1710163661956785,0.2131,10,False
52,1.2989429347872734,0.5822,1.9812375759124756,0.2183,10,False
53,1.2339799295656966,0.6032,2.0984259405136108,0.1768,10,False
54,1.125450522413815,0.6392,1.9490122901916505,0.2418,10,False
55,0.9376129785307916,0.7076,2.3172675399780274,0.2096,10,False
56,1.1468511615422787,0.6276,1.91120166015625,0.2245,10,False
57,1.1151826558103553,0.6344,2.242320183944702,0.2003,10,False
58,1.3098530846550362,0.5828,2.190917589569092,0.2072,10,False
59,1.2002676342225633,0.6182,2.319127864456177,0.1886,10,False
60,1.3945787675142287,0.5492,2.1551265518188476,0.207,10,False
61,1.2046873797554989,0.6522,1.9473193056106568,0.2434,10,False
62,1.3607194479465485,0.567,2.095199890899658,0.2012,10,False
63,1.2465907780617476,0.6054,2.152258089828491,0.2256,10,False
64,1.2327639533603796,0.6074,2.105943692398071,0.1727,10,False
65,0.9694778619464952,0.6924,2.0438218185424804,0.2666,10,False
66,1.2137209573695436,0.6134,1.9248793746948243,0.2618,10,False
67,1.2975040084163891,0.5612,2.1423181396484376,0.2027,10,False
68,1.111582753709855,0.654,1.8234271671295166,0.2867,10,False
69,1.1433094820261,0.6264,1.8927630405426026,0.2784,10,False
70,0.9514240120302304,0.7196,2.408917512130737,0.1772,10,False
71,1.239019315935846,0.6088,1.9914041400909424,0.2618,10,False
72,1.190095308971405,0.6066,1.9988544242858888,0.2458,10,False
73,1.1917401555500924,0.624,2.0183213970184326,0.2711,10,False
74,1.3738652341513895,0.527,2.116227885246277,0.2268,10,False
75,1.112171426951117,0.6622,2.6302203117370606,0.1424,10,False
76,1.5469918578624726,0.5212,2.1138752410888673,0.2592,10,False
77,1.358365047594183,0.5892,2.1011041816711424,0.1904,10,False
78,1.4475724742412568,0.5022,2.2098749240875244,0.1841,10,False
79,1.2686597491900902,0.5866,2.5609757041931154,0.1672,10,False
80,1.509562278185878,0.5294,2.0127013038635253,0.2706,10,False
81,1.3893199547767638,0.543,1.867693927192688,0.2704,10,False
82,1.2818157974720001,0.5936,2.0362676177978516,0.1856,10,False
83,1.1570539750631899,0.5946,2.109921161651611,0.221,10,False
84,1.1185651562661632,0.6338,2.0429367992401124,0.2488,10,False
85,1.1944021186817437,0.5972,1.8502876428604127,0.2522,10,False
86,1.142872286939621,0.5996,2.003093091583252,0.2632,10,False
87,1.212831706237793,0.6358,1.8563834917068482,0.2936,10,False
88,1.2423281327494886,0.5734,2.1840379516601565,0.2365,10,False
89,1.1092856749882571,0.6708,2.4330348316192625,0.1214,10,False
90,1.1939391781836748,0.589,2.0368787183761596,0.2596,10,False
91,1.1661475136077497,0.6334,1.9235883171081543,0.2703,10,False
92,1.1498265040167142,0.6288,1.833714556503296,0.2679,10,False
93,1.0855747701883316,0.6526,1.9751158826828004,0.2624,10,False
94,1.1812423208236695,0.6124,2.21297230758667,0.1785,10,False
95,1.1888206817535218,0.6058,2.1286008438110353,0.1925,10,False
96,1.374651496207714,0.5396,2.0828992904663086,0.1908,10,False
97,1.1341166902124882,0.598,2.076166889953613,0.2641,10,False
98,1.2866162743091583,0.5704,2.076154269981384,0.26,10,False
99,1.357732511007064,0.5866,1.9559022994995117,0.2527,10,False
100,1.0489480552434922,0.6756,2.020613479042053,0.2329,10,False
101,1.2010855974990875,0.6192,2.0657723072052003,0.2276,10,False
102,1.2410699948072434,0.5916,1.9217319854736328,0.2545,10,False
103,1.3467490844488144,0.5796,1.9927807159423827,0.2223,10,False
104,1.3188634592264892,0.5684,1.9515004163742065,0.2482,10,False
105,1.2138854518740438,0.5888,2.1036969022750855,0.2474,10,False
106,1.1771842746078969,0.625,1.9904789905548095,0.2024,10,False
107,1.2398449609371252,0.5918,1.98015970287323,0.2842,10,False
108,1.1571246192455291,0.6222,2.026124898147583,0.2161,10,False
109,1.1485430532045198,0.6296,2.0284754989624023,0.2699,10,False
110,1.31833883638978,0.5782,1.8685941352844238,0.2753,10,False
111,1.3190073480129243,0.5552,1.9206561264038087,0.2787,10,False
112,1.0583050611432177,0.6572,2.0021003702163696,0.2736,10,False
113,0.929752293148142,0.7112,2.188815830230713,0.2306,10,False
114,1.3995260828733445,0.5176,1.8745586135864258,0.3075,10,False
115,1.241395993924141,0.609,1.7625184410095214,0.3292,10,False
116,1.0959284420470474,0.6664,1.9169579605102538,0.2691,10,False
117,1.073376394697884,0.6402,1.804226658630371,0.3359,10,False
118,1.0784311191916465,0.6694,1.7671954111099244,0.3242,10,False
119,0.990687174915307,0.705,1.8924695209503173,0.3207,10,False
120,1.2687216042757035,0.5804,1.8072297744750976,0.2916,10,False
121,0.8566533088135999,0.7588,2.450561269760132,0.1685,10,False
122,1.357791819500923,0.5694,1.944494184112549,0.3044,10,False
123,1.1833326351583004,0.6182,1.7947720722198486,0.336,10,False
124,1.0899598000554367,0.6466,2.047009074020386,0.2561,10,False
125,1.217900822654739,0.6224,2.2010358596801756,0.2671,10,False
126,1.4558288265975192,0.5144,2.0652569110870362,0.2165,10,False
127,1.289017165452242,0.5906,1.9991195064544678,0.2954,10,False
128,1.3056422325372696,0.5708,1.838283865737915,0.2821,10,False
129,1.1519199906773865,0.6228,1.8372929363250732,0.3342,10,False
130,1.0145252872537471,0.7002,2.209037391662598,0.2155,10,False
131,1.3547342006576248,0.5402,2.2613207237243653,0.1797,10,False
132,1.264945423078537,0.595,3.2917463413238526,0.1017,10,False
133,1.5467848806390538,0.5278,2.111250519180298,0.2719,10,False
134,1.2324801427088679,0.6018,1.9286883098602294,0.2741,10,False
135,1.0328453050374984,0.6918,1.8668225608825684,0.2936,10,False
136,1.080864123094175,0.6712,1.8400259540557862,0.3088,10,False
137,1.1612481079101562,0.6108,1.8410122425079345,0.2932,10,False
138,1.1134991225898265,0.6172,2.0129468959808348,0.2534,10,False
139,1.1988239751135232,0.638,2.028434676742554,0.2914,10,False
140,1.180343187979469,0.6324,2.4685231159210206,0.1788,10,False
141,1.3907092972278594,0.5276,1.823456707572937,0.3002,10,False
142,1.1820255719050765,0.6206,1.8470601877212525,0.3197,10,False
143,1.0850991079330445,0.6406,1.8538647470474243,0.2574,10,False
144,1.175547300338745,0.6254,1.7509631652832032,0.3687,10,False
145,1.3194421783685684,0.5664,2.3765723316192626,0.2117,10,False
146,1.364216778657958,0.5312,2.1743290618896483,0.1916,10,False
147,1.2771589112701827,0.5738,1.8664136528015136,0.2645,10,False
148,1.2237655502915383,0.5928,1.9306181564331055,0.3115,10,False
149,1.0531670002907514,0.651,1.8284900426864623,0.3074,10,False
150,1.1272453968286513,0.6222,1.992055757522583,0.2522,10,False
151,1.1621940505979582,0.6134,1.9366529867172242,0.2365,10,False
152,1.1351207699030639,0.6272,1.9978205127716064,0.2422,10,False
153,1.1983830175876617,0.5998,1.925087473297119,0.2815,10,False
154,1.0301647234519944,0.6766,2.046421494293213,0.229,10,False
155,1.1732097279004752,0.6116,2.0082095802307127,0.2861,10,False
156,1.0691466075658798,0.6512,1.756031470489502,0.3191,10,False
157,0.8175316304403007,0.7596,2.3903716459274293,0.1689,10,False
158,1.4357265172637999,0.5526,2.3347875862121583,0.2401,10,False
159,1.4079694472174742,0.5544,1.9059720478057862,0.2464,10,False
160,1.0194592476000544,0.6888,1.8866811042785645,0.2668,10,False
161,1.4936185976505278,0.5174,1.9579226863861083,0.2461,10,False
162,1.135735210225545,0.6382,1.8487702247619628,0.2966,10,False
163,1.3111699772593566,0.5362,1.941295383453369,0.2764,10,False
164,1.342086034738552,0.5518,1.7966973314285277,0.2859,10,False
165,1.1885005877468735,0.5882,1.878998402786255,0.2949,10,False
166,1.10713978490578,0.6504,1.7585803226470946,0.3711,10,False
167,1.0899843850265256,0.6406,1.9222369415283203,0.2922,10,False
168,1.0950643820226194,0.6416,1.951986937713623,0.2099,10,False
169,1.1670692176818849,0.5964,1.8009062206268311,0.2562,10,False
170,1.0612412975996732,0.6564,2.234982525062561,0.1812,10,False
171,1.2949800354003906,0.5654,2.315002990722656,0.1948,10,False
172,1.1553335091443033,0.604,1.965761502456665,0.2378,10,False
173,0.9548860217482317,0.7006,1.8339105133056641,0.3383,10,False
174,1.0041123958289624,0.6802,1.8303244153976441,0.2461,10,False
175,1.1130668808638584,0.6248,1.8149839965820314,0.3024,10,False
176,0.9396318354676944,0.701,1.9036660404205323,0.3013,10,False
177,1.0048369474112988,0.6834,1.9284015625,0.3239,10,False
178,1.093622308542952,0.6402,1.78951611328125,0.3095,10,False
179,1.191370636385749,0.6146,2.046467247772217,0.2464,10,False
180,1.060569825077057,0.6432,1.8634413347244263,0.3252,10,False
181,1.128485734357126,0.6078,1.9383532327651978,0.2783,10,False
182,1.1321479788220488,0.6342,1.9183754158020019,0.2787,10,False
183,1.1441976363062858,0.6232,1.835293613243103,0.3354,10,False
184,1.18981990724653,0.5924,2.1207402896881105,0.2172,10,False
185,1.1015234141111374,0.6342,1.9907012187957764,0.2447,10,False
186,1.0330282176267822,0.6622,1.8327264366149902,0.3079,10,False
187,1.0820054988741874,0.6508,1.823148549079895,0.2647,10,False
188,1.0036607280322352,0.6804,1.8805655071258545,0.2852,10,False
189,1.0407746683632955,0.6518,1.8460133270263672,0.3382,10,False
190,1.142654835164547,0.6262,1.6376622997283936,0.3678,10,False
191,1.2245518532514572,0.5788,1.7307265342712401,0.3296,10,False
192,1.0788557758315467,0.6424,1.7544103435516358,0.2957,10,False
193,0.9387100326235756,0.6882,1.8111471242904662,0.3076,10,False
194,1.0201017403908772,0.6758,1.7274204860687257,0.3553,10,False
195,0.9103782977529802,0.6964,1.6299822637557984,0.4004,10,False
196,0.9370008583834104,0.7042,1.9073849628448487,0.2906,10,False
197,1.2041063985806424,0.5986,2.141367085647583,0.2597,10,False
198,1.160888929947748,0.6154,2.0248688011169436,0.3006,10,False
199,1.0997310306834056,0.6498,1.814270622444153,0.2584,10,False
200,0.9755169312237529,0.6806,1.874636395263672,0.2751,10,False
201,0.9750864566922188,0.679,1.8069049480438233,0.3079,10,False
202,0.9791405693978071,0.671,2.0865938095092775,0.2635,10,False
203,1.2663130844712258,0.5782,1.8464081848144531,0.3264,10,False
204,1.0213529117665952,0.6632,1.6416343017578126,0.3934,10,False
205,0.920035616262909,0.7078,1.7255788545608521,0.3287,10,False
206,1.0312115540504456,0.6704,1.8216421127319335,0.3075,10,False
207,1.0281429522632155,0.676,1.9850404117584228,0.2786,10,False
208,1.093789249154157,0.6706,2.1455170667648313,0.2202,10,False
209,1.1411837541432643,0.6292,1.9303629375457763,0.2661,10,False
210,0.9625828806424979,0.7028,1.725039248085022,0.3687,10,False
211,0.9938234018020332,0.6738,1.7618288208007813,0.3233,10,False
212,1.2076922624349593,0.6014,2.051824059677124,0.2906,10,False
213,1.0863946704596747,0.6648,1.8112952430725098,0.3117,10,False
214,1.1178463330641388,0.618,1.751435352706909,0.3258,10,False
215,0.8993814485479146,0.7212,1.7126370431900024,0.3809,10,False
216,1.1223025111575435,0.6308,1.9271793382644653,0.2554,10,False
217,1.0658433488055132,0.623,1.820048052597046,0.2962,10,False
218,1.0378148480057716,0.6394,1.661659962463379,0.4033,10,False
219,0.9588005821197526,0.7066,1.9472167612075806,0.2783,10,False
220,1.178586148566776,0.6156,2.43745400390625,0.2528,10,False
221,1.1535988019995391,0.6236,1.8246499504089355,0.3778,10,False
222,1.0927965120077132,0.6416,2.224145794296265,0.2236,10,False
223,1.2045778793573378,0.6312,1.6847197895050048,0.3689,10,False
224,1.1148862518906593,0.6396,1.7350194965362549,0.3185,10,False
225,1.0241638223717922,0.6398,1.763100782775879,0.3265,10,False
226,1.1882000088214875,0.5868,1.6656515796661377,0.3728,10,False
227,1.0532994744334254,0.6768,2.098297481918335,0.2406,10,False
228,1.0427053863800597,0.6488,1.7620333465576172,0.3338,10,False
229,1.0798504154562951,0.6308,1.7380188621520996,0.3411,10,False
230,1.1076128365794429,0.6252,1.776163265800476,0.3311,10,False
231,1.042955323277507,0.6412,2.02551527633667,0.2615,10,False
232,0.818712904051831,0.7222,2.3790846008300783,0.2268,10,False
233,1.1125457268885919,0.6424,2.1456998750686647,0.2981,10,False
234,1.4349461553007363,0.541,2.1783044971466063,0.2452,10,False
235,1.207020307013439,0.581,1.8675725620269776,0.2836,10,False
236,1.0961488678865134,0.6388,1.6717640977859498,0.3768,10,False
237,1.0076042442697333,0.6648,1.7364627643585204,0.3508,10,False
238,1.0363755812999442,0.6586,1.83408803691864,0.2649,10,False
239,0.9252582496633753,0.6966,1.6530963275909425,0.3562,10,False
240,0.9654643019092269,0.6736,1.6888498601913453,0.3732,10,False
241,1.1396521581649781,0.5934,1.6333878684997558,0.3634,10,False
242,0.9929605700992048,0.6638,1.7177960578918456,0.3424,10,False
243,0.9522595115780831,0.6868,1.7657666492462158,0.3315,10,False
244,0.8651199451466091,0.7268,1.6128403728485108,0.4056,10,False
245,0.9284695234334096,0.6836,1.6705366006851197,0.3261,10,False
246,1.0668113868713378,0.6392,1.7480048694610595,0.3297,10,False
247,1.112448700284958,0.6034,1.7790015491485596,0.3135,10,False
248,0.9650779056182132,0.686,2.0315587715148924,0.3005,10,False
249,0.9235754498451948,0.7042,2.1746209381103516,0.2169,10,False
250,1.010951127672824,0.6582,1.794798696899414,0.4044,10,False
251,0.8441293967300094,0.737,1.788076650619507,0.3441,10,False
252,1.1402731895184144,0.6208,1.6934776247024537,0.3458,10,False
253,0.8733290354936732,0.712,1.644959690475464,0.3519,10,False
254,0.9754368744493462,0.7004,2.14645199508667,0.2514,10,False
255,1.0902419821739198,0.6726,1.6441428916931153,0.3426,10,False
256,1.0790319431185722,0.6404,1.9070832286834716,0.2756,10,False
257,1.0360418974041938,0.6438,1.5971024404525758,0.3889,10,False
258,0.8452136569963302,0.7204,1.569042936515808,0.3961,10,False
259,0.9721235310912132,0.6874,1.632773766708374,0.3866,10,False
260,0.9752804325079545,0.6844,1.5619351913452149,0.3986,10,False
261,0.9182295178666711,0.6978,1.6952448511123657,0.3543,10,False
262,1.045809653365612,0.6296,1.59643099193573,0.3776,10,False
263,0.9220592384457588,0.688,1.7295673460006713,0.3454,10,False
264,1.0096827672795743,0.676,2.013821632385254,0.2514,10,False
265,1.1326779054603204,0.6162,1.8322498376846315,0.3246,10,False
266,1.12930539945364,0.6806,1.7325187419891357,0.3441,10,False
267,0.9065720502332318,0.7096,1.8803296800613403,0.3088,10,False
268,1.0972998827782285,0.627,1.9415598520278932,0.3211,10,False
269,1.3053705273985863,0.589,1.7740751110076904,0.3346,10,False
270,0.9442431431361474,0.6858,1.8941678255081176,0.3016,10,False
271,1.0726196139543318,0.6534,1.7079407531738282,0.3947,10,False
272,0.9147938512580004,0.7156,1.7727742950439453,0.3297,10,False
273,0.9941970057120081,0.6704,1.712485319519043,0.3665,10,False
274,0.9446301951867762,0.6926,1.6751061666488647,0.3752,10,False
275,1.04262420732975,0.6614,1.6274454792022706,0.3854,10,False
276,0.9064542622418957,0.7096,1.6407339862823487,0.3866,10,False
277,0.8414079657827503,0.7234,1.6710352041244507,0.3383,10,False
278,0.8210228341844864,0.736,1.6958671356201171,0.3419,10,False
279,0.9374768101066351,0.6784,1.6505703857421874,0.3906,10,False
280,0.8620781948539894,0.7286,1.7963078758239746,0.309,10,False
281,0.849420471962326,0.7204,1.9480687602996827,0.2742,10,False
282,1.0917494295716286,0.639,1.8193622520446777,0.2711,10,False
283,0.9696288219928741,0.6598,1.5975381122589112,0.4015,10,False
284,0.7873728413891978,0.759,1.8280215627670289,0.3447,10,False
285,1.0619753774389857,0.6342,1.7334792545318602,0.3288,10,False
286,1.1193349552154541,0.6264,1.5872119415283203,0.386,10,False
287,0.7896991794705391,0.7364,1.5342115779876708,0.4219,10,False
288,0.9448740781188011,0.676,1.657783719062805,0.358,10,False
289,1.0125466923795174,0.6626,1.8621512310028077,0.3325,10,False
290,0.8042387554073648,0.7588,1.9145853340148926,0.2924,10,False
291,0.945684159898758,0.698,1.6466014095306396,0.3513,10,False
292,0.9386899181330577,0.6884,1.747905782699585,0.3037,10,False
293,0.9288988314270973,0.691,1.5623050380706787,0.3992,10,False
294,0.7245068012363277,0.7764,1.741644920349121,0.3524,10,False
295,0.8654247633695602,0.7066,1.9052329416275025,0.3404,10,False
296,1.0191441926956177,0.6536,1.805653295326233,0.3039,10,False
297,1.0838989372253418,0.6366,1.6761642238616943,0.384,10,False
298,0.9785684879029636,0.675,1.7261410049438477,0.3707,10,False
299,0.8903141396394931,0.7074,2.0762784065246582,0.2782,10,False
300,1.0334619065405335,0.6714,1.81656922416687,0.3462,10,False
301,1.1692015795925865,0.6274,1.7579533630371094,0.3462,10,False
302,1.0068425151903415,0.655,1.652919387817383,0.349,10,False
303,0.9035394022583961,0.7036,1.7896555459976196,0.4008,10,False
304,1.074143496632576,0.6406,1.5869610548019408,0.3978,10,False
305,0.8978379380296916,0.709,1.629773176574707,0.3627,10,False
306,0.924661452567426,0.6952,1.9486671180725097,0.2845,10,False
307,1.1492884263217449,0.6106,1.7918634803771973,0.3562,10,False
308,1.13312699621669,0.6734,2.17524236869812,0.25,10,False
309,1.0476393174435479,0.6834,1.5761143381118774,0.4174,10,False
310,0.8881606911865528,0.7168,1.6066587980270386,0.3902,10,False
311,0.9763668881893158,0.6722,1.5314264856338502,0.4187,10,False
312,0.8938185492694378,0.7144,1.4637768280029297,0.4278,10,False
313,0.7789229683043435,0.7516,1.6832815874099731,0.3808,10,False
314,1.1864535838603973,0.5962,1.692196534729004,0.3421,10,False
315,1.0198460413788213,0.6612,1.696568643760681,0.3765,10,False
316,1.022598974031565,0.6524,1.5353348934173583,0.4045,10,False
317,0.9027096533764154,0.7176,1.6136589761734008,0.4179,10,False
318,0.8975370916351443,0.71,1.6507338943481444,0.3529,10,False
319,0.7893495943665505,0.746,1.6336595125198363,0.3754,10,False
320,0.9075841441626428,0.6898,1.8893265588760375,0.2849,10,False
321,0.9686114000082016,0.6506,1.6281740081787108,0.4267,10,False
322,0.9582603809332475,0.6902,2.0587319328308107,0.2603,10,False
323,0.9706510445076827,0.6654,2.021535605621338,0.3045,10,False
324,1.0270618169446475,0.6548,1.7233407718658447,0.3459,10,False
325,0.890894877818739,0.7274,1.757707565498352,0.3824,10,False
326,0.9089319662000053,0.6996,1.6606614643096924,0.4077,10,False
327,0.9011783065319061,0.7104,1.6732585483551026,0.3785,10,False
328,1.117209417629242,0.6476,1.6314242137908936,0.4021,10,False
329,1.0040177955031395,0.694,1.600532564163208,0.3827,10,False
330,1.0100687276124953,0.659,1.6597774593353272,0.3529,10,False
331,0.9041869994044304,0.6976,1.6098614484786988,0.4015,10,False
332,0.7319119871094822,0.766,1.8197858570098877,0.2999,10,False
333,1.1846925555348395,0.6118,2.0632636989593505,0.2602,10,False
334,1.0897409272428835,0.6296,1.6330730960845947,0.3902,10,False
335,0.9340092654079198,0.671,1.7700666709899902,0.3365,10,False
336,1.0742201212257148,0.6488,1.7274471685409545,0.3721,10,False
337,0.9064094076633453,0.7148,1.5753659210205078,0.3982,10,False
338,0.8183076274418272,0.7446,1.7147973970413208,0.3721,10,False
339,0.9514785432844306,0.6892,1.5140724346160888,0.4381,10,False
340,0.9410628048956394,0.6874,1.645053768157959,0.3266,10,False
341,0.8822005568265915,0.707,1.502058173942566,0.4629,10,False
342,0.8501499958009925,0.7182,1.7169371433258056,0.3246,10,False
343,1.0456016805529595,0.6598,1.892052017211914,0.3075,10,False
344,0.9959856861233711,0.6572,1.570630429840088,0.3675,10,False
345,0.95361965253636,0.6784,2.0386826877593993,0.2897,10,False
346,1.0006421222433448,0.6944,1.8295141540527344,0.328,10,False
347,1.1989075736165047,0.6224,1.8303319648742675,0.3297,10,False
348,1.0366984279110563,0.6422,1.7516820316314696,0.3453,10,False
349,0.9935127548608929,0.6896,1.6621261173248292,0.391,10,False
350,0.9193202693031169,0.6818,1.9029796222686768,0.3102,10,False
351,1.0388307118177413,0.6472,1.5696493217468261,0.4107,10,False
352,0.881623741389066,0.7152,1.4513560279846192,0.4352,10,False
353,0.7661314523161389,0.7538,1.5743611217498779,0.4468,10,False
354,1.0258329614162445,0.6446,1.617813743209839,0.3722,10,False
355,0.8957075971718877,0.7126,1.5332489418029784,0.4135,10,False
356,0.8781228907465934,0.7094,1.8537919845581055,0.3352,10,False
357,0.9996760265013203,0.6642,1.61005885887146,0.3891,10,False
358,1.0836833684206009,0.6148,1.8708609655380248,0.2835,10,False
359,1.0893782817840576,0.662,1.5666129861831666,0.4166,10,False
360,0.810751297167642,0.7528,1.6748878742218019,0.3841,10,False
361,1.029663271379471,0.647,1.756052783203125,0.3579,10,False
362,0.8964581139268819,0.694,1.7970005321502684,0.3402,10,False
363,0.9572590325593948,0.6824,1.5378274137496948,0.4202,10,False
364,0.9256194307911239,0.6692,1.7950794010162354,0.3466,10,False
365,1.021780268710712,0.658,1.4894372644424438,0.4326,10,False
366,0.7575381235100911,0.76,1.6173008888244629,0.3648,10,False
367,0.8794390762388706,0.7022,1.5939430927276612,0.3729,10,False
368,0.8076666669803206,0.7286,1.5990722734451295,0.3936,10,False
369,0.7697486383036827,0.7576,1.778833058166504,0.317,10,False
370,0.9880867928060761,0.641,1.7099061866760255,0.3743,10,False
371,0.8458349721419508,0.7336,1.5863801822662353,0.4421,10,False
372,0.798945184141118,0.7622,1.4900217056274414,0.4545,10,False
373,0.8524529448214453,0.7188,1.4346969665527343,0.4572,10,False
374,0.905148348402977,0.7034,1.5313776042938232,0.3876,10,False
375,0.754770029437542,0.7556,1.8596594562530517,0.3134,10,False
376,0.8229902622878551,0.7212,1.5463105367660523,0.4469,10,False
377,0.7820045517027379,0.7362,1.4070608631134034,0.4994,10,False
378,0.7502714114113944,0.7436,1.782515576171875,0.346,10,False
379,0.8763982936901972,0.7134,1.5990993865966796,0.3993,10,False
380,0.8114129465103149,0.7438,1.5292079044342042,0.4467,10,False
381,0.7848587584389374,0.7354,1.68564965801239,0.312,10,False
382,0.8429225397397299,0.7008,1.6891206525802613,0.3397,10,False
383,0.9869009301185608,0.6528,1.5489389015197754,0.4397,10,False
384,0.9842025909956544,0.6756,1.6124704078674317,0.3827,10,False
385,0.8751531993627548,0.7276,1.640931286239624,0.3904,10,False
386,0.8328012557029258,0.7442,2.1595803871154784,0.2978,10,False
387,0.9642151047160762,0.689,1.5649345497131348,0.3972,10,False
388,0.8203624814659357,0.731,1.4277467010498046,0.4446,10,False
389,0.8291387509395834,0.724,1.5298658628463746,0.4293,10,False
390,0.8459494416832923,0.7186,1.9255702480316161,0.2987,10,False
391,0.9301123090124689,0.6854,1.69813793258667,0.4262,10,False
392,1.042783025368536,0.6602,1.6643975566864013,0.3526,10,False
393,0.9131544242677512,0.6868,1.7304555072784424,0.3783,10,False
394,0.946773039996624,0.6906,1.6627015592575074,0.3192,10,False
395,0.7620380790112773,0.7454,1.5587827728271484,0.4382,10,False
396,0.8039287676900625,0.7354,1.6942136196136475,0.3586,10,False
397,0.8255298600662034,0.7236,1.7952629776000977,0.3653,10,False
398,0.9247954308690504,0.6938,1.6387990562438965,0.3919,10,False
399,0.975321141230315,0.667,1.861491930770874,0.3168,10,False
400,0.825483373361826,0.7168,1.6958383239746093,0.3506,10,False
401,0.915842370386934,0.6946,1.500871315383911,0.4502,10,False
402,0.8352034203886985,0.734,1.5671793558120728,0.374,10,False
403,0.9092657624959946,0.69,1.514529406929016,0.4119,10,False
404,0.6488078904240858,0.7948,1.5136719638824463,0.3896,10,False
405,0.8830828888076008,0.6952,1.8795391746520995,0.3356,10,False
406,0.9644739645013469,0.6938,1.7926234210968017,0.3731,10,False
407,0.8389972491277499,0.7182,1.668290602874756,0.3591,10,False
408,0.9209384488105774,0.6726,1.750205809211731,0.382,10,False
409,1.000134943151474,0.6708,1.4964217208862305,0.4431,10,False
410,0.8486342008682899,0.714,1.5500584943771363,0.4016,10,False
411,0.8500075287133455,0.7186,1.5737016422271728,0.3658,10,False
412,0.7294590456753969,0.7574,1.661146191596985,0.3527,10,False
413,0.8986244027018547,0.6938,1.4293655828475953,0.4394,10,False
414,0.7440158997119405,0.7488,1.6323926763534546,0.3776,10,False
415,0.8127471826829016,0.7214,1.6232188255310058,0.3619,10,False
416,0.8460686262488365,0.72,1.5696396995544433,0.3968,10,False
417,0.7313268248076347,0.76,1.619242435646057,0.4003,10,False
418,0.7694429411712103,0.7478,1.4104400299072266,0.4975,10,False
419,0.7016619913687464,0.7868,1.5705458108901977,0.4253,10,False
420,0.8135419224977494,0.7342,1.4721003116607665,0.4152,10,False
421,0.8590220093488693,0.699,1.500682826423645,0.4449,10,False
422,0.8468819429502357,0.718,1.4260005535125733,0.4545,10,False
423,0.7825297912657261,0.7378,1.416373537826538,0.4625,10,False
424,0.7398964002058783,0.76,1.5267153371810913,0.3996,10,False
425,0.7125076481838565,0.7636,2.018948041534424,0.2886,10,False
426,0.8731007644532248,0.715,1.5863182968139649,0.3806,10,False
427,0.9152153880052268,0.6896,1.6064378688812255,0.3686,10,False
428,0.7882805465005295,0.7358,1.81748122215271,0.3362,10,False
429,0.9273737752735615,0.6762,1.4641397596359254,0.4928,10,False
430,0.8214377917781472,0.7438,1.3641686861038207,0.492,10,False
431,0.7574988335067406,0.7478,1.3947917459487915,0.4834,10,False
432,0.7330092427551747,0.748,1.5378410972595216,0.378,10,False
433,0.8534849357128144,0.704,1.6630832843780519,0.3531,10,False
434,0.7326997398415231,0.7558,1.5125285415649414,0.4635,10,False
435,0.7368058206640183,0.7488,1.5364488473892213,0.4123,10,False
436,0.7376740894794465,0.7566,1.5078658472061157,0.4685,10,False
437,0.8138702167898416,0.7324,1.372257223701477,0.4926,10,False
438,0.8560456502914429,0.71,2.1610101463317872,0.2643,10,False
439,0.6719275111839874,0.7716,1.7318799961090088,0.3376,10,False
440,0.8623859000208788,0.717,1.5745786796569825,0.3628,10,False
441,0.765531958330446,0.7454,1.5642100574493407,0.4193,10,False
442,0.8211431829988957,0.7146,1.593566025352478,0.3921,10,False
443,0.8301017630766845,0.7216,1.5949838748931884,0.3965,10,False
444,0.8394230843378581,0.7188,1.801998339653015,0.351,10,False
445,0.890553472886607,0.7128,1.4283853401184081,0.4736,10,False
446,0.7798301166445948,0.7346,1.4895907466888427,0.4044,10,False
447,0.8121153675418987,0.7182,1.4330677265167235,0.4787,10,False
448,0.8593382467463146,0.7112,1.7030608068466186,0.3946,10,False
449,0.8408634431481361,0.7194,1.3136081560134887,0.5368,10,False
450,0.7125800752550363,0.7736,1.5134172134399415,0.3974,10,False
451,0.907434948558791,0.7074,1.442864242553711,0.4791,10,False
452,0.8944621328830719,0.715,1.7074025550842284,0.3665,10,False
453,0.8026206640112213,0.732,1.5836919101715088,0.382,10,False
454,0.8998560469017364,0.7056,1.6953955982208253,0.3758,10,False
455,0.7398330437583208,0.7664,1.9755668043136596,0.3303,10,False
456,1.1113286750884728,0.686,2.1816827930450438,0.2864,10,False
457,1.0990964686453342,0.6388,1.458726425933838,0.4293,10,False
458,0.8773460178971291,0.6992,1.3811518520355224,0.4646,10,False
459,0.7092310197619721,0.7654,1.5220042209625244,0.4191,10,False
460,0.8679470794081688,0.7108,1.7188242168426513,0.4133,10,False
461,0.9325043563425541,0.697,1.8169335487365723,0.379,10,False
462,0.9518698724865914,0.69,1.6573999013900758,0.3489,10,False
463,0.7442830820058938,0.7582,1.4788144184112548,0.4208,10,False
464,0.6368604858785402,0.7932,1.6761267148971557,0.3536,10,False
465,0.9090232036411762,0.7144,1.63040272731781,0.3759,10,False
466,0.9263738326240099,0.7024,1.463976407432556,0.4693,10,False
467,0.6890374329930753,0.7782,1.4218182279586793,0.4625,10,False
468,0.8556730483174324,0.6998,1.4323395235061644,0.4997,10,False
469,0.7230246465383446,0.7674,1.5093541460037232,0.4156,10,False
470,0.7682970223674959,0.7432,1.4946598812103271,0.4045,10,False
471,0.8997409357309342,0.6922,1.626723637008667,0.3486,10,False
472,0.9324955327749253,0.6742,1.6077419639587403,0.4037,10,False
473,0.8754400827616453,0.6976,1.4382583267211915,0.5072,10,False
474,0.7365155078905867,0.7606,1.464024818611145,0.4515,10,False
475,0.8299207388460637,0.7088,1.3693836669921875,0.492,10,False
476,0.6472904963919951,0.7868,1.4488475551605224,0.4652,10,False
477,0.7271908638119697,0.7608,1.586083369064331,0.4034,10,False
478,0.8082162884914549,0.7276,1.5969912662506103,0.3904,10,False
479,0.7454841723024845,0.7586,1.4564779901504517,0.455,10,False
480,0.7296225821629633,0.7554,1.4848451015472413,0.4531,10,False
481,0.6618960218906402,0.7892,1.466112195777893,0.4399,10,False
482,0.7256180257248692,0.7598,1.5085926498413087,0.4264,10,False
483,0.8377022792212432,0.704,1.546027219390869,0.445,10,False
484,0.8747933010198176,0.6992,1.387118286895752,0.4613,10,False
485,0.8138789491772652,0.7168,1.685270118522644,0.3875,10,False
486,0.8407895491957664,0.726,1.3375550025939942,0.499,10,False
487,0.6456237323032227,0.7856,1.3577930814743042,0.4995,10,False
488,0.5918881788432598,0.8172,1.3035930240631104,0.5139,10,False
489,0.6575370938130072,0.7824,1.3550903358459472,0.5236,10,False
490,0.6805188210119086,0.7866,1.3257739976882934,0.4987,10,False
491,0.6285926734575652,0.7998,1.4892612537384033,0.4231,10,False
492,0.8251662830185611,0.7258,1.6047233409881592,0.3882,10,False
493,0.7912601327840239,0.727,1.3765520542144776,0.5085,10,False
494,0.7682155466751952,0.7464,1.811046844482422,0.3338,10,False
495,0.8161340464353561,0.7218,1.4952601196289061,0.4501,10,False
496,0.8371654684148729,0.7072,1.3110993951797485,0.5194,10,False
497,0.6491065134257078,0.7924,1.362914210319519,0.4898,10,False
498,0.6154661425554193,0.7958,1.2219149557113647,0.5488,10,False
499,0.7427669065482915,0.7408,1.2996980861663818,0.4931,10,False
500,0.5892332327061158,0.8128,1.2482980361938476,0.5351,10,True
