round,train_loss,train_accuracy,test_loss,test_accuracy,num_fit_clients,num_fit_examples,round_upload_bytes,round_download_bytes,round_local_steps,cumulative_upload_bytes,cumulative_download_bytes,cumulative_local_steps,run_completed
1,2.3220177501678467,0.1242,nan,nan,10,5000,447344080,447344080,80,447344080,447344080,80,False
2,2.301966275882721,0.2128,nan,nan,10,5000,447344080,447344080,80,894688160,894688160,160,False
3,2.0305983465194704,0.2696,nan,nan,10,5000,447344080,447344080,80,1342032240,1342032240,240,False
4,1.9110371230125427,0.3118,nan,nan,10,5000,447344080,447344080,80,1789376320,1789376320,320,False
5,1.8848296333312988,0.3028,2.0632284461975097,0.3185,10,5000,447344080,447344080,80,2236720400,2236720400,400,False
6,1.8103589463233947,0.3384,nan,nan,10,5000,447344080,447344080,80,2684064480,2684064480,480,False
7,1.7021758140563965,0.3762,nan,nan,10,5000,447344080,447344080,80,3131408560,3131408560,560,False
8,1.6848808139801026,0.3754,nan,nan,10,5000,447344080,447344080,80,3578752640,3578752640,640,False
9,1.60267604637146,0.4106,nan,nan,10,5000,447344080,447344080,80,4026096720,4026096720,720,False
10,1.5967735144615174,0.419,1.592854635810852,0.4253,10,5000,447344080,447344080,80,4473440800,4473440800,800,False
11,1.5753095944404603,0.421,nan,nan,10,5000,447344080,447344080,80,4920784880,4920784880,880,False
12,1.538556393814087,0.438,nan,nan,10,5000,447344080,447344080,80,5368128960,5368128960,960,False
13,1.5102447700500488,0.4494,nan,nan,10,5000,447344080,447344080,80,5815473040,5815473040,1040,False
14,1.4693653635978698,0.4584,nan,nan,10,5000,447344080,447344080,80,6262817120,6262817120,1120,False
15,1.4339384081840516,0.4726,1.4416452110290527,0.4791,10,5000,447344080,447344080,80,6710161200,6710161200,1200,False
16,1.4590972706794738,0.4624,nan,nan,10,5000,447344080,447344080,80,7157505280,7157505280,1280,False
17,1.4176840274810791,0.4892,nan,nan,10,5000,447344080,447344080,80,7604849360,7604849360,1360,False
18,1.3647214738845825,0.5008,nan,nan,10,5000,447344080,447344080,80,8052193440,8052193440,1440,False
19,1.3550654034614562,0.501,nan,nan,10,5000,447344080,447344080,80,8499537520,8499537520,1520,False
20,1.3384483506202698,0.5136,1.263202127456665,0.5378,10,5000,447344080,447344080,80,8946881600,8946881600,1600,False
21,1.3223970677375794,0.522,nan,nan,10,5000,447344080,447344080,80,9394225680,9394225680,1680,False
22,1.321211335849762,0.5184,nan,nan,10,5000,447344080,447344080,80,9841569760,9841569760,1760,False
23,1.2643099015235901,0.5394,nan,nan,10,5000,447344080,447344080,80,10288913840,10288913840,1840,False
24,1.28131926984787,0.541,nan,nan,10,5000,447344080,447344080,80,10736257920,10736257920,1920,False
25,1.2417506699562073,0.5428,1.1582045085906982,0.59,10,5000,447344080,447344080,80,11183602000,11183602000,2000,False
26,1.2298999026298523,0.5586,nan,nan,10,5000,447344080,447344080,80,11630946080,11630946080,2080,False
27,1.218222661781311,0.5556,nan,nan,10,5000,447344080,447344080,80,12078290160,12078290160,2160,False
28,1.2198874746322632,0.558,nan,nan,10,5000,447344080,447344080,80,12525634240,12525634240,2240,False
29,1.2000448838710784,0.5696,nan,nan,10,5000,447344080,447344080,80,12972978320,12972978320,2320,False
30,1.1800364436149597,0.5808,1.211098828125,0.5704,10,5000,447344080,447344080,80,13420322400,13420322400,2400,False
31,1.1692156147003174,0.5854,nan,nan,10,5000,447344080,447344080,80,13867666480,13867666480,2480,False
32,1.1632144371509552,0.595,nan,nan,10,5000,447344080,447344080,80,14315010560,14315010560,2560,False
33,1.133341762161255,0.5818,nan,nan,10,5000,447344080,447344080,80,14762354640,14762354640,2640,False
34,1.0750391620635986,0.6124,nan,nan,10,5000,447344080,447344080,80,15209698720,15209698720,2720,False
35,1.0857362039089202,0.6072,1.0659055589675903,0.6211,10,5000,447344080,447344080,80,15657042800,15657042800,2800,False
36,1.0912266008853913,0.6036,nan,nan,10,5000,447344080,447344080,80,16104386880,16104386880,2880,False
37,1.0793910880088806,0.6154,nan,nan,10,5000,447344080,447344080,80,16551730960,16551730960,2960,False
38,1.0771798496723175,0.617,nan,nan,10,5000,447344080,447344080,80,16999075040,16999075040,3040,False
39,1.037964762544632,0.6342,nan,nan,10,5000,447344080,447344080,80,17446419120,17446419120,3120,False
40,1.0232334750652312,0.6362,0.9991042107582092,0.6458,10,5000,447344080,447344080,80,17893763200,17893763200,3200,False
41,1.0152844335079194,0.6414,nan,nan,10,5000,447344080,447344080,80,18341107280,18341107280,3280,False
42,1.01293145403862,0.6342,nan,nan,10,5000,447344080,447344080,80,18788451360,18788451360,3360,False
43,0.9958650557041169,0.6412,nan,nan,10,5000,447344080,447344080,80,19235795440,19235795440,3440,False
44,0.9563451686382294,0.6596,nan,nan,10,5000,447344080,447344080,80,19683139520,19683139520,3520,False
45,0.9905791535854339,0.6502,1.0067882007598876,0.6521,10,5000,447344080,447344080,80,20130483600,20130483600,3600,False
46,0.9644456201076508,0.6612,nan,nan,10,5000,447344080,447344080,80,20577827680,20577827680,3680,False
47,0.9237174572944641,0.6724,nan,nan,10,5000,447344080,447344080,80,21025171760,21025171760,3760,False
48,0.9282384834766388,0.6724,nan,nan,10,5000,447344080,447344080,80,21472515840,21472515840,3840,False
49,0.9286890543937684,0.672,nan,nan,10,5000,447344080,447344080,80,21919859920,21919859920,3920,False
50,0.8979805732727051,0.6838,0.9940889345169067,0.6626,10,5000,447344080,447344080,80,22367204000,22367204000,4000,False
51,0.9317564584732055,0.6752,nan,nan,10,5000,447344080,447344080,80,22814548080,22814548080,4080,False
52,0.9314252176761627,0.6774,nan,nan,10,5000,447344080,447344080,80,23261892160,23261892160,4160,False
53,0.9058783854007721,0.6808,nan,nan,10,5000,447344080,447344080,80,23709236240,23709236240,4240,False
54,0.8684002489566803,0.6938,nan,nan,10,5000,447344080,447344080,80,24156580320,24156580320,4320,False
55,0.8683308320522308,0.6922,0.8699355726242065,0.6944,10,5000,447344080,447344080,80,24603924400,24603924400,4400,False
56,0.8501437487125397,0.6892,nan,nan,10,5000,447344080,447344080,80,25051268480,25051268480,4480,False
57,0.8584329005718231,0.6958,nan,nan,10,5000,447344080,447344080,80,25498612560,25498612560,4560,False
58,0.8377734058380127,0.7062,nan,nan,10,5000,447344080,447344080,80,25945956640,25945956640,4640,False
59,0.8108905350208282,0.7164,nan,nan,10,5000,447344080,447344080,80,26393300720,26393300720,4720,False
60,0.8407499207496643,0.7032,0.8780187717437744,0.6975,10,5000,447344080,447344080,80,26840644800,26840644800,4800,False
61,0.8353306352615356,0.7094,nan,nan,10,5000,447344080,447344080,80,27287988880,27287988880,4880,False
62,0.8126745852470398,0.7138,nan,nan,10,5000,447344080,447344080,80,27735332960,27735332960,4960,False
63,0.8154552881717682,0.712,nan,nan,10,5000,447344080,447344080,80,28182677040,28182677040,5040,False
64,0.776376923084259,0.7278,nan,nan,10,5000,447344080,447344080,80,28630021120,28630021120,5120,False
65,0.7752855425834656,0.723,0.748435892868042,0.742,10,5000,447344080,447344080,80,29077365200,29077365200,5200,False
66,0.7793481008052826,0.7256,nan,nan,10,5000,447344080,447344080,80,29524709280,29524709280,5280,False
67,0.7554355285644532,0.7382,nan,nan,10,5000,447344080,447344080,80,29972053360,29972053360,5360,False
68,0.7329616520404816,0.741,nan,nan,10,5000,447344080,447344080,80,30419397440,30419397440,5440,False
69,0.7316279235839844,0.744,nan,nan,10,5000,447344080,447344080,80,30866741520,30866741520,5520,False
70,0.7228892323493957,0.747,0.7291052802085877,0.7438,10,5000,447344080,447344080,80,31314085600,31314085600,5600,False
71,0.7294064601898194,0.7424,nan,nan,10,5000,447344080,447344080,80,31761429680,31761429680,5680,False
72,0.7019332564353943,0.7586,nan,nan,10,5000,447344080,447344080,80,32208773760,32208773760,5760,False
73,0.7028696402072907,0.7478,nan,nan,10,5000,447344080,447344080,80,32656117840,32656117840,5840,False
74,0.6950547747611999,0.7558,nan,nan,10,5000,447344080,447344080,80,33103461920,33103461920,5920,False
75,0.7010627063274384,0.7532,0.7461508264541626,0.7389,10,5000,447344080,447344080,80,33550806000,33550806000,6000,False
76,0.6959901377677917,0.7552,nan,nan,10,5000,447344080,447344080,80,33998150080,33998150080,6080,False
77,0.6890143663883209,0.762,nan,nan,10,5000,447344080,447344080,80,34445494160,34445494160,6160,False
78,0.681385071849823,0.7634,nan,nan,10,5000,447344080,447344080,80,34892838240,34892838240,6240,False
79,0.666339342212677,0.7626,nan,nan,10,5000,447344080,447344080,80,35340182320,35340182320,6320,False
80,0.6844692442417145,0.763,0.7204474972724915,0.7537,10,5000,447344080,447344080,80,35787526400,35787526400,6400,False
81,0.6468413076400756,0.7714,nan,nan,10,5000,447344080,447344080,80,36234870480,36234870480,6480,False
82,0.6353791144371033,0.7718,nan,nan,10,5000,447344080,447344080,80,36682214560,36682214560,6560,False
83,0.6482525214672089,0.7756,nan,nan,10,5000,447344080,447344080,80,37129558640,37129558640,6640,False
84,0.6914933924674987,0.758,nan,nan,10,5000,447344080,447344080,80,37576902720,37576902720,6720,False
85,0.6228534582614899,0.7826,0.7540667967796326,0.7509,10,5000,447344080,447344080,80,38024246800,38024246800,6800,False
86,0.6214434963226318,0.7838,nan,nan,10,5000,447344080,447344080,80,38471590880,38471590880,6880,False
87,0.6196209136009216,0.7872,nan,nan,10,5000,447344080,447344080,80,38918934960,38918934960,6960,False
88,0.6292053000688553,0.7794,nan,nan,10,5000,447344080,447344080,80,39366279040,39366279040,7040,False
89,0.6050104528427124,0.7886,nan,nan,10,5000,447344080,447344080,80,39813623120,39813623120,7120,False
90,0.6309074401855469,0.7862,0.7134271852493286,0.7569,10,5000,447344080,447344080,80,40260967200,40260967200,7200,False
91,0.6038118799924851,0.788,nan,nan,10,5000,447344080,447344080,80,40708311280,40708311280,7280,False
92,0.6138735857963562,0.795,nan,nan,10,5000,447344080,447344080,80,41155655360,41155655360,7360,False
93,0.6131642742156982,0.788,nan,nan,10,5000,447344080,447344080,80,41602999440,41602999440,7440,False
94,0.5826842288255691,0.7968,nan,nan,10,5000,447344080,447344080,80,42050343520,42050343520,7520,False
95,0.5731610533475876,0.8044,0.6852513076782226,0.7763,10,5000,447344080,447344080,80,42497687600,42497687600,7600,False
96,0.5778165449619294,0.7966,nan,nan,10,5000,447344080,447344080,80,42945031680,42945031680,7680,False
97,0.5889939171314239,0.7954,nan,nan,10,5000,447344080,447344080,80,43392375760,43392375760,7760,False
98,0.5772634536743164,0.799,nan,nan,10,5000,447344080,447344080,80,43839719840,43839719840,7840,False
99,0.5548972051620483,0.8096,nan,nan,10,5000,447344080,447344080,80,44287063920,44287063920,7920,False
100,0.5968197098255158,0.7898,0.667158514881134,0.776,10,5000,447344080,447344080,80,44734408000,44734408000,8000,False
101,0.5822593105792999,0.7988,nan,nan,10,5000,447344080,447344080,80,45181752080,45181752080,8080,False
102,0.5882866905927658,0.7924,nan,nan,10,5000,447344080,447344080,80,45629096160,45629096160,8160,False
103,0.5634111099720002,0.8032,nan,nan,10,5000,447344080,447344080,80,46076440240,46076440240,8240,False
104,0.5663658395528793,0.799,nan,nan,10,5000,447344080,447344080,80,46523784320,46523784320,8320,False
105,0.5529794348478317,0.8048,0.6344063775539398,0.7831,10,5000,447344080,447344080,80,46971128400,46971128400,8400,False
106,0.517482427072525,0.8196,nan,nan,10,5000,447344080,447344080,80,47418472480,47418472480,8480,False
107,0.5216728121995926,0.8216,nan,nan,10,5000,447344080,447344080,80,47865816560,47865816560,8560,False
108,0.5551455404996872,0.8124,nan,nan,10,5000,447344080,447344080,80,48313160640,48313160640,8640,False
109,0.5238372787475586,0.817,nan,nan,10,5000,447344080,447344080,80,48760504720,48760504720,8720,False
110,0.5030250624895096,0.8254,0.6543737563610077,0.7821,10,5000,447344080,447344080,80,49207848800,49207848800,8800,False
111,0.553162188911438,0.8048,nan,nan,10,5000,447344080,447344080,80,49655192880,49655192880,8880,False
112,0.5179444116592408,0.8202,nan,nan,10,5000,447344080,447344080,80,50102536960,50102536960,8960,False
113,0.5075785144329071,0.8158,nan,nan,10,5000,447344080,447344080,80,50549881040,50549881040,9040,False
114,0.5334482395648956,0.8176,nan,nan,10,5000,447344080,447344080,80,50997225120,50997225120,9120,False
115,0.5168540874481201,0.824,0.593619839477539,0.8028,10,5000,447344080,447344080,80,51444569200,51444569200,9200,False
116,0.533623868560791,0.8158,nan,nan,10,5000,447344080,447344080,80,51891913280,51891913280,9280,False
117,0.5001851951599121,0.8242,nan,nan,10,5000,447344080,447344080,80,52339257360,52339257360,9360,False
118,0.49690002167224884,0.8226,nan,nan,10,5000,447344080,447344080,80,52786601440,52786601440,9440,False
119,0.4841684676885605,0.8336,nan,nan,10,5000,447344080,447344080,80,53233945520,53233945520,9520,False
120,0.5132568823575974,0.819,0.6427076743125916,0.7881,10,5000,447344080,447344080,80,53681289600,53681289600,9600,False
121,0.4716705182313919,0.8344,nan,nan,10,5000,447344080,447344080,80,54128633680,54128633680,9680,False
122,0.49478455522060394,0.8272,nan,nan,10,5000,447344080,447344080,80,54575977760,54575977760,9760,False
123,0.48701298565864565,0.8274,nan,nan,10,5000,447344080,447344080,80,55023321840,55023321840,9840,False
124,0.4906815447807312,0.8308,nan,nan,10,5000,447344080,447344080,80,55470665920,55470665920,9920,False
125,0.4866102135419846,0.8348,0.6168723196029663,0.7924,10,5000,447344080,447344080,80,55918010000,55918010000,10000,False
126,0.5122960214614868,0.8206,nan,nan,10,5000,447344080,447344080,80,56365354080,56365354080,10080,False
127,0.4618535923957825,0.8334,nan,nan,10,5000,447344080,447344080,80,56812698160,56812698160,10160,False
128,0.4703144620656967,0.839,nan,nan,10,5000,447344080,447344080,80,57260042240,57260042240,10240,False
129,0.4572436666727066,0.845,nan,nan,10,5000,447344080,447344080,80,57707386320,57707386320,10320,False
130,0.4591955520391464,0.8402,0.5794515145778656,0.8077,10,5000,447344080,447344080,80,58154730400,58154730400,10400,False
131,0.47519399461746215,0.838,nan,nan,10,5000,447344080,447344080,80,58602074480,58602074480,10480,False
132,0.5020733035087586,0.8262,nan,nan,10,5000,447344080,447344080,80,59049418560,59049418560,10560,False
133,0.4734702944040298,0.834,nan,nan,10,5000,447344080,447344080,80,59496762640,59496762640,10640,False
134,0.4335486427783966,0.849,nan,nan,10,5000,447344080,447344080,80,59944106720,59944106720,10720,False
135,0.48552290828227995,0.832,0.6109221015453339,0.804,10,5000,447344080,447344080,80,60391450800,60391450800,10800,False
136,0.4456028797864914,0.8458,nan,nan,10,5000,447344080,447344080,80,60838794880,60838794880,10880,False
137,0.4525370848655701,0.8468,nan,nan,10,5000,447344080,447344080,80,61286138960,61286138960,10960,False
138,0.4438731270313263,0.8488,nan,nan,10,5000,447344080,447344080,80,61733483040,61733483040,11040,False
139,0.44872360961437224,0.8442,nan,nan,10,5000,447344080,447344080,80,62180827120,62180827120,11120,False
140,0.43259794261455536,0.8536,0.601564278793335,0.8008,10,5000,447344080,447344080,80,62628171200,62628171200,11200,False
141,0.45242715446949006,0.8396,nan,nan,10,5000,447344080,447344080,80,63075515280,63075515280,11280,False
142,0.4209159989356995,0.8558,nan,nan,10,5000,447344080,447344080,80,63522859360,63522859360,11360,False
143,0.4486555666446686,0.8454,nan,nan,10,5000,447344080,447344080,80,63970203440,63970203440,11440,False
144,0.43345919476747513,0.8516,nan,nan,10,5000,447344080,447344080,80,64417547520,64417547520,11520,False
145,0.42527737686634065,0.8524,0.5315682534217835,0.8214,10,5000,447344080,447344080,80,64864891600,64864891600,11600,False
146,0.44209622983932495,0.8454,nan,nan,10,5000,447344080,447344080,80,65312235680,65312235680,11680,False
147,0.42837921640872956,0.8512,nan,nan,10,5000,447344080,447344080,80,65759579760,65759579760,11760,False
148,0.4205551690101624,0.8526,nan,nan,10,5000,447344080,447344080,80,66206923840,66206923840,11840,False
149,0.40018458745479585,0.868,nan,nan,10,5000,447344080,447344080,80,66654267920,66654267920,11920,False
150,0.43008409061431885,0.8544,0.6613232710361481,0.7869,10,5000,447344080,447344080,80,67101612000,67101612000,12000,False
151,0.4125286652326584,0.8574,nan,nan,10,5000,447344080,447344080,80,67548956080,67548956080,12080,False
152,0.40857986330986024,0.8674,nan,nan,10,5000,447344080,447344080,80,67996300160,67996300160,12160,False
153,0.43772979056835176,0.851,nan,nan,10,5000,447344080,447344080,80,68443644240,68443644240,12240,False
154,0.4121120090484619,0.8564,nan,nan,10,5000,447344080,447344080,80,68890988320,68890988320,12320,False
155,0.4005913089752197,0.86,0.532754053401947,0.8243,10,5000,447344080,447344080,80,69338332400,69338332400,12400,False
156,0.3896193663597107,0.8662,nan,nan,10,5000,447344080,447344080,80,69785676480,69785676480,12480,False
157,0.4205068436384201,0.8562,nan,nan,10,5000,447344080,447344080,80,70233020560,70233020560,12560,False
158,0.39324603247642514,0.8608,nan,nan,10,5000,447344080,447344080,80,70680364640,70680364640,12640,False
159,0.38523198169469836,0.8684,nan,nan,10,5000,447344080,447344080,80,71127708720,71127708720,12720,False
160,0.3565652145624161,0.8766,0.5556772468566894,0.8195,10,5000,447344080,447344080,80,71575052800,71575052800,12800,False
161,0.39967160243988037,0.859,nan,nan,10,5000,447344080,447344080,80,72022396880,72022396880,12880,False
162,0.36195924364328386,0.873,nan,nan,10,5000,447344080,447344080,80,72469740960,72469740960,12960,False
163,0.3826416697025299,0.8668,nan,nan,10,5000,447344080,447344080,80,72917085040,72917085040,13040,False
164,0.4088521826982498,0.8606,nan,nan,10,5000,447344080,447344080,80,73364429120,73364429120,13120,False
165,0.3750561420202255,0.871,0.5835048857212066,0.8087,10,5000,447344080,447344080,80,73811773200,73811773200,13200,False
166,0.382923622584343,0.8712,nan,nan,10,5000,447344080,447344080,80,74259117280,74259117280,13280,False
167,0.37761360490322116,0.8684,nan,nan,10,5000,447344080,447344080,80,74706461360,74706461360,13360,False
168,0.34304007103443146,0.882,nan,nan,10,5000,447344080,447344080,80,75153805440,75153805440,13440,False
169,0.3916545928835869,0.8666,nan,nan,10,5000,447344080,447344080,80,75601149520,75601149520,13520,False
170,0.36390467647314073,0.8708,0.5069660426139831,0.8328,10,5000,447344080,447344080,80,76048493600,76048493600,13600,False
171,0.34573143281936647,0.8842,nan,nan,10,5000,447344080,447344080,80,76495837680,76495837680,13680,False
172,0.37891522071361544,0.8686,nan,nan,10,5000,447344080,447344080,80,76943181760,76943181760,13760,False
173,0.35658968847990036,0.8752,nan,nan,10,5000,447344080,447344080,80,77390525840,77390525840,13840,False
174,0.374055993103981,0.87,nan,nan,10,5000,447344080,447344080,80,77837869920,77837869920,13920,False
175,0.36802587120532987,0.8724,0.5212528616905212,0.8287,10,5000,447344080,447344080,80,78285214000,78285214000,14000,False
176,0.37379319885969164,0.87,nan,nan,10,5000,447344080,447344080,80,78732558080,78732558080,14080,False
177,0.3738335055947304,0.8664,nan,nan,10,5000,447344080,447344080,80,79179902160,79179902160,14160,False
178,0.3617002058386803,0.8746,nan,nan,10,5000,447344080,447344080,80,79627246240,79627246240,14240,False
179,0.335783729839325,0.8844,nan,nan,10,5000,447344080,447344080,80,80074590320,80074590320,14320,False
180,0.3417392764568329,0.8774,0.4882094748020172,0.8375,10,5000,447344080,447344080,80,80521934400,80521934400,14400,False
181,0.34283257553577423,0.8812,nan,nan,10,5000,447344080,447344080,80,80969278480,80969278480,14480,False
182,0.34841910606622695,0.8798,nan,nan,10,5000,447344080,447344080,80,81416622560,81416622560,14560,False
183,0.3405397142291069,0.8836,nan,nan,10,5000,447344080,447344080,80,81863966640,81863966640,14640,False
184,0.3206704793572426,0.888,nan,nan,10,5000,447344080,447344080,80,82311310720,82311310720,14720,False
185,0.3142022003531456,0.892,0.43824136281013487,0.8523,10,5000,447344080,447344080,80,82758654800,82758654800,14800,False
186,0.3210521955370903,0.8862,nan,nan,10,5000,447344080,447344080,80,83205998880,83205998880,14880,False
187,0.34583341175317767,0.8812,nan,nan,10,5000,447344080,447344080,80,83653342960,83653342960,14960,False
188,0.32657310826778413,0.8856,nan,nan,10,5000,447344080,447344080,80,84100687040,84100687040,15040,False
189,0.3536483968496323,0.8774,nan,nan,10,5000,447344080,447344080,80,84548031120,84548031120,15120,False
190,0.34451738007068633,0.8746,0.5549234066963196,0.8224,10,5000,447344080,447344080,80,84995375200,84995375200,15200,False
191,0.33041029601097105,0.8852,nan,nan,10,5000,447344080,447344080,80,85442719280,85442719280,15280,False
192,0.3575334020972252,0.8762,nan,nan,10,5000,447344080,447344080,80,85890063360,85890063360,15360,False
193,0.32425470821857455,0.8852,nan,nan,10,5000,447344080,447344080,80,86337407440,86337407440,15440,False
194,0.30739016478061676,0.8964,nan,nan,10,5000,447344080,447344080,80,86784751520,86784751520,15520,False
195,0.33301119556427,0.8838,0.4975957109451294,0.8391,10,5000,447344080,447344080,80,87232095600,87232095600,15600,False
196,0.3446394590973854,0.8846,nan,nan,10,5000,447344080,447344080,80,87679439680,87679439680,15680,False
197,0.31650490727424624,0.89,nan,nan,10,5000,447344080,447344080,80,88126783760,88126783760,15760,False
198,0.2967152517199516,0.8988,nan,nan,10,5000,447344080,447344080,80,88574127840,88574127840,15840,False
199,0.3330476282954216,0.8846,nan,nan,10,5000,447344080,447344080,80,89021471920,89021471920,15920,False
200,0.3424074439525604,0.8806,0.529004414844513,0.8282,10,5000,447344080,447344080,80,89468816000,89468816000,16000,False
201,0.3365291629433632,0.883,nan,nan,10,5000,447344080,447344080,80,89916160080,89916160080,16080,False
202,0.3383929868936539,0.8816,nan,nan,10,5000,447344080,447344080,80,90363504160,90363504160,16160,False
203,0.3203545858621597,0.8866,nan,nan,10,5000,447344080,447344080,80,90810848240,90810848240,16240,False
204,0.3502695904612541,0.8786,nan,nan,10,5000,447344080,447344080,80,91258192320,91258192320,16320,False
205,0.32173900731801985,0.8916,0.5426827920913696,0.8325,10,5000,447344080,447344080,80,91705536400,91705536400,16400,False
206,0.324641576564312,0.8878,nan,nan,10,5000,447344080,447344080,80,92152880480,92152880480,16480,False
207,0.3239421994924545,0.8876,nan,nan,10,5000,447344080,447344080,80,92600224560,92600224560,16560,False
208,0.3218485308885574,0.895,nan,nan,10,5000,447344080,447344080,80,93047568640,93047568640,16640,False
209,0.33238382979631426,0.8904,nan,nan,10,5000,447344080,447344080,80,93494912720,93494912720,16720,False
210,0.2810825165390968,0.9048,0.5176529285430909,0.8356,10,5000,447344080,447344080,80,93942256800,93942256800,16800,False
211,0.28666372619867325,0.9,nan,nan,10,5000,447344080,447344080,80,94389600880,94389600880,16880,False
212,0.30154935207366945,0.8972,nan,nan,10,5000,447344080,447344080,80,94836944960,94836944960,16960,False
213,0.2982895271897316,0.8924,nan,nan,10,5000,447344080,447344080,80,95284289040,95284289040,17040,False
214,0.3321374843835831,0.8876,nan,nan,10,5000,447344080,447344080,80,95731633120,95731633120,17120,False
215,0.3274663198709488,0.8872,0.5628956931114196,0.8237,10,5000,447344080,447344080,80,96178977200,96178977200,17200,False
216,0.2714879894375801,0.9074,nan,nan,10,5000,447344080,447344080,80,96626321280,96626321280,17280,False
217,0.3028720298290253,0.8934,nan,nan,10,5000,447344080,447344080,80,97073665360,97073665360,17360,False
218,0.2972312559247017,0.897,nan,nan,10,5000,447344080,447344080,80,97521009440,97521009440,17440,False
219,0.2583655744433403,0.9084,nan,nan,10,5000,447344080,447344080,80,97968353520,97968353520,17520,False
220,0.29929026018381116,0.8968,0.5307360267639161,0.8336,10,5000,447344080,447344080,80,98415697600,98415697600,17600,False
221,0.33009104484319685,0.8858,nan,nan,10,5000,447344080,447344080,80,98863041680,98863041680,17680,False
222,0.3031810920357704,0.8968,nan,nan,10,5000,447344080,447344080,80,99310385760,99310385760,17760,False
223,0.27941659224033355,0.905,nan,nan,10,5000,447344080,447344080,80,99757729840,99757729840,17840,False
224,0.2758101752519608,0.9064,nan,nan,10,5000,447344080,447344080,80,100205073920,100205073920,17920,False
225,0.27225199644565584,0.9114,0.46943534507751467,0.855,10,5000,447344080,447344080,80,100652418000,100652418000,18000,False
226,0.28033372715711596,0.9068,nan,nan,10,5000,447344080,447344080,80,101099762080,101099762080,18080,False
227,0.2891527780890465,0.8986,nan,nan,10,5000,447344080,447344080,80,101547106160,101547106160,18160,False
228,0.32256243586540223,0.8916,nan,nan,10,5000,447344080,447344080,80,101994450240,101994450240,18240,False
229,0.27752455154657363,0.9038,nan,nan,10,5000,447344080,447344080,80,102441794320,102441794320,18320,False
230,0.27478075102567673,0.9022,0.4972203269958496,0.8424,10,5000,447344080,447344080,80,102889138400,102889138400,18400,False
231,0.2815476144552231,0.9,nan,nan,10,5000,447344080,447344080,80,103336482480,103336482480,18480,False
232,0.24879314941167832,0.9116,nan,nan,10,5000,447344080,447344080,80,103783826560,103783826560,18560,False
233,0.2683702502012253,0.9106,nan,nan,10,5000,447344080,447344080,80,104231170640,104231170640,18640,False
234,0.26463994159698484,0.9072,nan,nan,10,5000,447344080,447344080,80,104678514720,104678514720,18720,False
235,0.27075699110031126,0.907,0.48077108178138733,0.8479,10,5000,447344080,447344080,80,105125858800,105125858800,18800,False
236,0.256871602332592,0.9104,nan,nan,10,5000,447344080,447344080,80,105573202880,105573202880,18880,False
237,0.2618095241069794,0.908,nan,nan,10,5000,447344080,447344080,80,106020546960,106020546960,18960,False
238,0.2413436580181122,0.9172,nan,nan,10,5000,447344080,447344080,80,106467891040,106467891040,19040,False
239,0.25188081002235413,0.916,nan,nan,10,5000,447344080,447344080,80,106915235120,106915235120,19120,False
240,0.2784369479298592,0.903,0.44706987075805665,0.8567,10,5000,447344080,447344080,80,107362579200,107362579200,19200,False
241,0.2592947911977768,0.9076,nan,nan,10,5000,447344080,447344080,80,107809923280,107809923280,19280,False
242,0.26852480591535566,0.9082,nan,nan,10,5000,447344080,447344080,80,108257267360,108257267360,19360,False
243,0.24112127388715743,0.9168,nan,nan,10,5000,447344080,447344080,80,108704611440,108704611440,19440,False
244,0.26603250555992125,0.9068,nan,nan,10,5000,447344080,447344080,80,109151955520,109151955520,19520,False
245,0.261443394446373,0.91,0.5462370645999909,0.8396,10,5000,447344080,447344080,80,109599299600,109599299600,19600,False
246,0.25078388731479645,0.9122,nan,nan,10,5000,447344080,447344080,80,110046643680,110046643680,19680,False
247,0.24744528975486754,0.9152,nan,nan,10,5000,447344080,447344080,80,110493987760,110493987760,19760,False
248,0.2666760755181313,0.9068,nan,nan,10,5000,447344080,447344080,80,110941331840,110941331840,19840,False
249,0.27349035799503324,0.9042,nan,nan,10,5000,447344080,447344080,80,111388675920,111388675920,19920,False
250,0.26613302623033525,0.907,0.586825324344635,0.8195,10,5000,447344080,447344080,80,111836020000,111836020000,20000,False
251,0.26110642312169074,0.9096,nan,nan,10,5000,447344080,447344080,80,112283364080,112283364080,20080,False
252,0.25303167628645895,0.9158,nan,nan,10,5000,447344080,447344080,80,112730708160,112730708160,20160,False
253,0.24465717368721962,0.9114,nan,nan,10,5000,447344080,447344080,80,113178052240,113178052240,20240,False
254,0.25889902715682983,0.9064,nan,nan,10,5000,447344080,447344080,80,113625396320,113625396320,20320,False
255,0.25960279129743574,0.908,0.49208193469047545,0.8543,10,5000,447344080,447344080,80,114072740400,114072740400,20400,False
256,0.2396743148446083,0.9172,nan,nan,10,5000,447344080,447344080,80,114520084480,114520084480,20480,False
257,0.254198331451416,0.9146,nan,nan,10,5000,447344080,447344080,80,114967428560,114967428560,20560,False
258,0.24550056746006013,0.9142,nan,nan,10,5000,447344080,447344080,80,115414772640,115414772640,20640,False
259,0.2592270602464676,0.9096,nan,nan,10,5000,447344080,447344080,80,115862116720,115862116720,20720,False
260,0.2533202566564083,0.908,0.5058675323486328,0.8444,10,5000,447344080,447344080,80,116309460800,116309460800,20800,False
261,0.26170461164712905,0.9102,nan,nan,10,5000,447344080,447344080,80,116756804880,116756804880,20880,False
262,0.23133966209292411,0.9224,nan,nan,10,5000,447344080,447344080,80,117204148960,117204148960,20960,False
263,0.26939385234713553,0.9108,nan,nan,10,5000,447344080,447344080,80,117651493040,117651493040,21040,False
264,0.25145942997932436,0.9156,nan,nan,10,5000,447344080,447344080,80,118098837120,118098837120,21120,False
265,0.24790317124128342,0.913,0.421389573097229,0.8658,10,5000,447344080,447344080,80,118546181200,118546181200,21200,False
266,0.26049419766664506,0.9082,nan,nan,10,5000,447344080,447344080,80,118993525280,118993525280,21280,False
267,0.22866455179452896,0.9206,nan,nan,10,5000,447344080,447344080,80,119440869360,119440869360,21360,False
268,0.2356239758372307,0.9176,nan,nan,10,5000,447344080,447344080,80,119888213440,119888213440,21440,False
269,0.23686580233573915,0.9186,nan,nan,10,5000,447344080,447344080,80,120335557520,120335557520,21520,False
270,0.23949449370503426,0.9144,0.6124692848205566,0.8217,10,5000,447344080,447344080,80,120782901600,120782901600,21600,False
271,0.24681917706727982,0.9156,nan,nan,10,5000,447344080,447344080,80,121230245680,121230245680,21680,False
272,0.22706217107772828,0.9192,nan,nan,10,5000,447344080,447344080,80,121677589760,121677589760,21760,False
273,0.25034930180311205,0.9122,nan,nan,10,5000,447344080,447344080,80,122124933840,122124933840,21840,False
274,0.22654029893875122,0.921,nan,nan,10,5000,447344080,447344080,80,122572277920,122572277920,21920,False
275,0.22621442275047302,0.9232,0.4502726131916046,0.8581,10,5000,447344080,447344080,80,123019622000,123019622000,22000,False
276,0.22227698500156404,0.9248,nan,nan,10,5000,447344080,447344080,80,123466966080,123466966080,22080,False
277,0.2489714339852333,0.915,nan,nan,10,5000,447344080,447344080,80,123914310160,123914310160,22160,False
278,0.2215096066236496,0.9214,nan,nan,10,5000,447344080,447344080,80,124361654240,124361654240,22240,False
279,0.22684534784555435,0.922,nan,nan,10,5000,447344080,447344080,80,124808998320,124808998320,22320,False
280,0.2210570625424385,0.9266,0.5532943829536437,0.8391,10,5000,447344080,447344080,80,125256342400,125256342400,22400,False
281,0.24993396388292313,0.9162,nan,nan,10,5000,447344080,447344080,80,125703686480,125703686480,22480,False
282,0.24013686747550964,0.918,nan,nan,10,5000,447344080,447344080,80,126151030560,126151030560,22560,False
283,0.20383978638648986,0.9278,nan,nan,10,5000,447344080,447344080,80,126598374640,126598374640,22640,False
284,0.2188935149073601,0.923,nan,nan,10,5000,447344080,447344080,80,127045718720,127045718720,22720,False
285,0.20907407950758933,0.9292,0.48384457387924196,0.8495,10,5000,447344080,447344080,80,127493062800,127493062800,22800,False
286,0.2193696964263916,0.924,nan,nan,10,5000,447344080,447344080,80,127940406880,127940406880,22880,False
287,0.21646001307964324,0.9234,nan,nan,10,5000,447344080,447344080,80,128387750960,128387750960,22960,False
288,0.19365423337221147,0.9294,nan,nan,10,5000,447344080,447344080,80,128835095040,128835095040,23040,False
289,0.25851566122174263,0.9102,nan,nan,10,5000,447344080,447344080,80,129282439120,129282439120,23120,False
290,0.22578059881925583,0.9226,0.500046407699585,0.8509,10,5000,447344080,447344080,80,129729783200,129729783200,23200,False
291,0.22476530518531798,0.9218,nan,nan,10,5000,447344080,447344080,80,130177127280,130177127280,23280,False
292,0.2329611744761467,0.918,nan,nan,10,5000,447344080,447344080,80,130624471360,130624471360,23360,False
293,0.21789160130023957,0.9228,nan,nan,10,5000,447344080,447344080,80,131071815440,131071815440,23440,False
294,0.2220394319295883,0.9206,nan,nan,10,5000,447344080,447344080,80,131519159520,131519159520,23520,False
295,0.2327128062605858,0.9234,0.5497810545921326,0.8368,10,5000,447344080,447344080,80,131966503600,131966503600,23600,False
296,0.22126244260668754,0.929,nan,nan,10,5000,447344080,447344080,80,132413847680,132413847680,23680,False
297,0.21894598836898804,0.924,nan,nan,10,5000,447344080,447344080,80,132861191760,132861191760,23760,False
298,0.22261917976140977,0.9278,nan,nan,10,5000,447344080,447344080,80,133308535840,133308535840,23840,False
299,0.2136246149301529,0.9266,nan,nan,10,5000,447344080,447344080,80,133755879920,133755879920,23920,False
300,0.2233216543495655,0.9258,0.5013997962951661,0.8514,10,5000,447344080,447344080,80,134203224000,134203224000,24000,False
301,0.20080300164222717,0.9332,nan,nan,10,5000,447344080,447344080,80,134650568080,134650568080,24080,False
302,0.21582537536621094,0.9258,nan,nan,10,5000,447344080,447344080,80,135097912160,135097912160,24160,False
303,0.21927702157497406,0.927,nan,nan,10,5000,447344080,447344080,80,135545256240,135545256240,24240,False
304,0.214415280687809,0.9254,nan,nan,10,5000,447344080,447344080,80,135992600320,135992600320,24320,False
305,0.20939204976558684,0.9288,0.4556025245666504,0.861,10,5000,447344080,447344080,80,136439944400,136439944400,24400,False
306,0.20588774362206458,0.9266,nan,nan,10,5000,447344080,447344080,80,136887288480,136887288480,24480,False
307,0.19315192776322365,0.9334,nan,nan,10,5000,447344080,447344080,80,137334632560,137334632560,24560,False
308,0.19546558160185815,0.933,nan,nan,10,5000,447344080,447344080,80,137781976640,137781976640,24640,False
309,0.20955338612794877,0.928,nan,nan,10,5000,447344080,447344080,80,138229320720,138229320720,24720,False
310,0.20273656194210052,0.9294,0.4430947186231613,0.8621,10,5000,447344080,447344080,80,138676664800,138676664800,24800,False
311,0.21135587559938432,0.9268,nan,nan,10,5000,447344080,447344080,80,139124008880,139124008880,24880,False
312,0.2109668242752552,0.927,nan,nan,10,5000,447344080,447344080,80,139571352960,139571352960,24960,False
313,0.20545518869161605,0.9292,nan,nan,10,5000,447344080,447344080,80,140018697040,140018697040,25040,False
314,0.2155296090245247,0.9262,nan,nan,10,5000,447344080,447344080,80,140466041120,140466041120,25120,False
315,0.2098241929769516,0.929,0.4394615893363953,0.8665,10,5000,447344080,447344080,80,140913385200,140913385200,25200,False
316,0.2224936394572258,0.9222,nan,nan,10,5000,447344080,447344080,80,141360729280,141360729280,25280,False
317,0.22379865363836288,0.9198,nan,nan,10,5000,447344080,447344080,80,141808073360,141808073360,25360,False
318,0.20698279436826705,0.928,nan,nan,10,5000,447344080,447344080,80,142255417440,142255417440,25440,False
319,0.20567886818647385,0.9286,nan,nan,10,5000,447344080,447344080,80,142702761520,142702761520,25520,False
320,0.21001152358055114,0.929,0.4443933189868927,0.8629,10,5000,447344080,447344080,80,143150105600,143150105600,25600,False
321,0.19850342099666596,0.931,nan,nan,10,5000,447344080,447344080,80,143597449680,143597449680,25680,False
322,0.1934332309484482,0.9302,nan,nan,10,5000,447344080,447344080,80,144044793760,144044793760,25760,False
323,0.19002934492230417,0.936,nan,nan,10,5000,447344080,447344080,80,144492137840,144492137840,25840,False
324,0.19376781779527663,0.9302,nan,nan,10,5000,447344080,447344080,80,144939481920,144939481920,25920,False
325,0.20714167371988296,0.927,0.4252204798936844,0.8653,10,5000,447344080,447344080,80,145386826000,145386826000,26000,False
326,0.2003702302455902,0.9352,nan,nan,10,5000,447344080,447344080,80,145834170080,145834170080,26080,False
327,0.1902599817633629,0.935,nan,nan,10,5000,447344080,447344080,80,146281514160,146281514160,26160,False
328,0.19546737329363822,0.9304,nan,nan,10,5000,447344080,447344080,80,146728858240,146728858240,26240,False
329,0.19156682728528976,0.9328,nan,nan,10,5000,447344080,447344080,80,147176202320,147176202320,26320,False
330,0.19184247843027114,0.935,0.44638844537734984,0.8688,10,5000,447344080,447344080,80,147623546400,147623546400,26400,False
331,0.182982224342227,0.9398,nan,nan,10,5000,447344080,447344080,80,148070890480,148070890480,26480,False
332,0.1764287282347679,0.9416,nan,nan,10,5000,447344080,447344080,80,148518234560,148518234560,26560,False
333,0.18217185797095298,0.9344,nan,nan,10,5000,447344080,447344080,80,148965578640,148965578640,26640,False
334,0.19394528986811638,0.9288,nan,nan,10,5000,447344080,447344080,80,149412922720,149412922720,26720,False
335,0.18943956252932548,0.936,0.4999918575763702,0.8604,10,5000,447344080,447344080,80,149860266800,149860266800,26800,False
336,0.1936040280342102,0.9338,nan,nan,10,5000,447344080,447344080,80,150307610880,150307610880,26880,False
337,0.19610227618217468,0.932,nan,nan,10,5000,447344080,447344080,80,150754954960,150754954960,26960,False
338,0.1785974093258381,0.9406,nan,nan,10,5000,447344080,447344080,80,151202299040,151202299040,27040,False
339,0.20360091800689697,0.9272,nan,nan,10,5000,447344080,447344080,80,151649643120,151649643120,27120,False
340,0.17397568344473838,0.9392,0.4418255472660065,0.8659,10,5000,447344080,447344080,80,152096987200,152096987200,27200,False
341,0.17214990889132023,0.9404,nan,nan,10,5000,447344080,447344080,80,152544331280,152544331280,27280,False
342,0.18784855654239654,0.9366,nan,nan,10,5000,447344080,447344080,80,152991675360,152991675360,27360,False
343,0.19258696812391282,0.9318,nan,nan,10,5000,447344080,447344080,80,153439019440,153439019440,27440,False
344,0.178558671605587,0.9354,nan,nan,10,5000,447344080,447344080,80,153886363520,153886363520,27520,False
345,0.1791082129538059,0.936,0.41544861669540406,0.8711,10,5000,447344080,447344080,80,154333707600,154333707600,27600,False
346,0.19268891998529433,0.9366,nan,nan,10,5000,447344080,447344080,80,154781051680,154781051680,27680,False
347,0.19383948145508767,0.9292,nan,nan,10,5000,447344080,447344080,80,155228395760,155228395760,27760,False
348,0.17586819776892662,0.9342,nan,nan,10,5000,447344080,447344080,80,155675739840,155675739840,27840,False
349,0.20554300735592843,0.9296,nan,nan,10,5000,447344080,447344080,80,156123083920,156123083920,27920,False
350,0.1914990764439106,0.9306,0.4787233468770981,0.8612,10,5000,447344080,447344080,80,156570428000,156570428000,28000,False
351,0.1927035627245903,0.9336,nan,nan,10,5000,447344080,447344080,80,157017772080,157017772080,28080,False
352,0.18070218873023985,0.9384,nan,nan,10,5000,447344080,447344080,80,157465116160,157465116160,28160,False
353,0.1875412128686905,0.937,nan,nan,10,5000,447344080,447344080,80,157912460240,157912460240,28240,False
354,0.1709495458006859,0.9402,nan,nan,10,5000,447344080,447344080,80,158359804320,158359804320,28320,False
355,0.20107882893681525,0.93,0.43731064138412473,0.8689,10,5000,447344080,447344080,80,158807148400,158807148400,28400,False
356,0.17973240771591664,0.9392,nan,nan,10,5000,447344080,447344080,80,159254492480,159254492480,28480,False
357,0.18613968934416772,0.935,nan,nan,10,5000,447344080,447344080,80,159701836560,159701836560,28560,False
358,0.1900367504119873,0.9312,nan,nan,10,5000,447344080,447344080,80,160149180640,160149180640,28640,False
359,0.18495979167222976,0.9352,nan,nan,10,5000,447344080,447344080,80,160596524720,160596524720,28720,False
360,0.19983199619054795,0.9338,0.44255069794654844,0.8685,10,5000,447344080,447344080,80,161043868800,161043868800,28800,False
361,0.16787496231794358,0.941,nan,nan,10,5000,447344080,447344080,80,161491212880,161491212880,28880,False
362,0.18466222935467957,0.936,nan,nan,10,5000,447344080,447344080,80,161938556960,161938556960,28960,False
363,0.20084770786762238,0.9322,nan,nan,10,5000,447344080,447344080,80,162385901040,162385901040,29040,False
364,0.18611904896497727,0.9338,nan,nan,10,5000,447344080,447344080,80,162833245120,162833245120,29120,False
365,0.16254668803215028,0.9446,0.5231592619895935,0.8495,10,5000,447344080,447344080,80,163280589200,163280589200,29200,False
366,0.19695216126441956,0.932,nan,nan,10,5000,447344080,447344080,80,163727933280,163727933280,29280,False
367,0.16893316618204116,0.939,nan,nan,10,5000,447344080,447344080,80,164175277360,164175277360,29360,False
368,0.17846427692174913,0.9372,nan,nan,10,5000,447344080,447344080,80,164622621440,164622621440,29440,False
369,0.17712764180898666,0.9396,nan,nan,10,5000,447344080,447344080,80,165069965520,165069965520,29520,False
370,0.17842330597043038,0.9364,0.41159667525291443,0.8777,10,5000,447344080,447344080,80,165517309600,165517309600,29600,False
371,0.18406506198048592,0.936,nan,nan,10,5000,447344080,447344080,80,165964653680,165964653680,29680,False
372,0.1684914470076561,0.9378,nan,nan,10,5000,447344080,447344080,80,166411997760,166411997760,29760,False
373,0.15392781649827958,0.9476,nan,nan,10,5000,447344080,447344080,80,166859341840,166859341840,29840,False
374,0.1511068468004465,0.9464,nan,nan,10,5000,447344080,447344080,80,167306685920,167306685920,29920,False
375,0.16795710956454277,0.9418,0.4370094922065735,0.8708,10,5000,447344080,447344080,80,167754030000,167754030000,30000,False
376,0.1636760429918766,0.9466,nan,nan,10,5000,447344080,447344080,80,168201374080,168201374080,30080,False
377,0.15675064509809017,0.946,nan,nan,10,5000,447344080,447344080,80,168648718160,168648718160,30160,False
378,0.16902846853733064,0.9414,nan,nan,10,5000,447344080,447344080,80,169096062240,169096062240,30240,False
379,0.17978920902609824,0.9412,nan,nan,10,5000,447344080,447344080,80,169543406320,169543406320,30320,False
380,0.18286422483325004,0.9386,0.4417925854206085,0.8739,10,5000,447344080,447344080,80,169990750400,169990750400,30400,False
381,0.19031732335090637,0.9318,nan,nan,10,5000,447344080,447344080,80,170438094480,170438094480,30480,False
382,0.18175400353074073,0.9398,nan,nan,10,5000,447344080,447344080,80,170885438560,170885438560,30560,False
383,0.18330449599027634,0.9348,nan,nan,10,5000,447344080,447344080,80,171332782640,171332782640,30640,False
384,0.16243161684274673,0.9436,nan,nan,10,5000,447344080,447344080,80,171780126720,171780126720,30720,False
385,0.16932427117824556,0.9404,0.47684890241622924,0.8621,10,5000,447344080,447344080,80,172227470800,172227470800,30800,False
386,0.1548741703748703,0.9462,nan,nan,10,5000,447344080,447344080,80,172674814880,172674814880,30880,False
387,0.16765013661682607,0.9444,nan,nan,10,5000,447344080,447344080,80,173122158960,173122158960,30960,False
388,0.15547164565324784,0.9482,nan,nan,10,5000,447344080,447344080,80,173569503040,173569503040,31040,False
389,0.17503232944011687,0.9382,nan,nan,10,5000,447344080,447344080,80,174016847120,174016847120,31120,False
390,0.1796902180224657,0.939,0.43569135122299196,0.8771,10,5000,447344080,447344080,80,174464191200,174464191200,31200,False
391,0.15149510182738304,0.9494,nan,nan,10,5000,447344080,447344080,80,174911535280,174911535280,31280,False
392,0.17209616052508353,0.939,nan,nan,10,5000,447344080,447344080,80,175358879360,175358879360,31360,False
393,0.17326471458673476,0.9416,nan,nan,10,5000,447344080,447344080,80,175806223440,175806223440,31440,False
394,0.1633194814324379,0.9448,nan,nan,10,5000,447344080,447344080,80,176253567520,176253567520,31520,False
395,0.1925913447380066,0.9376,0.4043778695583343,0.8762,10,5000,447344080,447344080,80,176700911600,176700911600,31600,False
396,0.16335578719973565,0.9426,nan,nan,10,5000,447344080,447344080,80,177148255680,177148255680,31680,False
397,0.14497370889186859,0.9488,nan,nan,10,5000,447344080,447344080,80,177595599760,177595599760,31760,False
398,0.15949048791527748,0.943,nan,nan,10,5000,447344080,447344080,80,178042943840,178042943840,31840,False
399,0.13707819682061673,0.9488,nan,nan,10,5000,447344080,447344080,80,178490287920,178490287920,31920,False
400,0.14450639924108982,0.9492,0.4703270998954773,0.8631,10,5000,447344080,447344080,80,178937632000,178937632000,32000,False
401,0.1281035278469324,0.9544,nan,nan,10,5000,447344080,447344080,80,179384976080,179384976080,32080,False
402,0.165592264688015,0.9432,nan,nan,10,5000,447344080,447344080,80,179832320160,179832320160,32160,False
403,0.17323603934049606,0.9392,nan,nan,10,5000,447344080,447344080,80,180279664240,180279664240,32240,False
404,0.1722306679725647,0.939,nan,nan,10,5000,447344080,447344080,80,180727008320,180727008320,32320,False
405,0.15879325624108315,0.9442,0.5302442608833313,0.8459,10,5000,447344080,447344080,80,181174352400,181174352400,32400,False
406,0.15693185606002807,0.9446,nan,nan,10,5000,447344080,447344080,80,181621696480,181621696480,32480,False
407,0.17210619420409204,0.9402,nan,nan,10,5000,447344080,447344080,80,182069040560,182069040560,32560,False
408,0.1793362371981144,0.9388,nan,nan,10,5000,447344080,447344080,80,182516384640,182516384640,32640,False
409,0.142235737490654,0.9482,nan,nan,10,5000,447344080,447344080,80,182963728720,182963728720,32720,False
410,0.15788139658570288,0.9436,0.42550041179656983,0.8735,10,5000,447344080,447344080,80,183411072800,183411072800,32800,False
411,0.15554258702397347,0.9446,nan,nan,10,5000,447344080,447344080,80,183858416880,183858416880,32880,False
412,0.15800811935663223,0.9466,nan,nan,10,5000,447344080,447344080,80,184305760960,184305760960,32960,False
413,0.14834268613755702,0.9472,nan,nan,10,5000,447344080,447344080,80,184753105040,184753105040,33040,False
414,0.14346466872990132,0.9506,nan,nan,10,5000,447344080,447344080,80,185200449120,185200449120,33120,False
415,0.14833590334057808,0.9486,0.40935904216766356,0.8816,10,5000,447344080,447344080,80,185647793200,185647793200,33200,False
416,0.1421934529900551,0.953,nan,nan,10,5000,447344080,447344080,80,186095137280,186095137280,33280,False
417,0.14339451185762883,0.9486,nan,nan,10,5000,447344080,447344080,80,186542481360,186542481360,33360,False
418,0.13337793520092964,0.9564,nan,nan,10,5000,447344080,447344080,80,186989825440,186989825440,33440,False
419,0.14154350162744522,0.9504,nan,nan,10,5000,447344080,447344080,80,187437169520,187437169520,33520,False
420,0.1671202419400215,0.9474,0.47691327481269835,0.8649,10,5000,447344080,447344080,80,187884513600,187884513600,33600,False
421,0.15256973410844804,0.9468,nan,nan,10,5000,447344080,447344080,80,188331857680,188331857680,33680,False
422,0.15043205662369727,0.9468,nan,nan,10,5000,447344080,447344080,80,188779201760,188779201760,33760,False
423,0.17629352388978003,0.9422,nan,nan,10,5000,447344080,447344080,80,189226545840,189226545840,33840,False
424,0.16107727851867676,0.943,nan,nan,10,5000,447344080,447344080,80,189673889920,189673889920,33920,False
425,0.130547555488348,0.9554,0.43303555283546447,0.873,10,5000,447344080,447344080,80,190121234000,190121234000,34000,False
426,0.1471950229883194,0.9484,nan,nan,10,5000,447344080,447344080,80,190568578080,190568578080,34080,False
427,0.1420790073931217,0.9496,nan,nan,10,5000,447344080,447344080,80,191015922160,191015922160,34160,False
428,0.14319928941726684,0.951,nan,nan,10,5000,447344080,447344080,80,191463266240,191463266240,34240,False
429,0.1545702981978655,0.946,nan,nan,10,5000,447344080,447344080,80,191910610320,191910610320,34320,False
430,0.1396421744823456,0.9508,0.45530641956329343,0.8728,10,5000,447344080,447344080,80,192357954400,192357954400,34400,False
431,0.1358349558055401,0.952,nan,nan,10,5000,447344080,447344080,80,192805298480,192805298480,34480,False
432,0.13961887598633765,0.9524,nan,nan,10,5000,447344080,447344080,80,193252642560,193252642560,34560,False
433,0.1345284127265215,0.952,nan,nan,10,5000,447344080,447344080,80,193699986640,193699986640,34640,False
434,0.1370844109117985,0.9524,nan,nan,10,5000,447344080,447344080,80,194147330720,194147330720,34720,False
435,0.10859352458417415,0.963,0.4191332703590393,0.8762,10,5000,447344080,447344080,80,194594674800,194594674800,34800,False
436,0.1260077500343323,0.955,nan,nan,10,5000,447344080,447344080,80,195042018880,195042018880,34880,False
437,0.1661810157895088,0.942,nan,nan,10,5000,447344080,447344080,80,195489362960,195489362960,34960,False
438,0.1378195353657007,0.95,nan,nan,10,5000,447344080,447344080,80,195936707040,195936707040,35040,False
439,0.13778817289471626,0.954,nan,nan,10,5000,447344080,447344080,80,196384051120,196384051120,35120,False
440,0.11105444899648428,0.9646,0.410781308555603,0.8827,10,5000,447344080,447344080,80,196831395200,196831395200,35200,False
441,0.13047143481373788,0.9546,nan,nan,10,5000,447344080,447344080,80,197278739280,197278739280,35280,False
442,0.14665126166939735,0.9524,nan,nan,10,5000,447344080,447344080,80,197726083360,197726083360,35360,False
443,0.1361632434308529,0.9532,nan,nan,10,5000,447344080,447344080,80,198173427440,198173427440,35440,False
444,0.1453340010881424,0.9514,nan,nan,10,5000,447344080,447344080,80,198620771520,198620771520,35520,False
445,0.14287351778447627,0.9498,0.4284030713558197,0.8772,10,5000,447344080,447344080,80,199068115600,199068115600,35600,False
446,0.12829533912837504,0.9556,nan,nan,10,5000,447344080,447344080,80,199515459680,199515459680,35680,False
447,0.1456691354691982,0.9494,nan,nan,10,5000,447344080,447344080,80,199962803760,199962803760,35760,False
448,0.1676946596235037,0.941,nan,nan,10,5000,447344080,447344080,80,200410147840,200410147840,35840,False
449,0.11425919070541858,0.9618,nan,nan,10,5000,447344080,447344080,80,200857491920,200857491920,35920,False
450,0.1329628357231617,0.9526,0.44243388471603395,0.8777,10,5000,447344080,447344080,80,201304836000,201304836000,36000,False
451,0.13564847159981727,0.9532,nan,nan,10,5000,447344080,447344080,80,201752180080,201752180080,36080,False
452,0.1592728780299425,0.9454,nan,nan,10,5000,447344080,447344080,80,202199524160,202199524160,36160,False
453,0.14167149786353112,0.9498,nan,nan,10,5000,447344080,447344080,80,202646868240,202646868240,36240,False
454,0.12228736144900322,0.96,nan,nan,10,5000,447344080,447344080,80,203094212320,203094212320,36320,False
455,0.12537700532078744,0.9576,0.45123636951446533,0.8757,10,5000,447344080,447344080,80,203541556400,203541556400,36400,False
456,0.11312927998751401,0.9638,nan,nan,10,5000,447344080,447344080,80,203988900480,203988900480,36480,False
457,0.130155732601881,0.9554,nan,nan,10,5000,447344080,447344080,80,204436244560,204436244560,36560,False
458,0.12077230008691549,0.9596,nan,nan,10,5000,447344080,447344080,80,204883588640,204883588640,36640,False
459,0.13030516756474972,0.9566,nan,nan,10,5000,447344080,447344080,80,205330932720,205330932720,36720,False
460,0.12988216196596622,0.9526,0.42912381501197816,0.8731,10,5000,447344080,447344080,80,205778276800,205778276800,36800,False
461,0.13714401060342787,0.9522,nan,nan,10,5000,447344080,447344080,80,206225620880,206225620880,36880,False
462,0.1539812634050846,0.9466,nan,nan,10,5000,447344080,447344080,80,206672964960,206672964960,36960,False
463,0.13636400984525682,0.9518,nan,nan,10,5000,447344080,447344080,80,207120309040,207120309040,37040,False
464,0.13888910240828992,0.9512,nan,nan,10,5000,447344080,447344080,80,207567653120,207567653120,37120,False
465,0.1400905368745327,0.9562,0.40873707957267763,0.8819,10,5000,447344080,447344080,80,208014997200,208014997200,37200,False
466,0.12128066571056843,0.9588,nan,nan,10,5000,447344080,447344080,80,208462341280,208462341280,37280,False
467,0.13163897040486336,0.9544,nan,nan,10,5000,447344080,447344080,80,208909685360,208909685360,37360,False
468,0.15301678385734557,0.9492,nan,nan,10,5000,447344080,447344080,80,209357029440,209357029440,37440,False
469,0.13370112258791925,0.9522,nan,nan,10,5000,447344080,447344080,80,209804373520,209804373520,37520,False
470,0.138879298594594,0.9548,0.48242244443893434,0.8694,10,5000,447344080,447344080,80,210251717600,210251717600,37600,False
471,0.13537845821976663,0.9534,nan,nan,10,5000,447344080,447344080,80,210699061680,210699061680,37680,False
472,0.13022740676999092,0.9562,nan,nan,10,5000,447344080,447344080,80,211146405760,211146405760,37760,False
473,0.13714010924100875,0.9536,nan,nan,10,5000,447344080,447344080,80,211593749840,211593749840,37840,False
474,0.15296415518969297,0.948,nan,nan,10,5000,447344080,447344080,80,212041093920,212041093920,37920,False
475,0.12834283362925053,0.9536,0.4249731805562973,0.8795,10,5000,447344080,447344080,80,212488438000,212488438000,38000,False
476,0.12562258211970329,0.953,nan,nan,10,5000,447344080,447344080,80,212935782080,212935782080,38080,False
477,0.1327080697119236,0.954,nan,nan,10,5000,447344080,447344080,80,213383126160,213383126160,38160,False
478,0.11272814606428147,0.9594,nan,nan,10,5000,447344080,447344080,80,213830470240,213830470240,38240,False
479,0.14406368563473224,0.9518,nan,nan,10,5000,447344080,447344080,80,214277814320,214277814320,38320,False
480,0.12294557321369648,0.9556,0.4162811105728149,0.8838,10,5000,447344080,447344080,80,214725158400,214725158400,38400,False
481,0.10679826695024967,0.9636,nan,nan,10,5000,447344080,447344080,80,215172502480,215172502480,38480,False
482,0.14269274856075645,0.9516,nan,nan,10,5000,447344080,447344080,80,215619846560,215619846560,38560,False
483,0.11241952176094056,0.961,nan,nan,10,5000,447344080,447344080,80,216067190640,216067190640,38640,False
484,0.12168905707895755,0.956,nan,nan,10,5000,447344080,447344080,80,216514534720,216514534720,38720,False
485,0.15587831606268882,0.9476,0.4076027928829193,0.8831,10,5000,447344080,447344080,80,216961878800,216961878800,38800,False
486,0.10383884616494178,0.9644,nan,nan,10,5000,447344080,447344080,80,217409222880,217409222880,38880,False
487,0.10409257766902447,0.9636,nan,nan,10,5000,447344080,447344080,80,217856566960,217856566960,38960,False
488,0.13532462734878062,0.9524,nan,nan,10,5000,447344080,447344080,80,218303911040,218303911040,39040,False
489,0.13670136179625988,0.954,nan,nan,10,5000,447344080,447344080,80,218751255120,218751255120,39120,False
490,0.14765972651541234,0.9512,0.42732532138824464,0.8832,10,5000,447344080,447344080,80,219198599200,219198599200,39200,False
491,0.11814069277644157,0.9596,nan,nan,10,5000,447344080,447344080,80,219645943280,219645943280,39280,False
492,0.10761289654374123,0.9624,nan,nan,10,5000,447344080,447344080,80,220093287360,220093287360,39360,False
493,0.11851190423071384,0.961,nan,nan,10,5000,447344080,447344080,80,220540631440,220540631440,39440,False
494,0.14861828629076482,0.95,nan,nan,10,5000,447344080,447344080,80,220987975520,220987975520,39520,False
495,0.13148335128426553,0.957,0.42003533210754396,0.8856,10,5000,447344080,447344080,80,221435319600,221435319600,39600,False
496,0.1328595335111022,0.9572,nan,nan,10,5000,447344080,447344080,80,221882663680,221882663680,39680,False
497,0.11935377855002881,0.9582,nan,nan,10,5000,447344080,447344080,80,222330007760,222330007760,39760,False
498,0.1273764387845993,0.9564,nan,nan,10,5000,447344080,447344080,80,222777351840,222777351840,39840,False
499,0.13305485708713533,0.955,nan,nan,10,5000,447344080,447344080,80,223224695920,223224695920,39920,False
500,0.11528313961476087,0.9592,0.40994652652740476,0.8874,10,5000,447344080,447344080,80,223672040000,223672040000,40000,True
