round,train_loss,train_accuracy,test_loss,test_accuracy,num_fit_clients,tau_eff,mean_local_normalizer,mean_local_steps,num_fit_examples,round_upload_bytes,round_download_bytes,round_local_steps,cumulative_upload_bytes,cumulative_download_bytes,cumulative_local_steps,run_completed
1,2.3383264459609987,0.1144,nan,nan,10,28.742048900000007,28.742048899999993,8.0,5000,447344080,447344080,80,447344080,447344080,80,False
2,2.222274536895752,0.1688,nan,nan,10,28.742048900000007,28.742048899999993,8.0,5000,447344080,447344080,80,894688160,894688160,160,False
3,2.152914428138733,0.2038,nan,nan,10,28.742048900000007,28.742048899999993,8.0,5000,447344080,447344080,80,1342032240,1342032240,240,False
4,2.0718531047821043,0.2196,nan,nan,10,28.742048900000007,28.742048899999993,8.0,5000,447344080,447344080,80,1789376320,1789376320,320,False
5,2.001250262069702,0.242,1.9338579120635986,0.2588,10,28.742048900000007,28.742048899999993,8.0,5000,447344080,447344080,80,2236720400,2236720400,400,False
6,1.9683936177253722,0.2612,nan,nan,10,28.742048900000007,28.742048899999993,8.0,5000,447344080,447344080,80,2684064480,2684064480,480,False
7,1.9391582372665406,0.259,nan,nan,10,28.742048900000007,28.742048899999993,8.0,5000,447344080,447344080,80,3131408560,3131408560,560,False
8,1.9020676225662232,0.2872,nan,nan,10,28.742048900000007,28.742048899999993,8.0,5000,447344080,447344080,80,3578752640,3578752640,640,False
9,1.844487967777252,0.3146,nan,nan,10,28.742048900000007,28.742048899999993,8.0,5000,447344080,447344080,80,4026096720,4026096720,720,False
10,1.849256828403473,0.3102,1.8094473052978515,0.3094,10,28.742048900000007,28.742048899999993,8.0,5000,447344080,447344080,80,4473440800,4473440800,800,False
11,1.8035348892211913,0.3076,nan,nan,10,28.742048900000007,28.742048899999993,8.0,5000,447344080,447344080,80,4920784880,4920784880,880,False
12,1.7991010329246522,0.312,nan,nan,10,28.742048900000007,28.742048899999993,8.0,5000,447344080,447344080,80,5368128960,5368128960,960,False
13,1.7569406881332397,0.33,nan,nan,10,28.742048900000007,28.742048899999993,8.0,5000,447344080,447344080,80,5815473040,5815473040,1040,False
14,1.7291006890296936,0.3448,nan,nan,10,28.742048900000007,28.742048899999993,8.0,5000,447344080,447344080,80,6262817120,6262817120,1120,False
15,1.7316339371681213,0.3404,1.7166996189117432,0.3584,10,28.742048900000007,28.742048899999993,8.0,5000,447344080,447344080,80,6710161200,6710161200,1200,False
16,1.715158429145813,0.3548,nan,nan,10,28.742048900000007,28.742048899999993,8.0,5000,447344080,447344080,80,7157505280,7157505280,1280,False
17,1.6909816533088684,0.3582,nan,nan,10,28.742048900000007,28.742048899999993,8.0,5000,447344080,447344080,80,7604849360,7604849360,1360,False
18,1.6932451705932616,0.3608,nan,nan,10,28.742048900000007,28.742048899999993,8.0,5000,447344080,447344080,80,8052193440,8052193440,1440,False
19,1.673642550945282,0.376,nan,nan,10,28.742048900000007,28.742048899999993,8.0,5000,447344080,447344080,80,8499537520,8499537520,1520,False
20,1.658928629875183,0.3694,1.6228510707855224,0.3964,10,28.742048900000007,28.742048899999993,8.0,5000,447344080,447344080,80,8946881600,8946881600,1600,False
21,1.668249250793457,0.3714,nan,nan,10,28.742048900000007,28.742048899999993,8.0,5000,447344080,447344080,80,9394225680,9394225680,1680,False
22,1.6162332432746886,0.3858,nan,nan,10,28.742048900000007,28.742048899999993,8.0,5000,447344080,447344080,80,9841569760,9841569760,1760,False
23,1.6155177787780761,0.3898,nan,nan,10,28.742048900000007,28.742048899999993,8.0,5000,447344080,447344080,80,10288913840,10288913840,1840,False
24,1.603250729084015,0.4038,nan,nan,10,28.742048900000007,28.742048899999993,8.0,5000,447344080,447344080,80,10736257920,10736257920,1920,False
25,1.5978834628105163,0.3864,1.5272001892089844,0.4341,10,28.742048900000007,28.742048899999993,8.0,5000,447344080,447344080,80,11183602000,11183602000,2000,False
26,1.5872857069969177,0.4094,nan,nan,10,28.742048900000007,28.742048899999993,8.0,5000,447344080,447344080,80,11630946080,11630946080,2080,False
27,1.5832689868927001,0.4128,nan,nan,10,28.742048900000007,28.742048899999993,8.0,5000,447344080,447344080,80,12078290160,12078290160,2160,False
28,1.5683787155151367,0.4084,nan,nan,10,28.742048900000007,28.742048899999993,8.0,5000,447344080,447344080,80,12525634240,12525634240,2240,False
29,1.588960604095459,0.4046,nan,nan,10,28.742048900000007,28.742048899999993,8.0,5000,447344080,447344080,80,12972978320,12972978320,2320,False
30,1.5620591822624206,0.4162,1.4413945171356202,0.4641,10,28.742048900000007,28.742048899999993,8.0,5000,447344080,447344080,80,13420322400,13420322400,2400,False
31,1.5597988419532776,0.4236,nan,nan,10,28.742048900000007,28.742048899999993,8.0,5000,447344080,447344080,80,13867666480,13867666480,2480,False
32,1.5345860112190246,0.4338,nan,nan,10,28.742048900000007,28.742048899999993,8.0,5000,447344080,447344080,80,14315010560,14315010560,2560,False
33,1.520418225288391,0.4252,nan,nan,10,28.742048900000007,28.742048899999993,8.0,5000,447344080,447344080,80,14762354640,14762354640,2640,False
34,1.5172821924209594,0.4356,nan,nan,10,28.742048900000007,28.742048899999993,8.0,5000,447344080,447344080,80,15209698720,15209698720,2720,False
35,1.4866133095741272,0.4398,1.3769802677154541,0.4872,10,28.742048900000007,28.742048899999993,8.0,5000,447344080,447344080,80,15657042800,15657042800,2800,False
36,1.4923250846862792,0.4364,nan,nan,10,28.742048900000007,28.742048899999993,8.0,5000,447344080,447344080,80,16104386880,16104386880,2880,False
37,1.5239032278060913,0.4422,nan,nan,10,28.742048900000007,28.742048899999993,8.0,5000,447344080,447344080,80,16551730960,16551730960,2960,False
38,1.4938676644325257,0.4546,nan,nan,10,28.742048900000007,28.742048899999993,8.0,5000,447344080,447344080,80,16999075040,16999075040,3040,False
39,1.4808259958267211,0.451,nan,nan,10,28.742048900000007,28.742048899999993,8.0,5000,447344080,447344080,80,17446419120,17446419120,3120,False
40,1.473987128162384,0.455,1.3513187242507934,0.499,10,28.742048900000007,28.742048899999993,8.0,5000,447344080,447344080,80,17893763200,17893763200,3200,False
41,1.448994495677948,0.467,nan,nan,10,28.742048900000007,28.742048899999993,8.0,5000,447344080,447344080,80,18341107280,18341107280,3280,False
42,1.4471444005966188,0.4648,nan,nan,10,28.742048900000007,28.742048899999993,8.0,5000,447344080,447344080,80,18788451360,18788451360,3360,False
43,1.4486754972457885,0.469,nan,nan,10,28.742048900000007,28.742048899999993,8.0,5000,447344080,447344080,80,19235795440,19235795440,3440,False
44,1.4810592389106751,0.4474,nan,nan,10,28.742048900000007,28.742048899999993,8.0,5000,447344080,447344080,80,19683139520,19683139520,3520,False
45,1.4298054729461669,0.4788,1.3118953603744508,0.514,10,28.742048900000007,28.742048899999993,8.0,5000,447344080,447344080,80,20130483600,20130483600,3600,False
46,1.4406873987197877,0.4734,nan,nan,10,28.742048900000007,28.742048899999993,8.0,5000,447344080,447344080,80,20577827680,20577827680,3680,False
47,1.4594283917427062,0.4634,nan,nan,10,28.742048900000007,28.742048899999993,8.0,5000,447344080,447344080,80,21025171760,21025171760,3760,False
48,1.439535820388794,0.4688,nan,nan,10,28.742048900000007,28.742048899999993,8.0,5000,447344080,447344080,80,21472515840,21472515840,3840,False
49,1.4195040594100952,0.4812,nan,nan,10,28.742048900000007,28.742048899999993,8.0,5000,447344080,447344080,80,21919859920,21919859920,3920,False
50,1.437608358001709,0.4756,1.3135252353668212,0.5147,10,28.742048900000007,28.742048899999993,8.0,5000,447344080,447344080,80,22367204000,22367204000,4000,False
51,1.4034135612487793,0.487,nan,nan,10,28.742048900000007,28.742048899999993,8.0,5000,447344080,447344080,80,22814548080,22814548080,4080,False
52,1.3927728826522827,0.4844,nan,nan,10,28.742048900000007,28.742048899999993,8.0,5000,447344080,447344080,80,23261892160,23261892160,4160,False
53,1.3761659467697143,0.491,nan,nan,10,28.742048900000007,28.742048899999993,8.0,5000,447344080,447344080,80,23709236240,23709236240,4240,False
54,1.370112232208252,0.5008,nan,nan,10,28.742048900000007,28.742048899999993,8.0,5000,447344080,447344080,80,24156580320,24156580320,4320,False
55,1.3618231419563294,0.5024,1.2469163572311401,0.5425,10,28.742048900000007,28.742048899999993,8.0,5000,447344080,447344080,80,24603924400,24603924400,4400,False
56,1.3492518894195558,0.512,nan,nan,10,28.742048900000007,28.742048899999993,8.0,5000,447344080,447344080,80,25051268480,25051268480,4480,False
57,1.3595268624305725,0.5034,nan,nan,10,28.742048900000007,28.742048899999993,8.0,5000,447344080,447344080,80,25498612560,25498612560,4560,False
58,1.3538520370483398,0.5056,nan,nan,10,28.742048900000007,28.742048899999993,8.0,5000,447344080,447344080,80,25945956640,25945956640,4640,False
59,1.3235739771842956,0.5218,nan,nan,10,28.742048900000007,28.742048899999993,8.0,5000,447344080,447344080,80,26393300720,26393300720,4720,False
60,1.328500920200348,0.513,1.2123270816802978,0.5532,10,28.742048900000007,28.742048899999993,8.0,5000,447344080,447344080,80,26840644800,26840644800,4800,False
61,1.3657758339881898,0.4956,nan,nan,10,28.742048900000007,28.742048899999993,8.0,5000,447344080,447344080,80,27287988880,27287988880,4880,False
62,1.3065294518470765,0.5272,nan,nan,10,28.742048900000007,28.742048899999993,8.0,5000,447344080,447344080,80,27735332960,27735332960,4960,False
63,1.3023942997932434,0.5286,nan,nan,10,28.742048900000007,28.742048899999993,8.0,5000,447344080,447344080,80,28182677040,28182677040,5040,False
64,1.330130837726593,0.5192,nan,nan,10,28.742048900000007,28.742048899999993,8.0,5000,447344080,447344080,80,28630021120,28630021120,5120,False
65,1.3145947995185852,0.5226,1.2914489810943603,0.526,10,28.742048900000007,28.742048899999993,8.0,5000,447344080,447344080,80,29077365200,29077365200,5200,False
66,1.285734713459015,0.522,nan,nan,10,28.742048900000007,28.742048899999993,8.0,5000,447344080,447344080,80,29524709280,29524709280,5280,False
67,1.27884519033432,0.5422,nan,nan,10,28.742048900000007,28.742048899999993,8.0,5000,447344080,447344080,80,29972053360,29972053360,5360,False
68,1.3268385429382323,0.5172,nan,nan,10,28.742048900000007,28.742048899999993,8.0,5000,447344080,447344080,80,30419397440,30419397440,5440,False
69,1.2735145671844483,0.5426,nan,nan,10,28.742048900000007,28.742048899999993,8.0,5000,447344080,447344080,80,30866741520,30866741520,5520,False
70,1.2452517351150512,0.5454,1.1780816415786743,0.5753,10,28.742048900000007,28.742048899999993,8.0,5000,447344080,447344080,80,31314085600,31314085600,5600,False
71,1.2846054314613342,0.5294,nan,nan,10,28.742048900000007,28.742048899999993,8.0,5000,447344080,447344080,80,31761429680,31761429680,5680,False
72,1.2499297687530517,0.5398,nan,nan,10,28.742048900000007,28.742048899999993,8.0,5000,447344080,447344080,80,32208773760,32208773760,5760,False
73,1.2746083627700806,0.533,nan,nan,10,28.742048900000007,28.742048899999993,8.0,5000,447344080,447344080,80,32656117840,32656117840,5840,False
74,1.242264192199707,0.5482,nan,nan,10,28.742048900000007,28.742048899999993,8.0,5000,447344080,447344080,80,33103461920,33103461920,5920,False
75,1.24048225107193,0.5476,1.169924199295044,0.5765,10,28.742048900000007,28.742048899999993,8.0,5000,447344080,447344080,80,33550806000,33550806000,6000,False
76,1.251595994091034,0.5426,nan,nan,10,28.742048900000007,28.742048899999993,8.0,5000,447344080,447344080,80,33998150080,33998150080,6080,False
77,1.2463186373710633,0.5446,nan,nan,10,28.742048900000007,28.742048899999993,8.0,5000,447344080,447344080,80,34445494160,34445494160,6160,False
78,1.2235700320243836,0.5452,nan,nan,10,28.742048900000007,28.742048899999993,8.0,5000,447344080,447344080,80,34892838240,34892838240,6240,False
79,1.2488593945503235,0.5472,nan,nan,10,28.742048900000007,28.742048899999993,8.0,5000,447344080,447344080,80,35340182320,35340182320,6320,False
80,1.2229748127937317,0.5598,1.1747998462677003,0.5776,10,28.742048900000007,28.742048899999993,8.0,5000,447344080,447344080,80,35787526400,35787526400,6400,False
81,1.197966879272461,0.5634,nan,nan,10,28.742048900000007,28.742048899999993,8.0,5000,447344080,447344080,80,36234870480,36234870480,6480,False
82,1.194210575580597,0.5632,nan,nan,10,28.742048900000007,28.742048899999993,8.0,5000,447344080,447344080,80,36682214560,36682214560,6560,False
83,1.209426410293579,0.5612,nan,nan,10,28.742048900000007,28.742048899999993,8.0,5000,447344080,447344080,80,37129558640,37129558640,6640,False
84,1.176833482170105,0.5686,nan,nan,10,28.742048900000007,28.742048899999993,8.0,5000,447344080,447344080,80,37576902720,37576902720,6720,False
85,1.206469771003723,0.5652,1.088225340270996,0.6058,10,28.742048900000007,28.742048899999993,8.0,5000,447344080,447344080,80,38024246800,38024246800,6800,False
86,1.2011036598205567,0.5678,nan,nan,10,28.742048900000007,28.742048899999993,8.0,5000,447344080,447344080,80,38471590880,38471590880,6880,False
87,1.1867040829181672,0.5722,nan,nan,10,28.742048900000007,28.742048899999993,8.0,5000,447344080,447344080,80,38918934960,38918934960,6960,False
88,1.1725005902290344,0.5772,nan,nan,10,28.742048900000007,28.742048899999993,8.0,5000,447344080,447344080,80,39366279040,39366279040,7040,False
89,1.1774578845500947,0.5688,nan,nan,10,28.742048900000007,28.742048899999993,8.0,5000,447344080,447344080,80,39813623120,39813623120,7120,False
90,1.1929893805503846,0.5622,1.0780263525009155,0.6089,10,28.742048900000007,28.742048899999993,8.0,5000,447344080,447344080,80,40260967200,40260967200,7200,False
91,1.1859051096916198,0.575,nan,nan,10,28.742048900000007,28.742048899999993,8.0,5000,447344080,447344080,80,40708311280,40708311280,7280,False
92,1.1484056457996368,0.5866,nan,nan,10,28.742048900000007,28.742048899999993,8.0,5000,447344080,447344080,80,41155655360,41155655360,7360,False
93,1.1573006630897522,0.583,nan,nan,10,28.742048900000007,28.742048899999993,8.0,5000,447344080,447344080,80,41602999440,41602999440,7440,False
94,1.158231595134735,0.584,nan,nan,10,28.742048900000007,28.742048899999993,8.0,5000,447344080,447344080,80,42050343520,42050343520,7520,False
95,1.155177496623993,0.5822,1.1420283274650573,0.6006,10,28.742048900000007,28.742048899999993,8.0,5000,447344080,447344080,80,42497687600,42497687600,7600,False
96,1.170114804649353,0.5816,nan,nan,10,28.742048900000007,28.742048899999993,8.0,5000,447344080,447344080,80,42945031680,42945031680,7680,False
97,1.1796787220478058,0.58,nan,nan,10,28.742048900000007,28.742048899999993,8.0,5000,447344080,447344080,80,43392375760,43392375760,7760,False
98,1.1553524470329284,0.585,nan,nan,10,28.742048900000007,28.742048899999993,8.0,5000,447344080,447344080,80,43839719840,43839719840,7840,False
99,1.1748347281455993,0.586,nan,nan,10,28.742048900000007,28.742048899999993,8.0,5000,447344080,447344080,80,44287063920,44287063920,7920,False
100,1.136225926399231,0.5856,1.0405580919265747,0.6227,10,28.742048900000007,28.742048899999993,8.0,5000,447344080,447344080,80,44734408000,44734408000,8000,False
101,1.1379343849182129,0.5904,nan,nan,10,28.742048900000007,28.742048899999993,8.0,5000,447344080,447344080,80,45181752080,45181752080,8080,False
102,1.089914790582657,0.6144,nan,nan,10,28.742048900000007,28.742048899999993,8.0,5000,447344080,447344080,80,45629096160,45629096160,8160,False
103,1.141189937210083,0.5872,nan,nan,10,28.742048900000007,28.742048899999993,8.0,5000,447344080,447344080,80,46076440240,46076440240,8240,False
104,1.114646815109253,0.5992,nan,nan,10,28.742048900000007,28.742048899999993,8.0,5000,447344080,447344080,80,46523784320,46523784320,8320,False
105,1.1150706966400146,0.5936,1.048830299949646,0.6251,10,28.742048900000007,28.742048899999993,8.0,5000,447344080,447344080,80,46971128400,46971128400,8400,False
106,1.1192225950241088,0.599,nan,nan,10,28.742048900000007,28.742048899999993,8.0,5000,447344080,447344080,80,47418472480,47418472480,8480,False
107,1.103321375465393,0.5992,nan,nan,10,28.742048900000007,28.742048899999993,8.0,5000,447344080,447344080,80,47865816560,47865816560,8560,False
108,1.0849603956222533,0.6054,nan,nan,10,28.742048900000007,28.742048899999993,8.0,5000,447344080,447344080,80,48313160640,48313160640,8640,False
109,1.1211411666870117,0.6004,nan,nan,10,28.742048900000007,28.742048899999993,8.0,5000,447344080,447344080,80,48760504720,48760504720,8720,False
110,1.0976161433219909,0.6052,1.034971754837036,0.6332,10,28.742048900000007,28.742048899999993,8.0,5000,447344080,447344080,80,49207848800,49207848800,8800,False
111,1.072720754957199,0.6072,nan,nan,10,28.742048900000007,28.742048899999993,8.0,5000,447344080,447344080,80,49655192880,49655192880,8880,False
112,1.0855024517059326,0.612,nan,nan,10,28.742048900000007,28.742048899999993,8.0,5000,447344080,447344080,80,50102536960,50102536960,8960,False
113,1.1100425317764282,0.6018,nan,nan,10,28.742048900000007,28.742048899999993,8.0,5000,447344080,447344080,80,50549881040,50549881040,9040,False
114,1.0606472401618958,0.614,nan,nan,10,28.742048900000007,28.742048899999993,8.0,5000,447344080,447344080,80,50997225120,50997225120,9120,False
115,1.0793540951251983,0.6116,1.0008612365722656,0.6389,10,28.742048900000007,28.742048899999993,8.0,5000,447344080,447344080,80,51444569200,51444569200,9200,False
116,1.0561376255989074,0.6338,nan,nan,10,28.742048900000007,28.742048899999993,8.0,5000,447344080,447344080,80,51891913280,51891913280,9280,False
117,1.0575561628341674,0.6162,nan,nan,10,28.742048900000007,28.742048899999993,8.0,5000,447344080,447344080,80,52339257360,52339257360,9360,False
118,1.0743882984161377,0.611,nan,nan,10,28.742048900000007,28.742048899999993,8.0,5000,447344080,447344080,80,52786601440,52786601440,9440,False
119,1.0850860734939576,0.6144,nan,nan,10,28.742048900000007,28.742048899999993,8.0,5000,447344080,447344080,80,53233945520,53233945520,9520,False
120,1.0485282752513885,0.6294,0.947800817489624,0.6598,10,28.742048900000007,28.742048899999993,8.0,5000,447344080,447344080,80,53681289600,53681289600,9600,False
121,1.0510321908473967,0.6226,nan,nan,10,28.742048900000007,28.742048899999993,8.0,5000,447344080,447344080,80,54128633680,54128633680,9680,False
122,1.0323194369316102,0.6354,nan,nan,10,28.742048900000007,28.742048899999993,8.0,5000,447344080,447344080,80,54575977760,54575977760,9760,False
123,1.04882493391037,0.6286,nan,nan,10,28.742048900000007,28.742048899999993,8.0,5000,447344080,447344080,80,55023321840,55023321840,9840,False
124,1.0261741819381713,0.632,nan,nan,10,28.742048900000007,28.742048899999993,8.0,5000,447344080,447344080,80,55470665920,55470665920,9920,False
125,1.0442430801868439,0.6292,0.9542633749008179,0.6565,10,28.742048900000007,28.742048899999993,8.0,5000,447344080,447344080,80,55918010000,55918010000,10000,False
126,1.04425220413208,0.63,nan,nan,10,28.742048900000007,28.742048899999993,8.0,5000,447344080,447344080,80,56365354080,56365354080,10080,False
127,1.048293738603592,0.6244,nan,nan,10,28.742048900000007,28.742048899999993,8.0,5000,447344080,447344080,80,56812698160,56812698160,10160,False
128,1.0256291886806488,0.633,nan,nan,10,28.742048900000007,28.742048899999993,8.0,5000,447344080,447344080,80,57260042240,57260042240,10240,False
129,1.0421882092475891,0.6264,nan,nan,10,28.742048900000007,28.742048899999993,8.0,5000,447344080,447344080,80,57707386320,57707386320,10320,False
130,1.0139628403186798,0.6356,0.9697798095703125,0.6529,10,28.742048900000007,28.742048899999993,8.0,5000,447344080,447344080,80,58154730400,58154730400,10400,False
131,1.0123096152305604,0.6356,nan,nan,10,28.742048900000007,28.742048899999993,8.0,5000,447344080,447344080,80,58602074480,58602074480,10480,False
132,1.0036684025764466,0.639,nan,nan,10,28.742048900000007,28.742048899999993,8.0,5000,447344080,447344080,80,59049418560,59049418560,10560,False
133,1.0196133495807647,0.6412,nan,nan,10,28.742048900000007,28.742048899999993,8.0,5000,447344080,447344080,80,59496762640,59496762640,10640,False
134,1.0296223314762116,0.6352,nan,nan,10,28.742048900000007,28.742048899999993,8.0,5000,447344080,447344080,80,59944106720,59944106720,10720,False
135,0.996760852766037,0.6452,0.9255750720977783,0.6688,10,28.742048900000007,28.742048899999993,8.0,5000,447344080,447344080,80,60391450800,60391450800,10800,False
136,1.0029685123443604,0.6464,nan,nan,10,28.742048900000007,28.742048899999993,8.0,5000,447344080,447344080,80,60838794880,60838794880,10880,False
137,1.0017921030044556,0.636,nan,nan,10,28.742048900000007,28.742048899999993,8.0,5000,447344080,447344080,80,61286138960,61286138960,10960,False
138,0.9931518439769745,0.6488,nan,nan,10,28.742048900000007,28.742048899999993,8.0,5000,447344080,447344080,80,61733483040,61733483040,11040,False
139,0.9751821290016174,0.6466,nan,nan,10,28.742048900000007,28.742048899999993,8.0,5000,447344080,447344080,80,62180827120,62180827120,11120,False
140,0.9894978281021118,0.6498,0.9027661302566529,0.6755,10,28.742048900000007,28.742048899999993,8.0,5000,447344080,447344080,80,62628171200,62628171200,11200,False
141,0.9852867403030395,0.652,nan,nan,10,28.742048900000007,28.742048899999993,8.0,5000,447344080,447344080,80,63075515280,63075515280,11280,False
142,0.9998436657905578,0.6504,nan,nan,10,28.742048900000007,28.742048899999993,8.0,5000,447344080,447344080,80,63522859360,63522859360,11360,False
143,0.9630314535140991,0.6518,nan,nan,10,28.742048900000007,28.742048899999993,8.0,5000,447344080,447344080,80,63970203440,63970203440,11440,False
144,0.9993261621952056,0.6368,nan,nan,10,28.742048900000007,28.742048899999993,8.0,5000,447344080,447344080,80,64417547520,64417547520,11520,False
145,0.9992307676315307,0.6434,0.9557251794815064,0.6587,10,28.742048900000007,28.742048899999993,8.0,5000,447344080,447344080,80,64864891600,64864891600,11600,False
146,0.9727778680324555,0.6502,nan,nan,10,28.742048900000007,28.742048899999993,8.0,5000,447344080,447344080,80,65312235680,65312235680,11680,False
147,0.9522533589839935,0.6526,nan,nan,10,28.742048900000007,28.742048899999993,8.0,5000,447344080,447344080,80,65759579760,65759579760,11760,False
148,0.9737470460891724,0.6494,nan,nan,10,28.742048900000007,28.742048899999993,8.0,5000,447344080,447344080,80,66206923840,66206923840,11840,False
149,0.9747838567256928,0.6482,nan,nan,10,28.742048900000007,28.742048899999993,8.0,5000,447344080,447344080,80,66654267920,66654267920,11920,False
150,0.9739463598251342,0.6504,0.9397449028015137,0.6691,10,28.742048900000007,28.742048899999993,8.0,5000,447344080,447344080,80,67101612000,67101612000,12000,False
151,0.955608112335205,0.6642,nan,nan,10,28.742048900000007,28.742048899999993,8.0,5000,447344080,447344080,80,67548956080,67548956080,12080,False
152,0.9010287447929383,0.6792,nan,nan,10,28.742048900000007,28.742048899999993,8.0,5000,447344080,447344080,80,67996300160,67996300160,12160,False
153,0.9296965808868408,0.6716,nan,nan,10,28.742048900000007,28.742048899999993,8.0,5000,447344080,447344080,80,68443644240,68443644240,12240,False
154,0.9319156356811523,0.669,nan,nan,10,28.742048900000007,28.742048899999993,8.0,5000,447344080,447344080,80,68890988320,68890988320,12320,False
155,0.9915185131072998,0.6452,0.8753056951522827,0.6864,10,28.742048900000007,28.742048899999993,8.0,5000,447344080,447344080,80,69338332400,69338332400,12400,False
156,0.9273940294742584,0.6678,nan,nan,10,28.742048900000007,28.742048899999993,8.0,5000,447344080,447344080,80,69785676480,69785676480,12480,False
157,0.9660302399635315,0.6544,nan,nan,10,28.742048900000007,28.742048899999993,8.0,5000,447344080,447344080,80,70233020560,70233020560,12560,False
158,0.9474260388374328,0.6684,nan,nan,10,28.742048900000007,28.742048899999993,8.0,5000,447344080,447344080,80,70680364640,70680364640,12640,False
159,0.9254387615203857,0.6764,nan,nan,10,28.742048900000007,28.742048899999993,8.0,5000,447344080,447344080,80,71127708720,71127708720,12720,False
160,0.9230641467571259,0.6768,0.8750480532646179,0.6874,10,28.742048900000007,28.742048899999993,8.0,5000,447344080,447344080,80,71575052800,71575052800,12800,False
161,0.9100688335895538,0.6762,nan,nan,10,28.742048900000007,28.742048899999993,8.0,5000,447344080,447344080,80,72022396880,72022396880,12880,False
162,0.9301231281757355,0.667,nan,nan,10,28.742048900000007,28.742048899999993,8.0,5000,447344080,447344080,80,72469740960,72469740960,12960,False
163,0.9162179787635804,0.6732,nan,nan,10,28.742048900000007,28.742048899999993,8.0,5000,447344080,447344080,80,72917085040,72917085040,13040,False
164,0.93825612449646,0.666,nan,nan,10,28.742048900000007,28.742048899999993,8.0,5000,447344080,447344080,80,73364429120,73364429120,13120,False
165,0.9360578757762908,0.6706,0.8913982979774475,0.6868,10,28.742048900000007,28.742048899999993,8.0,5000,447344080,447344080,80,73811773200,73811773200,13200,False
166,0.9337338697433472,0.669,nan,nan,10,28.742048900000007,28.742048899999993,8.0,5000,447344080,447344080,80,74259117280,74259117280,13280,False
167,0.9416858409404755,0.6648,nan,nan,10,28.742048900000007,28.742048899999993,8.0,5000,447344080,447344080,80,74706461360,74706461360,13360,False
168,0.8997229439258575,0.6778,nan,nan,10,28.742048900000007,28.742048899999993,8.0,5000,447344080,447344080,80,75153805440,75153805440,13440,False
169,0.917782644701004,0.6728,nan,nan,10,28.742048900000007,28.742048899999993,8.0,5000,447344080,447344080,80,75601149520,75601149520,13520,False
170,0.9077799656867981,0.6754,0.8450249332427978,0.7037,10,28.742048900000007,28.742048899999993,8.0,5000,447344080,447344080,80,76048493600,76048493600,13600,False
171,0.9021730218887329,0.683,nan,nan,10,28.742048900000007,28.742048899999993,8.0,5000,447344080,447344080,80,76495837680,76495837680,13680,False
172,0.9039178402900696,0.685,nan,nan,10,28.742048900000007,28.742048899999993,8.0,5000,447344080,447344080,80,76943181760,76943181760,13760,False
173,0.9216987072467804,0.6888,nan,nan,10,28.742048900000007,28.742048899999993,8.0,5000,447344080,447344080,80,77390525840,77390525840,13840,False
174,0.911440160894394,0.6758,nan,nan,10,28.742048900000007,28.742048899999993,8.0,5000,447344080,447344080,80,77837869920,77837869920,13920,False
175,0.8660344945430756,0.6982,0.8873008399963379,0.6885,10,28.742048900000007,28.742048899999993,8.0,5000,447344080,447344080,80,78285214000,78285214000,14000,False
176,0.8984815253734588,0.6836,nan,nan,10,28.742048900000007,28.742048899999993,8.0,5000,447344080,447344080,80,78732558080,78732558080,14080,False
177,0.8887047991275787,0.6826,nan,nan,10,28.742048900000007,28.742048899999993,8.0,5000,447344080,447344080,80,79179902160,79179902160,14160,False
178,0.8873730173110962,0.6824,nan,nan,10,28.742048900000007,28.742048899999993,8.0,5000,447344080,447344080,80,79627246240,79627246240,14240,False
179,0.8967671113967896,0.6836,nan,nan,10,28.742048900000007,28.742048899999993,8.0,5000,447344080,447344080,80,80074590320,80074590320,14320,False
180,0.8960010203838349,0.6822,0.8971083726882935,0.6928,10,28.742048900000007,28.742048899999993,8.0,5000,447344080,447344080,80,80521934400,80521934400,14400,False
181,0.8904351514339447,0.6822,nan,nan,10,28.742048900000007,28.742048899999993,8.0,5000,447344080,447344080,80,80969278480,80969278480,14480,False
182,0.9051166537284852,0.6856,nan,nan,10,28.742048900000007,28.742048899999993,8.0,5000,447344080,447344080,80,81416622560,81416622560,14560,False
183,0.8855124129295349,0.685,nan,nan,10,28.742048900000007,28.742048899999993,8.0,5000,447344080,447344080,80,81863966640,81863966640,14640,False
184,0.8797080817699432,0.6838,nan,nan,10,28.742048900000007,28.742048899999993,8.0,5000,447344080,447344080,80,82311310720,82311310720,14720,False
185,0.9046029951095581,0.6826,0.7914522042274476,0.7202,10,28.742048900000007,28.742048899999993,8.0,5000,447344080,447344080,80,82758654800,82758654800,14800,False
186,0.8952037855625152,0.6746,nan,nan,10,28.742048900000007,28.742048899999993,8.0,5000,447344080,447344080,80,83205998880,83205998880,14880,False
187,0.8489511345386506,0.6996,nan,nan,10,28.742048900000007,28.742048899999993,8.0,5000,447344080,447344080,80,83653342960,83653342960,14960,False
188,0.8837731586456299,0.694,nan,nan,10,28.742048900000007,28.742048899999993,8.0,5000,447344080,447344080,80,84100687040,84100687040,15040,False
189,0.8715161487579346,0.6934,nan,nan,10,28.742048900000007,28.742048899999993,8.0,5000,447344080,447344080,80,84548031120,84548031120,15120,False
190,0.8684785222053528,0.6898,0.7961933626174926,0.7223,10,28.742048900000007,28.742048899999993,8.0,5000,447344080,447344080,80,84995375200,84995375200,15200,False
191,0.8558106945037842,0.7004,nan,nan,10,28.742048900000007,28.742048899999993,8.0,5000,447344080,447344080,80,85442719280,85442719280,15280,False
192,0.8562038088321686,0.6908,nan,nan,10,28.742048900000007,28.742048899999993,8.0,5000,447344080,447344080,80,85890063360,85890063360,15360,False
193,0.8418690012931824,0.7006,nan,nan,10,28.742048900000007,28.742048899999993,8.0,5000,447344080,447344080,80,86337407440,86337407440,15440,False
194,0.844723520231247,0.6982,nan,nan,10,28.742048900000007,28.742048899999993,8.0,5000,447344080,447344080,80,86784751520,86784751520,15520,False
195,0.8566155397415162,0.7006,0.7821961090087891,0.7257,10,28.742048900000007,28.742048899999993,8.0,5000,447344080,447344080,80,87232095600,87232095600,15600,False
196,0.8633663793087005,0.6902,nan,nan,10,28.742048900000007,28.742048899999993,8.0,5000,447344080,447344080,80,87679439680,87679439680,15680,False
197,0.8323250253200531,0.708,nan,nan,10,28.742048900000007,28.742048899999993,8.0,5000,447344080,447344080,80,88126783760,88126783760,15760,False
198,0.8526760709762573,0.6962,nan,nan,10,28.742048900000007,28.742048899999993,8.0,5000,447344080,447344080,80,88574127840,88574127840,15840,False
199,0.8596026105880737,0.6952,nan,nan,10,28.742048900000007,28.742048899999993,8.0,5000,447344080,447344080,80,89021471920,89021471920,15920,False
200,0.8495058963775635,0.6956,0.7785416919708252,0.7261,10,28.742048900000007,28.742048899999993,8.0,5000,447344080,447344080,80,89468816000,89468816000,16000,False
201,0.8396254065036773,0.695,nan,nan,10,28.742048900000007,28.742048899999993,8.0,5000,447344080,447344080,80,89916160080,89916160080,16080,False
202,0.831019983291626,0.7026,nan,nan,10,28.742048900000007,28.742048899999993,8.0,5000,447344080,447344080,80,90363504160,90363504160,16160,False
203,0.8373164556503296,0.6942,nan,nan,10,28.742048900000007,28.742048899999993,8.0,5000,447344080,447344080,80,90810848240,90810848240,16240,False
204,0.8222073305606842,0.7058,nan,nan,10,28.742048900000007,28.742048899999993,8.0,5000,447344080,447344080,80,91258192320,91258192320,16320,False
205,0.8436804981231689,0.7006,0.736387340927124,0.7381,10,28.742048900000007,28.742048899999993,8.0,5000,447344080,447344080,80,91705536400,91705536400,16400,False
206,0.8128306839942933,0.7146,nan,nan,10,28.742048900000007,28.742048899999993,8.0,5000,447344080,447344080,80,92152880480,92152880480,16480,False
207,0.8194045796871186,0.7112,nan,nan,10,28.742048900000007,28.742048899999993,8.0,5000,447344080,447344080,80,92600224560,92600224560,16560,False
208,0.7931642968654633,0.7232,nan,nan,10,28.742048900000007,28.742048899999993,8.0,5000,447344080,447344080,80,93047568640,93047568640,16640,False
209,0.8347755601882935,0.7012,nan,nan,10,28.742048900000007,28.742048899999993,8.0,5000,447344080,447344080,80,93494912720,93494912720,16720,False
210,0.8205247141838073,0.7026,0.7798572817802429,0.7328,10,28.742048900000007,28.742048899999993,8.0,5000,447344080,447344080,80,93942256800,93942256800,16800,False
211,0.8179071704864502,0.7132,nan,nan,10,28.742048900000007,28.742048899999993,8.0,5000,447344080,447344080,80,94389600880,94389600880,16880,False
212,0.8036423458576203,0.718,nan,nan,10,28.742048900000007,28.742048899999993,8.0,5000,447344080,447344080,80,94836944960,94836944960,16960,False
213,0.7862394755840302,0.7184,nan,nan,10,28.742048900000007,28.742048899999993,8.0,5000,447344080,447344080,80,95284289040,95284289040,17040,False
214,0.8432173554420471,0.7038,nan,nan,10,28.742048900000007,28.742048899999993,8.0,5000,447344080,447344080,80,95731633120,95731633120,17120,False
215,0.8178897208213806,0.7098,0.7630847580909729,0.7359,10,28.742048900000007,28.742048899999993,8.0,5000,447344080,447344080,80,96178977200,96178977200,17200,False
216,0.7999902659416199,0.7156,nan,nan,10,28.742048900000007,28.742048899999993,8.0,5000,447344080,447344080,80,96626321280,96626321280,17280,False
217,0.8034291224479675,0.7166,nan,nan,10,28.742048900000007,28.742048899999993,8.0,5000,447344080,447344080,80,97073665360,97073665360,17360,False
218,0.7959523334026337,0.7234,nan,nan,10,28.742048900000007,28.742048899999993,8.0,5000,447344080,447344080,80,97521009440,97521009440,17440,False
219,0.7905305047988892,0.7182,nan,nan,10,28.742048900000007,28.742048899999993,8.0,5000,447344080,447344080,80,97968353520,97968353520,17520,False
220,0.8089569758415223,0.7098,0.7417400575637817,0.7384,10,28.742048900000007,28.742048899999993,8.0,5000,447344080,447344080,80,98415697600,98415697600,17600,False
221,0.7790750099182129,0.7214,nan,nan,10,28.742048900000007,28.742048899999993,8.0,5000,447344080,447344080,80,98863041680,98863041680,17680,False
222,0.7733809890270233,0.7254,nan,nan,10,28.742048900000007,28.742048899999993,8.0,5000,447344080,447344080,80,99310385760,99310385760,17760,False
223,0.7932172565937042,0.7196,nan,nan,10,28.742048900000007,28.742048899999993,8.0,5000,447344080,447344080,80,99757729840,99757729840,17840,False
224,0.7879585176944732,0.7202,nan,nan,10,28.742048900000007,28.742048899999993,8.0,5000,447344080,447344080,80,100205073920,100205073920,17920,False
225,0.7715512910842895,0.7172,0.7262768311500549,0.7452,10,28.742048900000007,28.742048899999993,8.0,5000,447344080,447344080,80,100652418000,100652418000,18000,False
226,0.8009479748249054,0.709,nan,nan,10,28.742048900000007,28.742048899999993,8.0,5000,447344080,447344080,80,101099762080,101099762080,18080,False
227,0.7523830849647521,0.7326,nan,nan,10,28.742048900000007,28.742048899999993,8.0,5000,447344080,447344080,80,101547106160,101547106160,18160,False
228,0.7672931916713714,0.7294,nan,nan,10,28.742048900000007,28.742048899999993,8.0,5000,447344080,447344080,80,101994450240,101994450240,18240,False
229,0.8003962516307831,0.7144,nan,nan,10,28.742048900000007,28.742048899999993,8.0,5000,447344080,447344080,80,102441794320,102441794320,18320,False
230,0.7819062139511108,0.7278,0.7443998807907104,0.7436,10,28.742048900000007,28.742048899999993,8.0,5000,447344080,447344080,80,102889138400,102889138400,18400,False
231,0.7712058443069458,0.7226,nan,nan,10,28.742048900000007,28.742048899999993,8.0,5000,447344080,447344080,80,103336482480,103336482480,18480,False
232,0.7841230222702026,0.7196,nan,nan,10,28.742048900000007,28.742048899999993,8.0,5000,447344080,447344080,80,103783826560,103783826560,18560,False
233,0.7617362862586975,0.7312,nan,nan,10,28.742048900000007,28.742048899999993,8.0,5000,447344080,447344080,80,104231170640,104231170640,18640,False
234,0.7567918320178986,0.736,nan,nan,10,28.742048900000007,28.742048899999993,8.0,5000,447344080,447344080,80,104678514720,104678514720,18720,False
235,0.7470006250858306,0.7368,0.7513709091186523,0.7423,10,28.742048900000007,28.742048899999993,8.0,5000,447344080,447344080,80,105125858800,105125858800,18800,False
236,0.7700588222503663,0.7332,nan,nan,10,28.742048900000007,28.742048899999993,8.0,5000,447344080,447344080,80,105573202880,105573202880,18880,False
237,0.7971327590942383,0.7168,nan,nan,10,28.742048900000007,28.742048899999993,8.0,5000,447344080,447344080,80,106020546960,106020546960,18960,False
238,0.7778798432826995,0.7256,nan,nan,10,28.742048900000007,28.742048899999993,8.0,5000,447344080,447344080,80,106467891040,106467891040,19040,False
239,0.742078661775589,0.7368,nan,nan,10,28.742048900000007,28.742048899999993,8.0,5000,447344080,447344080,80,106915235120,106915235120,19120,False
240,0.7557279275894165,0.7358,0.7645145328521729,0.7398,10,28.742048900000007,28.742048899999993,8.0,5000,447344080,447344080,80,107362579200,107362579200,19200,False
241,0.7379964787006378,0.7414,nan,nan,10,28.742048900000007,28.742048899999993,8.0,5000,447344080,447344080,80,107809923280,107809923280,19280,False
242,0.7473516236305237,0.7416,nan,nan,10,28.742048900000007,28.742048899999993,8.0,5000,447344080,447344080,80,108257267360,108257267360,19360,False
243,0.7431398275852203,0.738,nan,nan,10,28.742048900000007,28.742048899999993,8.0,5000,447344080,447344080,80,108704611440,108704611440,19440,False
244,0.7815576596736908,0.7248,nan,nan,10,28.742048900000007,28.742048899999993,8.0,5000,447344080,447344080,80,109151955520,109151955520,19520,False
245,0.745667440366745,0.7342,0.713902304649353,0.7496,10,28.742048900000007,28.742048899999993,8.0,5000,447344080,447344080,80,109599299600,109599299600,19600,False
246,0.7502976845979691,0.7312,nan,nan,10,28.742048900000007,28.742048899999993,8.0,5000,447344080,447344080,80,110046643680,110046643680,19680,False
247,0.7255521220207214,0.746,nan,nan,10,28.742048900000007,28.742048899999993,8.0,5000,447344080,447344080,80,110493987760,110493987760,19760,False
248,0.7650148759841919,0.7296,nan,nan,10,28.742048900000007,28.742048899999993,8.0,5000,447344080,447344080,80,110941331840,110941331840,19840,False
249,0.7393540211200714,0.7372,nan,nan,10,28.742048900000007,28.742048899999993,8.0,5000,447344080,447344080,80,111388675920,111388675920,19920,False
250,0.7412030408382416,0.7434,0.7168249157905578,0.7593,10,28.742048900000007,28.742048899999993,8.0,5000,447344080,447344080,80,111836020000,111836020000,20000,False
251,0.7167984308719635,0.7532,nan,nan,10,28.742048900000007,28.742048899999993,8.0,5000,447344080,447344080,80,112283364080,112283364080,20080,False
252,0.7149383271694183,0.749,nan,nan,10,28.742048900000007,28.742048899999993,8.0,5000,447344080,447344080,80,112730708160,112730708160,20160,False
253,0.7044653841972351,0.7496,nan,nan,10,28.742048900000007,28.742048899999993,8.0,5000,447344080,447344080,80,113178052240,113178052240,20240,False
254,0.7372812344551086,0.7396,nan,nan,10,28.742048900000007,28.742048899999993,8.0,5000,447344080,447344080,80,113625396320,113625396320,20320,False
255,0.7389584048271179,0.745,0.7275044214248657,0.7509,10,28.742048900000007,28.742048899999993,8.0,5000,447344080,447344080,80,114072740400,114072740400,20400,False
256,0.7332959939002991,0.7412,nan,nan,10,28.742048900000007,28.742048899999993,8.0,5000,447344080,447344080,80,114520084480,114520084480,20480,False
257,0.711405047416687,0.7564,nan,nan,10,28.742048900000007,28.742048899999993,8.0,5000,447344080,447344080,80,114967428560,114967428560,20560,False
258,0.7241184418201446,0.7452,nan,nan,10,28.742048900000007,28.742048899999993,8.0,5000,447344080,447344080,80,115414772640,115414772640,20640,False
259,0.7321090351581574,0.7496,nan,nan,10,28.742048900000007,28.742048899999993,8.0,5000,447344080,447344080,80,115862116720,115862116720,20720,False
260,0.7203249029636383,0.7504,0.6698930263519287,0.7645,10,28.742048900000007,28.742048899999993,8.0,5000,447344080,447344080,80,116309460800,116309460800,20800,False
261,0.7067038182258606,0.7452,nan,nan,10,28.742048900000007,28.742048899999993,8.0,5000,447344080,447344080,80,116756804880,116756804880,20880,False
262,0.6939058211326599,0.7534,nan,nan,10,28.742048900000007,28.742048899999993,8.0,5000,447344080,447344080,80,117204148960,117204148960,20960,False
263,0.7090107103824616,0.746,nan,nan,10,28.742048900000007,28.742048899999993,8.0,5000,447344080,447344080,80,117651493040,117651493040,21040,False
264,0.7012812587738038,0.7544,nan,nan,10,28.742048900000007,28.742048899999993,8.0,5000,447344080,447344080,80,118098837120,118098837120,21120,False
265,0.7271531444072723,0.7464,0.7190932397842407,0.7485,10,28.742048900000007,28.742048899999993,8.0,5000,447344080,447344080,80,118546181200,118546181200,21200,False
266,0.7024877327442169,0.7554,nan,nan,10,28.742048900000007,28.742048899999993,8.0,5000,447344080,447344080,80,118993525280,118993525280,21280,False
267,0.7351752788066864,0.745,nan,nan,10,28.742048900000007,28.742048899999993,8.0,5000,447344080,447344080,80,119440869360,119440869360,21360,False
268,0.7017067103385926,0.754,nan,nan,10,28.742048900000007,28.742048899999993,8.0,5000,447344080,447344080,80,119888213440,119888213440,21440,False
269,0.6926100855827332,0.7612,nan,nan,10,28.742048900000007,28.742048899999993,8.0,5000,447344080,447344080,80,120335557520,120335557520,21520,False
270,0.717826717376709,0.7508,0.6861894527435303,0.7638,10,28.742048900000007,28.742048899999993,8.0,5000,447344080,447344080,80,120782901600,120782901600,21600,False
271,0.6959782030582428,0.7534,nan,nan,10,28.742048900000007,28.742048899999993,8.0,5000,447344080,447344080,80,121230245680,121230245680,21680,False
272,0.675469008731842,0.7602,nan,nan,10,28.742048900000007,28.742048899999993,8.0,5000,447344080,447344080,80,121677589760,121677589760,21760,False
273,0.7196199036836625,0.752,nan,nan,10,28.742048900000007,28.742048899999993,8.0,5000,447344080,447344080,80,122124933840,122124933840,21840,False
274,0.7167758073806763,0.752,nan,nan,10,28.742048900000007,28.742048899999993,8.0,5000,447344080,447344080,80,122572277920,122572277920,21920,False
275,0.6998350557804107,0.7544,0.689404270362854,0.7627,10,28.742048900000007,28.742048899999993,8.0,5000,447344080,447344080,80,123019622000,123019622000,22000,False
276,0.7011138018608093,0.7558,nan,nan,10,28.742048900000007,28.742048899999993,8.0,5000,447344080,447344080,80,123466966080,123466966080,22080,False
277,0.6980666667461395,0.7544,nan,nan,10,28.742048900000007,28.742048899999993,8.0,5000,447344080,447344080,80,123914310160,123914310160,22160,False
278,0.6956392137527466,0.7576,nan,nan,10,28.742048900000007,28.742048899999993,8.0,5000,447344080,447344080,80,124361654240,124361654240,22240,False
279,0.7028804047107696,0.7518,nan,nan,10,28.742048900000007,28.742048899999993,8.0,5000,447344080,447344080,80,124808998320,124808998320,22320,False
280,0.6708005054473877,0.7648,0.6695383532047272,0.7692,10,28.742048900000007,28.742048899999993,8.0,5000,447344080,447344080,80,125256342400,125256342400,22400,False
281,0.6856011974334717,0.7622,nan,nan,10,28.742048900000007,28.742048899999993,8.0,5000,447344080,447344080,80,125703686480,125703686480,22480,False
282,0.6747255701541901,0.7648,nan,nan,10,28.742048900000007,28.742048899999993,8.0,5000,447344080,447344080,80,126151030560,126151030560,22560,False
283,0.7048555127620697,0.755,nan,nan,10,28.742048900000007,28.742048899999993,8.0,5000,447344080,447344080,80,126598374640,126598374640,22640,False
284,0.6722218856334686,0.7616,nan,nan,10,28.742048900000007,28.742048899999993,8.0,5000,447344080,447344080,80,127045718720,127045718720,22720,False
285,0.6813355523586273,0.7558,0.6599927428245544,0.7721,10,28.742048900000007,28.742048899999993,8.0,5000,447344080,447344080,80,127493062800,127493062800,22800,False
286,0.7001008198261262,0.7514,nan,nan,10,28.742048900000007,28.742048899999993,8.0,5000,447344080,447344080,80,127940406880,127940406880,22880,False
287,0.6980000877857209,0.757,nan,nan,10,28.742048900000007,28.742048899999993,8.0,5000,447344080,447344080,80,128387750960,128387750960,22960,False
288,0.6986319793224335,0.7578,nan,nan,10,28.742048900000007,28.742048899999993,8.0,5000,447344080,447344080,80,128835095040,128835095040,23040,False
289,0.6685313776016235,0.762,nan,nan,10,28.742048900000007,28.742048899999993,8.0,5000,447344080,447344080,80,129282439120,129282439120,23120,False
290,0.6526357619762421,0.7682,0.6301421793460846,0.7833,10,28.742048900000007,28.742048899999993,8.0,5000,447344080,447344080,80,129729783200,129729783200,23200,False
291,0.6701991295337677,0.7606,nan,nan,10,28.742048900000007,28.742048899999993,8.0,5000,447344080,447344080,80,130177127280,130177127280,23280,False
292,0.6805048658847809,0.7576,nan,nan,10,28.742048900000007,28.742048899999993,8.0,5000,447344080,447344080,80,130624471360,130624471360,23360,False
293,0.6535496575355529,0.7752,nan,nan,10,28.742048900000007,28.742048899999993,8.0,5000,447344080,447344080,80,131071815440,131071815440,23440,False
294,0.6502137922763824,0.7674,nan,nan,10,28.742048900000007,28.742048899999993,8.0,5000,447344080,447344080,80,131519159520,131519159520,23520,False
295,0.6683638815402985,0.7662,0.6668491810798645,0.7634,10,28.742048900000007,28.742048899999993,8.0,5000,447344080,447344080,80,131966503600,131966503600,23600,False
296,0.6606034087181092,0.7726,nan,nan,10,28.742048900000007,28.742048899999993,8.0,5000,447344080,447344080,80,132413847680,132413847680,23680,False
297,0.6615342263221741,0.7664,nan,nan,10,28.742048900000007,28.742048899999993,8.0,5000,447344080,447344080,80,132861191760,132861191760,23760,False
298,0.6506011805057526,0.7698,nan,nan,10,28.742048900000007,28.742048899999993,8.0,5000,447344080,447344080,80,133308535840,133308535840,23840,False
299,0.6797391139030456,0.763,nan,nan,10,28.742048900000007,28.742048899999993,8.0,5000,447344080,447344080,80,133755879920,133755879920,23920,False
300,0.6556364107847213,0.7744,0.6900400609970093,0.7656,10,28.742048900000007,28.742048899999993,8.0,5000,447344080,447344080,80,134203224000,134203224000,24000,False
301,0.6548935423851013,0.7716,nan,nan,10,28.742048900000007,28.742048899999993,8.0,5000,447344080,447344080,80,134650568080,134650568080,24080,False
302,0.6283133278846741,0.7858,nan,nan,10,28.742048900000007,28.742048899999993,8.0,5000,447344080,447344080,80,135097912160,135097912160,24160,False
303,0.6495199586868287,0.7744,nan,nan,10,28.742048900000007,28.742048899999993,8.0,5000,447344080,447344080,80,135545256240,135545256240,24240,False
304,0.6593391306400299,0.7692,nan,nan,10,28.742048900000007,28.742048899999993,8.0,5000,447344080,447344080,80,135992600320,135992600320,24320,False
305,0.6636335722446441,0.7618,0.7018916867256164,0.7653,10,28.742048900000007,28.742048899999993,8.0,5000,447344080,447344080,80,136439944400,136439944400,24400,False
306,0.6403728820800781,0.7734,nan,nan,10,28.742048900000007,28.742048899999993,8.0,5000,447344080,447344080,80,136887288480,136887288480,24480,False
307,0.6526520492076874,0.78,nan,nan,10,28.742048900000007,28.742048899999993,8.0,5000,447344080,447344080,80,137334632560,137334632560,24560,False
308,0.6613371803283692,0.7684,nan,nan,10,28.742048900000007,28.742048899999993,8.0,5000,447344080,447344080,80,137781976640,137781976640,24640,False
309,0.6668649733781814,0.767,nan,nan,10,28.742048900000007,28.742048899999993,8.0,5000,447344080,447344080,80,138229320720,138229320720,24720,False
310,0.6631881817340851,0.7688,0.6100639922618866,0.7914,10,28.742048900000007,28.742048899999993,8.0,5000,447344080,447344080,80,138676664800,138676664800,24800,False
311,0.6472887899875641,0.777,nan,nan,10,28.742048900000007,28.742048899999993,8.0,5000,447344080,447344080,80,139124008880,139124008880,24880,False
312,0.6519488032341003,0.7692,nan,nan,10,28.742048900000007,28.742048899999993,8.0,5000,447344080,447344080,80,139571352960,139571352960,24960,False
313,0.6263919063091278,0.7806,nan,nan,10,28.742048900000007,28.742048899999993,8.0,5000,447344080,447344080,80,140018697040,140018697040,25040,False
314,0.6517130911827087,0.7726,nan,nan,10,28.742048900000007,28.742048899999993,8.0,5000,447344080,447344080,80,140466041120,140466041120,25120,False
315,0.6546897000789642,0.7768,0.6476442325592041,0.7793,10,28.742048900000007,28.742048899999993,8.0,5000,447344080,447344080,80,140913385200,140913385200,25200,False
316,0.6192326703548431,0.7836,nan,nan,10,28.742048900000007,28.742048899999993,8.0,5000,447344080,447344080,80,141360729280,141360729280,25280,False
317,0.6343108262777328,0.7758,nan,nan,10,28.742048900000007,28.742048899999993,8.0,5000,447344080,447344080,80,141808073360,141808073360,25360,False
318,0.6426008639812469,0.7788,nan,nan,10,28.742048900000007,28.742048899999993,8.0,5000,447344080,447344080,80,142255417440,142255417440,25440,False
319,0.6234373547554016,0.7802,nan,nan,10,28.742048900000007,28.742048899999993,8.0,5000,447344080,447344080,80,142702761520,142702761520,25520,False
320,0.6673315786838532,0.7658,0.607899303483963,0.7939,10,28.742048900000007,28.742048899999993,8.0,5000,447344080,447344080,80,143150105600,143150105600,25600,False
321,0.678571005153656,0.7652,nan,nan,10,28.742048900000007,28.742048899999993,8.0,5000,447344080,447344080,80,143597449680,143597449680,25680,False
322,0.6559454194784164,0.764,nan,nan,10,28.742048900000007,28.742048899999993,8.0,5000,447344080,447344080,80,144044793760,144044793760,25760,False
323,0.6359099702358246,0.7722,nan,nan,10,28.742048900000007,28.742048899999993,8.0,5000,447344080,447344080,80,144492137840,144492137840,25840,False
324,0.6280227901935578,0.7776,nan,nan,10,28.742048900000007,28.742048899999993,8.0,5000,447344080,447344080,80,144939481920,144939481920,25920,False
325,0.6080003982543946,0.7872,0.6228641314983367,0.7886,10,28.742048900000007,28.742048899999993,8.0,5000,447344080,447344080,80,145386826000,145386826000,26000,False
326,0.63539446849823,0.7766,nan,nan,10,28.742048900000007,28.742048899999993,8.0,5000,447344080,447344080,80,145834170080,145834170080,26080,False
327,0.6272180465221405,0.7884,nan,nan,10,28.742048900000007,28.742048899999993,8.0,5000,447344080,447344080,80,146281514160,146281514160,26160,False
328,0.605790564918518,0.7904,nan,nan,10,28.742048900000007,28.742048899999993,8.0,5000,447344080,447344080,80,146728858240,146728858240,26240,False
329,0.6210801896572113,0.7838,nan,nan,10,28.742048900000007,28.742048899999993,8.0,5000,447344080,447344080,80,147176202320,147176202320,26320,False
330,0.6198791085720062,0.7812,0.6271004312038422,0.7887,10,28.742048900000007,28.742048899999993,8.0,5000,447344080,447344080,80,147623546400,147623546400,26400,False
331,0.6259757817268372,0.7776,nan,nan,10,28.742048900000007,28.742048899999993,8.0,5000,447344080,447344080,80,148070890480,148070890480,26480,False
332,0.5933266854286194,0.7944,nan,nan,10,28.742048900000007,28.742048899999993,8.0,5000,447344080,447344080,80,148518234560,148518234560,26560,False
333,0.6106882346630096,0.7844,nan,nan,10,28.742048900000007,28.742048899999993,8.0,5000,447344080,447344080,80,148965578640,148965578640,26640,False
334,0.5971393028736115,0.787,nan,nan,10,28.742048900000007,28.742048899999993,8.0,5000,447344080,447344080,80,149412922720,149412922720,26720,False
335,0.6070255889415741,0.7864,0.6133912625312805,0.7903,10,28.742048900000007,28.742048899999993,8.0,5000,447344080,447344080,80,149860266800,149860266800,26800,False
336,0.6164754536151886,0.7764,nan,nan,10,28.742048900000007,28.742048899999993,8.0,5000,447344080,447344080,80,150307610880,150307610880,26880,False
337,0.6033988674640656,0.7934,nan,nan,10,28.742048900000007,28.742048899999993,8.0,5000,447344080,447344080,80,150754954960,150754954960,26960,False
338,0.5956595713615418,0.7904,nan,nan,10,28.742048900000007,28.742048899999993,8.0,5000,447344080,447344080,80,151202299040,151202299040,27040,False
339,0.593934277176857,0.7908,nan,nan,10,28.742048900000007,28.742048899999993,8.0,5000,447344080,447344080,80,151649643120,151649643120,27120,False
340,0.5945514141559601,0.7912,0.5964100275993347,0.7937,10,28.742048900000007,28.742048899999993,8.0,5000,447344080,447344080,80,152096987200,152096987200,27200,False
341,0.6219477317094803,0.7856,nan,nan,10,28.742048900000007,28.742048899999993,8.0,5000,447344080,447344080,80,152544331280,152544331280,27280,False
342,0.6357779589653015,0.7838,nan,nan,10,28.742048900000007,28.742048899999993,8.0,5000,447344080,447344080,80,152991675360,152991675360,27360,False
343,0.6116001738548279,0.7878,nan,nan,10,28.742048900000007,28.742048899999993,8.0,5000,447344080,447344080,80,153439019440,153439019440,27440,False
344,0.619078908586502,0.7844,nan,nan,10,28.742048900000007,28.742048899999993,8.0,5000,447344080,447344080,80,153886363520,153886363520,27520,False
345,0.6135187905788422,0.7824,0.613008002948761,0.7898,10,28.742048900000007,28.742048899999993,8.0,5000,447344080,447344080,80,154333707600,154333707600,27600,False
346,0.5834930111408234,0.7918,nan,nan,10,28.742048900000007,28.742048899999993,8.0,5000,447344080,447344080,80,154781051680,154781051680,27680,False
347,0.6270388494491577,0.779,nan,nan,10,28.742048900000007,28.742048899999993,8.0,5000,447344080,447344080,80,155228395760,155228395760,27760,False
348,0.5985801486492157,0.796,nan,nan,10,28.742048900000007,28.742048899999993,8.0,5000,447344080,447344080,80,155675739840,155675739840,27840,False
349,0.6339893101930618,0.7734,nan,nan,10,28.742048900000007,28.742048899999993,8.0,5000,447344080,447344080,80,156123083920,156123083920,27920,False
350,0.6128203409433365,0.787,0.6104397338867188,0.7962,10,28.742048900000007,28.742048899999993,8.0,5000,447344080,447344080,80,156570428000,156570428000,28000,False
351,0.6065043927192688,0.7898,nan,nan,10,28.742048900000007,28.742048899999993,8.0,5000,447344080,447344080,80,157017772080,157017772080,28080,False
352,0.5881459228038788,0.796,nan,nan,10,28.742048900000007,28.742048899999993,8.0,5000,447344080,447344080,80,157465116160,157465116160,28160,False
353,0.5811069761514663,0.7928,nan,nan,10,28.742048900000007,28.742048899999993,8.0,5000,447344080,447344080,80,157912460240,157912460240,28240,False
354,0.5737060852050782,0.806,nan,nan,10,28.742048900000007,28.742048899999993,8.0,5000,447344080,447344080,80,158359804320,158359804320,28320,False
355,0.5719278745412827,0.8014,0.5740235056877137,0.8046,10,28.742048900000007,28.742048899999993,8.0,5000,447344080,447344080,80,158807148400,158807148400,28400,False
356,0.6063725227355957,0.792,nan,nan,10,28.742048900000007,28.742048899999993,8.0,5000,447344080,447344080,80,159254492480,159254492480,28480,False
357,0.5919377086162567,0.795,nan,nan,10,28.742048900000007,28.742048899999993,8.0,5000,447344080,447344080,80,159701836560,159701836560,28560,False
358,0.5866005268335343,0.8002,nan,nan,10,28.742048900000007,28.742048899999993,8.0,5000,447344080,447344080,80,160149180640,160149180640,28640,False
359,0.6070412576198578,0.7894,nan,nan,10,28.742048900000007,28.742048899999993,8.0,5000,447344080,447344080,80,160596524720,160596524720,28720,False
360,0.584843961930275,0.7954,0.667943740940094,0.7766,10,28.742048900000007,28.742048899999993,8.0,5000,447344080,447344080,80,161043868800,161043868800,28800,False
361,0.6071591541767121,0.7882,nan,nan,10,28.742048900000007,28.742048899999993,8.0,5000,447344080,447344080,80,161491212880,161491212880,28880,False
362,0.6042720256567001,0.7868,nan,nan,10,28.742048900000007,28.742048899999993,8.0,5000,447344080,447344080,80,161938556960,161938556960,28960,False
363,0.5761956692695618,0.7936,nan,nan,10,28.742048900000007,28.742048899999993,8.0,5000,447344080,447344080,80,162385901040,162385901040,29040,False
364,0.5563748578310013,0.8034,nan,nan,10,28.742048900000007,28.742048899999993,8.0,5000,447344080,447344080,80,162833245120,162833245120,29120,False
365,0.6352716991424561,0.783,0.626618463563919,0.791,10,28.742048900000007,28.742048899999993,8.0,5000,447344080,447344080,80,163280589200,163280589200,29200,False
366,0.624211945438385,0.7818,nan,nan,10,28.742048900000007,28.742048899999993,8.0,5000,447344080,447344080,80,163727933280,163727933280,29280,False
367,0.577374490237236,0.7976,nan,nan,10,28.742048900000007,28.742048899999993,8.0,5000,447344080,447344080,80,164175277360,164175277360,29360,False
368,0.5898301028251648,0.792,nan,nan,10,28.742048900000007,28.742048899999993,8.0,5000,447344080,447344080,80,164622621440,164622621440,29440,False
369,0.5893402547597885,0.792,nan,nan,10,28.742048900000007,28.742048899999993,8.0,5000,447344080,447344080,80,165069965520,165069965520,29520,False
370,0.5850031697273255,0.7936,0.5999041345596313,0.7917,10,28.742048900000007,28.742048899999993,8.0,5000,447344080,447344080,80,165517309600,165517309600,29600,False
371,0.5623201695442199,0.7996,nan,nan,10,28.742048900000007,28.742048899999993,8.0,5000,447344080,447344080,80,165964653680,165964653680,29680,False
372,0.5803012216806411,0.7968,nan,nan,10,28.742048900000007,28.742048899999993,8.0,5000,447344080,447344080,80,166411997760,166411997760,29760,False
373,0.5780215268611908,0.8016,nan,nan,10,28.742048900000007,28.742048899999993,8.0,5000,447344080,447344080,80,166859341840,166859341840,29840,False
374,0.5742642263889313,0.8018,nan,nan,10,28.742048900000007,28.742048899999993,8.0,5000,447344080,447344080,80,167306685920,167306685920,29920,False
375,0.548700634431839,0.8016,0.5695818778276444,0.8087,10,28.742048900000007,28.742048899999993,8.0,5000,447344080,447344080,80,167754030000,167754030000,30000,False
376,0.5723189079284668,0.7944,nan,nan,10,28.742048900000007,28.742048899999993,8.0,5000,447344080,447344080,80,168201374080,168201374080,30080,False
377,0.5575908309698104,0.8106,nan,nan,10,28.742048900000007,28.742048899999993,8.0,5000,447344080,447344080,80,168648718160,168648718160,30160,False
378,0.5831891312599182,0.7936,nan,nan,10,28.742048900000007,28.742048899999993,8.0,5000,447344080,447344080,80,169096062240,169096062240,30240,False
379,0.5625223274469375,0.8066,nan,nan,10,28.742048900000007,28.742048899999993,8.0,5000,447344080,447344080,80,169543406320,169543406320,30320,False
380,0.5823250004529953,0.795,0.5667732071876526,0.8057,10,28.742048900000007,28.742048899999993,8.0,5000,447344080,447344080,80,169990750400,169990750400,30400,False
381,0.5665615804195404,0.8044,nan,nan,10,28.742048900000007,28.742048899999993,8.0,5000,447344080,447344080,80,170438094480,170438094480,30480,False
382,0.552646582365036,0.8094,nan,nan,10,28.742048900000007,28.742048899999993,8.0,5000,447344080,447344080,80,170885438560,170885438560,30560,False
383,0.5443104474544526,0.814,nan,nan,10,28.742048900000007,28.742048899999993,8.0,5000,447344080,447344080,80,171332782640,171332782640,30640,False
384,0.5613428416490555,0.8052,nan,nan,10,28.742048900000007,28.742048899999993,8.0,5000,447344080,447344080,80,171780126720,171780126720,30720,False
385,0.5804084668636322,0.8024,0.6099706137657166,0.7973,10,28.742048900000007,28.742048899999993,8.0,5000,447344080,447344080,80,172227470800,172227470800,30800,False
386,0.5893999231338501,0.792,nan,nan,10,28.742048900000007,28.742048899999993,8.0,5000,447344080,447344080,80,172674814880,172674814880,30880,False
387,0.5876210136413574,0.788,nan,nan,10,28.742048900000007,28.742048899999993,8.0,5000,447344080,447344080,80,173122158960,173122158960,30960,False
388,0.5673438965082168,0.8026,nan,nan,10,28.742048900000007,28.742048899999993,8.0,5000,447344080,447344080,80,173569503040,173569503040,31040,False
389,0.553114203453064,0.8092,nan,nan,10,28.742048900000007,28.742048899999993,8.0,5000,447344080,447344080,80,174016847120,174016847120,31120,False
390,0.5593435653924942,0.8106,0.5506311795234681,0.8131,10,28.742048900000007,28.742048899999993,8.0,5000,447344080,447344080,80,174464191200,174464191200,31200,False
391,0.5812786288022995,0.7974,nan,nan,10,28.742048900000007,28.742048899999993,8.0,5000,447344080,447344080,80,174911535280,174911535280,31280,False
392,0.5877065818309783,0.7924,nan,nan,10,28.742048900000007,28.742048899999993,8.0,5000,447344080,447344080,80,175358879360,175358879360,31360,False
393,0.5725865600824356,0.7994,nan,nan,10,28.742048900000007,28.742048899999993,8.0,5000,447344080,447344080,80,175806223440,175806223440,31440,False
394,0.5711184272527695,0.802,nan,nan,10,28.742048900000007,28.742048899999993,8.0,5000,447344080,447344080,80,176253567520,176253567520,31520,False
395,0.5609011375904083,0.807,0.529015946149826,0.8174,10,28.742048900000007,28.742048899999993,8.0,5000,447344080,447344080,80,176700911600,176700911600,31600,False
396,0.5439423546075821,0.8116,nan,nan,10,28.742048900000007,28.742048899999993,8.0,5000,447344080,447344080,80,177148255680,177148255680,31680,False
397,0.5395685641288758,0.8082,nan,nan,10,28.742048900000007,28.742048899999993,8.0,5000,447344080,447344080,80,177595599760,177595599760,31760,False
398,0.5484369976520538,0.8134,nan,nan,10,28.742048900000007,28.742048899999993,8.0,5000,447344080,447344080,80,178042943840,178042943840,31840,False
399,0.534178306055069,0.8082,nan,nan,10,28.742048900000007,28.742048899999993,8.0,5000,447344080,447344080,80,178490287920,178490287920,31920,False
400,0.5714191205501556,0.7986,0.5690128938674927,0.8107,10,28.742048900000007,28.742048899999993,8.0,5000,447344080,447344080,80,178937632000,178937632000,32000,False
401,0.5701134536743164,0.8,nan,nan,10,28.742048900000007,28.742048899999993,8.0,5000,447344080,447344080,80,179384976080,179384976080,32080,False
402,0.5345385007858277,0.8124,nan,nan,10,28.742048900000007,28.742048899999993,8.0,5000,447344080,447344080,80,179832320160,179832320160,32160,False
403,0.5398332154989243,0.8174,nan,nan,10,28.742048900000007,28.742048899999993,8.0,5000,447344080,447344080,80,180279664240,180279664240,32240,False
404,0.5154685039281846,0.8262,nan,nan,10,28.742048900000007,28.742048899999993,8.0,5000,447344080,447344080,80,180727008320,180727008320,32320,False
405,0.541919024515152,0.8112,0.5540804310798645,0.8141,10,28.742048900000007,28.742048899999993,8.0,5000,447344080,447344080,80,181174352400,181174352400,32400,False
406,0.5333621166467667,0.81,nan,nan,10,28.742048900000007,28.742048899999993,8.0,5000,447344080,447344080,80,181621696480,181621696480,32480,False
407,0.522114399933815,0.8182,nan,nan,10,28.742048900000007,28.742048899999993,8.0,5000,447344080,447344080,80,182069040560,182069040560,32560,False
408,0.5491335005521775,0.808,nan,nan,10,28.742048900000007,28.742048899999993,8.0,5000,447344080,447344080,80,182516384640,182516384640,32640,False
409,0.5453027387857438,0.8142,nan,nan,10,28.742048900000007,28.742048899999993,8.0,5000,447344080,447344080,80,182963728720,182963728720,32720,False
410,0.5035544956684113,0.827,0.5542242588996887,0.8127,10,28.742048900000007,28.742048899999993,8.0,5000,447344080,447344080,80,183411072800,183411072800,32800,False
411,0.5150874622821808,0.8228,nan,nan,10,28.742048900000007,28.742048899999993,8.0,5000,447344080,447344080,80,183858416880,183858416880,32880,False
412,0.5028182617664337,0.823,nan,nan,10,28.742048900000007,28.742048899999993,8.0,5000,447344080,447344080,80,184305760960,184305760960,32960,False
413,0.5679880534648896,0.7914,nan,nan,10,28.742048900000007,28.742048899999993,8.0,5000,447344080,447344080,80,184753105040,184753105040,33040,False
414,0.5445302849054336,0.8094,nan,nan,10,28.742048900000007,28.742048899999993,8.0,5000,447344080,447344080,80,185200449120,185200449120,33120,False
415,0.5089722098827362,0.823,0.5644922792434692,0.8166,10,28.742048900000007,28.742048899999993,8.0,5000,447344080,447344080,80,185647793200,185647793200,33200,False
416,0.5203984956741333,0.8142,nan,nan,10,28.742048900000007,28.742048899999993,8.0,5000,447344080,447344080,80,186095137280,186095137280,33280,False
417,0.507738052368164,0.8272,nan,nan,10,28.742048900000007,28.742048899999993,8.0,5000,447344080,447344080,80,186542481360,186542481360,33360,False
418,0.5565665196418762,0.8086,nan,nan,10,28.742048900000007,28.742048899999993,8.0,5000,447344080,447344080,80,186989825440,186989825440,33440,False
419,0.5229186134815216,0.8116,nan,nan,10,28.742048900000007,28.742048899999993,8.0,5000,447344080,447344080,80,187437169520,187437169520,33520,False
420,0.5306345473051071,0.8092,0.5499935517311096,0.8144,10,28.742048900000007,28.742048899999993,8.0,5000,447344080,447344080,80,187884513600,187884513600,33600,False
421,0.5233561063051224,0.8186,nan,nan,10,28.742048900000007,28.742048899999993,8.0,5000,447344080,447344080,80,188331857680,188331857680,33680,False
422,0.532286340713501,0.812,nan,nan,10,28.742048900000007,28.742048899999993,8.0,5000,447344080,447344080,80,188779201760,188779201760,33760,False
423,0.49960689225196836,0.8262,nan,nan,10,28.742048900000007,28.742048899999993,8.0,5000,447344080,447344080,80,189226545840,189226545840,33840,False
424,0.511133847284317,0.8228,nan,nan,10,28.742048900000007,28.742048899999993,8.0,5000,447344080,447344080,80,189673889920,189673889920,33920,False
425,0.4988957893848419,0.83,0.513956951379776,0.8248,10,28.742048900000007,28.742048899999993,8.0,5000,447344080,447344080,80,190121234000,190121234000,34000,False
426,0.5091631622552871,0.8242,nan,nan,10,28.742048900000007,28.742048899999993,8.0,5000,447344080,447344080,80,190568578080,190568578080,34080,False
427,0.5112742542743682,0.8254,nan,nan,10,28.742048900000007,28.742048899999993,8.0,5000,447344080,447344080,80,191015922160,191015922160,34160,False
428,0.5577308792591095,0.8076,nan,nan,10,28.742048900000007,28.742048899999993,8.0,5000,447344080,447344080,80,191463266240,191463266240,34240,False
429,0.5183973974466324,0.818,nan,nan,10,28.742048900000007,28.742048899999993,8.0,5000,447344080,447344080,80,191910610320,191910610320,34320,False
430,0.5169837003469467,0.8164,0.5369251189708709,0.8177,10,28.742048900000007,28.742048899999993,8.0,5000,447344080,447344080,80,192357954400,192357954400,34400,False
431,0.532740427517891,0.8054,nan,nan,10,28.742048900000007,28.742048899999993,8.0,5000,447344080,447344080,80,192805298480,192805298480,34480,False
432,0.5067096073150634,0.823,nan,nan,10,28.742048900000007,28.742048899999993,8.0,5000,447344080,447344080,80,193252642560,193252642560,34560,False
433,0.5177939856290817,0.823,nan,nan,10,28.742048900000007,28.742048899999993,8.0,5000,447344080,447344080,80,193699986640,193699986640,34640,False
434,0.5399193820476532,0.8132,nan,nan,10,28.742048900000007,28.742048899999993,8.0,5000,447344080,447344080,80,194147330720,194147330720,34720,False
435,0.5108536566495896,0.8174,0.5767614877462387,0.8083,10,28.742048900000007,28.742048899999993,8.0,5000,447344080,447344080,80,194594674800,194594674800,34800,False
436,0.5201903087139129,0.825,nan,nan,10,28.742048900000007,28.742048899999993,8.0,5000,447344080,447344080,80,195042018880,195042018880,34880,False
437,0.5150229908943176,0.8202,nan,nan,10,28.742048900000007,28.742048899999993,8.0,5000,447344080,447344080,80,195489362960,195489362960,34960,False
438,0.5101925103664399,0.8258,nan,nan,10,28.742048900000007,28.742048899999993,8.0,5000,447344080,447344080,80,195936707040,195936707040,35040,False
439,0.4989049515962601,0.8298,nan,nan,10,28.742048900000007,28.742048899999993,8.0,5000,447344080,447344080,80,196384051120,196384051120,35120,False
440,0.5065188594818115,0.8236,0.5466745313644409,0.8171,10,28.742048900000007,28.742048899999993,8.0,5000,447344080,447344080,80,196831395200,196831395200,35200,False
441,0.5093521159172059,0.8226,nan,nan,10,28.742048900000007,28.742048899999993,8.0,5000,447344080,447344080,80,197278739280,197278739280,35280,False
442,0.5162942388057709,0.8166,nan,nan,10,28.742048900000007,28.742048899999993,8.0,5000,447344080,447344080,80,197726083360,197726083360,35360,False
443,0.5665283257246018,0.8002,nan,nan,10,28.742048900000007,28.742048899999993,8.0,5000,447344080,447344080,80,198173427440,198173427440,35440,False
444,0.5307124990701675,0.8148,nan,nan,10,28.742048900000007,28.742048899999993,8.0,5000,447344080,447344080,80,198620771520,198620771520,35520,False
445,0.5200559777975082,0.82,0.5307877676963806,0.8186,10,28.742048900000007,28.742048899999993,8.0,5000,447344080,447344080,80,199068115600,199068115600,35600,False
446,0.5144118914842606,0.8164,nan,nan,10,28.742048900000007,28.742048899999993,8.0,5000,447344080,447344080,80,199515459680,199515459680,35680,False
447,0.518912557554245,0.8136,nan,nan,10,28.742048900000007,28.742048899999993,8.0,5000,447344080,447344080,80,199962803760,199962803760,35760,False
448,0.5185542287826538,0.8138,nan,nan,10,28.742048900000007,28.742048899999993,8.0,5000,447344080,447344080,80,200410147840,200410147840,35840,False
449,0.5373460618019104,0.8148,nan,nan,10,28.742048900000007,28.742048899999993,8.0,5000,447344080,447344080,80,200857491920,200857491920,35920,False
450,0.4819526872396469,0.8366,0.5911686563491821,0.8097,10,28.742048900000007,28.742048899999993,8.0,5000,447344080,447344080,80,201304836000,201304836000,36000,False
451,0.49552044048309324,0.8282,nan,nan,10,28.742048900000007,28.742048899999993,8.0,5000,447344080,447344080,80,201752180080,201752180080,36080,False
452,0.5221003367185593,0.8182,nan,nan,10,28.742048900000007,28.742048899999993,8.0,5000,447344080,447344080,80,202199524160,202199524160,36160,False
453,0.5262311447143555,0.8144,nan,nan,10,28.742048900000007,28.742048899999993,8.0,5000,447344080,447344080,80,202646868240,202646868240,36240,False
454,0.5051984980106353,0.8292,nan,nan,10,28.742048900000007,28.742048899999993,8.0,5000,447344080,447344080,80,203094212320,203094212320,36320,False
455,0.5061506310939788,0.8294,0.5933672867774963,0.7987,10,28.742048900000007,28.742048899999993,8.0,5000,447344080,447344080,80,203541556400,203541556400,36400,False
456,0.4866806274414063,0.828,nan,nan,10,28.742048900000007,28.742048899999993,8.0,5000,447344080,447344080,80,203988900480,203988900480,36480,False
457,0.5113878028869628,0.818,nan,nan,10,28.742048900000007,28.742048899999993,8.0,5000,447344080,447344080,80,204436244560,204436244560,36560,False
458,0.5026346648216248,0.8266,nan,nan,10,28.742048900000007,28.742048899999993,8.0,5000,447344080,447344080,80,204883588640,204883588640,36640,False
459,0.5193357907772064,0.8196,nan,nan,10,28.742048900000007,28.742048899999993,8.0,5000,447344080,447344080,80,205330932720,205330932720,36720,False
460,0.48973541568517687,0.8262,0.5455095243930816,0.8173,10,28.742048900000007,28.742048899999993,8.0,5000,447344080,447344080,80,205778276800,205778276800,36800,False
461,0.47499530515670774,0.8366,nan,nan,10,28.742048900000007,28.742048899999993,8.0,5000,447344080,447344080,80,206225620880,206225620880,36880,False
462,0.5098593643426895,0.8198,nan,nan,10,28.742048900000007,28.742048899999993,8.0,5000,447344080,447344080,80,206672964960,206672964960,36960,False
463,0.48220324075222015,0.8284,nan,nan,10,28.742048900000007,28.742048899999993,8.0,5000,447344080,447344080,80,207120309040,207120309040,37040,False
464,0.5043738500595093,0.825,nan,nan,10,28.742048900000007,28.742048899999993,8.0,5000,447344080,447344080,80,207567653120,207567653120,37120,False
465,0.5137838640928268,0.8224,0.5345860791683197,0.8209,10,28.742048900000007,28.742048899999993,8.0,5000,447344080,447344080,80,208014997200,208014997200,37200,False
466,0.5006181467533112,0.8272,nan,nan,10,28.742048900000007,28.742048899999993,8.0,5000,447344080,447344080,80,208462341280,208462341280,37280,False
467,0.4876130925178528,0.8318,nan,nan,10,28.742048900000007,28.742048899999993,8.0,5000,447344080,447344080,80,208909685360,208909685360,37360,False
468,0.49404437918663024,0.83,nan,nan,10,28.742048900000007,28.742048899999993,8.0,5000,447344080,447344080,80,209357029440,209357029440,37440,False
469,0.49764079380035403,0.8332,nan,nan,10,28.742048900000007,28.742048899999993,8.0,5000,447344080,447344080,80,209804373520,209804373520,37520,False
470,0.47722340037822725,0.8304,0.5237603457450867,0.824,10,28.742048900000007,28.742048899999993,8.0,5000,447344080,447344080,80,210251717600,210251717600,37600,False
471,0.5143315094947815,0.8244,nan,nan,10,28.742048900000007,28.742048899999993,8.0,5000,447344080,447344080,80,210699061680,210699061680,37680,False
472,0.4893636782646179,0.8258,nan,nan,10,28.742048900000007,28.742048899999993,8.0,5000,447344080,447344080,80,211146405760,211146405760,37760,False
473,0.4852036988735199,0.8336,nan,nan,10,28.742048900000007,28.742048899999993,8.0,5000,447344080,447344080,80,211593749840,211593749840,37840,False
474,0.501109333372116,0.8262,nan,nan,10,28.742048900000007,28.742048899999993,8.0,5000,447344080,447344080,80,212041093920,212041093920,37920,False
475,0.5034272630453109,0.823,0.5111973320007325,0.8272,10,28.742048900000007,28.742048899999993,8.0,5000,447344080,447344080,80,212488438000,212488438000,38000,False
476,0.48549465527534486,0.8286,nan,nan,10,28.742048900000007,28.742048899999993,8.0,5000,447344080,447344080,80,212935782080,212935782080,38080,False
477,0.48552605798244475,0.8234,nan,nan,10,28.742048900000007,28.742048899999993,8.0,5000,447344080,447344080,80,213383126160,213383126160,38160,False
478,0.48063420145511626,0.8342,nan,nan,10,28.742048900000007,28.742048899999993,8.0,5000,447344080,447344080,80,213830470240,213830470240,38240,False
479,0.4994982889413834,0.8342,nan,nan,10,28.742048900000007,28.742048899999993,8.0,5000,447344080,447344080,80,214277814320,214277814320,38320,False
480,0.5089345935821533,0.8292,0.5292053513050079,0.8245,10,28.742048900000007,28.742048899999993,8.0,5000,447344080,447344080,80,214725158400,214725158400,38400,False
481,0.48488318049907686,0.8234,nan,nan,10,28.742048900000007,28.742048899999993,8.0,5000,447344080,447344080,80,215172502480,215172502480,38480,False
482,0.49448838634490966,0.8256,nan,nan,10,28.742048900000007,28.742048899999993,8.0,5000,447344080,447344080,80,215619846560,215619846560,38560,False
483,0.4974037618160248,0.8262,nan,nan,10,28.742048900000007,28.742048899999993,8.0,5000,447344080,447344080,80,216067190640,216067190640,38640,False
484,0.45823622930049895,0.8368,nan,nan,10,28.742048900000007,28.742048899999993,8.0,5000,447344080,447344080,80,216514534720,216514534720,38720,False
485,0.4803942625284195,0.834,0.4851877519607544,0.8378,10,28.742048900000007,28.742048899999993,8.0,5000,447344080,447344080,80,216961878800,216961878800,38800,False
486,0.5102464177370072,0.8216,nan,nan,10,28.742048900000007,28.742048899999993,8.0,5000,447344080,447344080,80,217409222880,217409222880,38880,False
487,0.49042850749492645,0.8306,nan,nan,10,28.742048900000007,28.742048899999993,8.0,5000,447344080,447344080,80,217856566960,217856566960,38960,False
488,0.47552514731884005,0.8364,nan,nan,10,28.742048900000007,28.742048899999993,8.0,5000,447344080,447344080,80,218303911040,218303911040,39040,False
489,0.4671233424663544,0.834,nan,nan,10,28.742048900000007,28.742048899999993,8.0,5000,447344080,447344080,80,218751255120,218751255120,39120,False
490,0.4516880896568298,0.8472,0.5328515742301941,0.8274,10,28.742048900000007,28.742048899999993,8.0,5000,447344080,447344080,80,219198599200,219198599200,39200,False
491,0.4805956755638123,0.832,nan,nan,10,28.742048900000007,28.742048899999993,8.0,5000,447344080,447344080,80,219645943280,219645943280,39280,False
492,0.4799679507732391,0.8332,nan,nan,10,28.742048900000007,28.742048899999993,8.0,5000,447344080,447344080,80,220093287360,220093287360,39360,False
493,0.44443427035808564,0.845,nan,nan,10,28.742048900000007,28.742048899999993,8.0,5000,447344080,447344080,80,220540631440,220540631440,39440,False
494,0.4685231559276581,0.8344,nan,nan,10,28.742048900000007,28.742048899999993,8.0,5000,447344080,447344080,80,220987975520,220987975520,39520,False
495,0.4725304181575775,0.8376,0.501569146156311,0.8279,10,28.742048900000007,28.742048899999993,8.0,5000,447344080,447344080,80,221435319600,221435319600,39600,False
496,0.4738158469438553,0.8346,nan,nan,10,28.742048900000007,28.742048899999993,8.0,5000,447344080,447344080,80,221882663680,221882663680,39680,False
497,0.46056368625164035,0.8382,nan,nan,10,28.742048900000007,28.742048899999993,8.0,5000,447344080,447344080,80,222330007760,222330007760,39760,False
498,0.4673324167251587,0.835,nan,nan,10,28.742048900000007,28.742048899999993,8.0,5000,447344080,447344080,80,222777351840,222777351840,39840,False
499,0.47837955100536345,0.834,nan,nan,10,28.742048900000007,28.742048899999993,8.0,5000,447344080,447344080,80,223224695920,223224695920,39920,False
500,0.49139630737304685,0.8258,0.4929917305469513,0.8327,10,28.742048900000007,28.742048899999993,8.0,5000,447344080,447344080,80,223672040000,223672040000,40000,True
